Header Size:	 79	 
Pulse Version:	 80	 
Running Pulse Version:	PULSE LabShop  Version 21.0.0.671 - 2017-10-20	 
Decimal Symbol:	.	 
Date Format:	yyyy-MM-dd	 
Time Format:	HH:mm:ss:mmm	 
Data Type:	Real	 
Slice:	False	 
Z-Axis type:	Linear	 
Z-Axis size:	1	 
Z-Axis unit:	 	 
Z-Axis first value:	 0.0000000000e+000	 
Z-Axis delta:	 1.0000000000e+000	 
X-Axis type:	Linear	 
X-Axis size:	2048	 
X-Axis unit:	s	 
X-Axis first value:	 0.0000000000e+000	 
X-Axis delta:	 4.8828125000e-004	 
	 	 
AmplitudeUnit:	m/s^2	 
Analyzer:	FFT_Spectrum_Averaging	 
AnalyzerName:	FFT	 
	 	 
	 	 
Bipolar:	True	 
CenterFrequency:	 4.0000000000e+002	 
	 	 
	 	 
	 	 
	 	 
	 	 
	 	 
	 	 
	 	 
Domain:	0	 
Function:	Time	 
	 	 
InputRange:	 1.0000000000e+002	 
	 	 
	 	 
MultiBufferName:	Input	 
NBW:	 1.5000000000e+000	 
	 	 
OverlapFailed:	False	 
	 	 
Power:	False	 
PowerUnit:	(m/s^2)^2	 
	 	 
RecordLength:	 1.0000000000e+000	 
	 	 
	 	 
	 	 
	 	 
	 	 
	 	 
SamplingRatio:	 2.5600000000e+000	 
Signal:	Acc_1_x	 
	 	 
SignalUnit:	m/s^2	 
	 	 
	 	 
	 	 
Title:	Time(Acc_1_x)	 
Title1:	Working : 1mVpp : Input : FFT	 
	 	 
	 	 
Weight:	0	 
ZoomOn:	False	 
	 	 
TemplateName:	Working	 
MeasurementName:	1mVpp	 
MeasurementSlice:	False	 
	 	 
	 	 
	 	 
EnvelopeOn:	False	 
	 	 
	 	 
	 	 
Z-index:	 	1
Date:	 	2025-03-07
Time:	 	17:02:05:603
Relative time:	 	 0.00000e+000
Z-axis:	 	 0.0000000000e+000
1	 0.0000000000e+000	 1.00304e-002
2	 4.8828125000e-004	 1.18702e-002
3	 9.7656250000e-004	 8.17919e-003
4	 1.4648437500e-003	 4.59543e-004
5	 1.9531250000e-003	-8.28716e-003
6	 2.4414062500e-003	-1.57868e-002
7	 2.9296875000e-003	-1.84510e-002
8	 3.4179687500e-003	-1.35580e-002
9	 3.9062500000e-003	-3.74563e-003
10	 4.3945312500e-003	 5.92031e-003
11	 4.8828125000e-003	 1.28510e-002
12	 5.3710937500e-003	 1.26445e-002
13	 5.8593750000e-003	 9.14005e-003
14	 6.3476562500e-003	 4.76585e-003
15	 6.8359375000e-003	-2.00046e-003
16	 7.3242187500e-003	-6.09363e-003
17	 7.8125000000e-003	-6.19052e-003
18	 8.3007812500e-003	-4.74804e-003
19	 8.7890625000e-003	-3.03675e-003
20	 9.2773437500e-003	-1.37541e-003
21	 9.7656250000e-003	-1.56880e-003
22	 1.0253906250e-002	-2.33041e-003
23	 1.0742187500e-002	-3.74173e-003
24	 1.1230468750e-002	-5.12899e-003
25	 1.1718750000e-002	-2.09586e-003
26	 1.2207031250e-002	 9.84597e-004
27	 1.2695312500e-002	 1.43365e-003
28	 1.3183593750e-002	-1.23521e-003
29	 1.3671875000e-002	-6.16459e-003
30	 1.4160156250e-002	-1.04365e-002
31	 1.4648437500e-002	-1.31681e-002
32	 1.5136718750e-002	-1.31034e-002
33	 1.5625000000e-002	-7.52720e-003
34	 1.6113281250e-002	 2.23383e-003
35	 1.6601562500e-002	 9.67126e-003
36	 1.7089843750e-002	 1.18919e-002
37	 1.7578125000e-002	 9.81211e-003
38	 1.8066406250e-002	 1.87929e-003
39	 1.8554687500e-002	-8.74392e-003
40	 1.9042968750e-002	-1.54593e-002
41	 1.9531250000e-002	-1.97137e-002
42	 2.0019531250e-002	-1.51236e-002
43	 2.0507812500e-002	-2.63808e-003
44	 2.0996093750e-002	 7.19286e-003
45	 2.1484375000e-002	 1.51201e-002
46	 2.1972656250e-002	 1.56471e-002
47	 2.2460937500e-002	 1.10580e-002
48	 2.2949218750e-002	 5.16531e-003
49	 2.3437500000e-002	-2.25726e-003
50	 2.3925781250e-002	-6.89893e-003
51	 2.4414062500e-002	-7.47646e-003
52	 2.4902343750e-002	-3.78151e-003
53	 2.5390625000e-002	-1.03349e-003
54	 2.5878906250e-002	-9.81556e-004
55	 2.6367187500e-002	-2.50131e-003
56	 2.6855468750e-002	-4.70816e-003
57	 2.7343750000e-002	-5.03512e-003
58	 2.7832031250e-002	-4.64746e-003
59	 2.8320312500e-002	-1.02750e-003
60	 2.8808593750e-002	 4.97389e-003
61	 2.9296875000e-002	 6.22333e-003
62	 2.9785156250e-002	 3.85538e-003
63	 3.0273437500e-002	-2.28094e-003
64	 3.0761718750e-002	-9.15531e-003
65	 3.1250000000e-002	-1.26226e-002
66	 3.1738281250e-002	-1.52251e-002
67	 3.2226562500e-002	-1.25277e-002
68	 3.2714843750e-002	-3.63133e-003
69	 3.3203125000e-002	 5.24136e-003
70	 3.3691406250e-002	 9.78978e-003
71	 3.4179687500e-002	 9.31829e-003
72	 3.4667968750e-002	 3.71663e-003
73	 3.5156250000e-002	-6.44697e-003
74	 3.5644531250e-002	-1.42145e-002
75	 3.6132812500e-002	-1.70934e-002
76	 3.6621093750e-002	-1.35521e-002
77	 3.7109375000e-002	-3.50829e-003
78	 3.7597656250e-002	 5.87843e-003
79	 3.8085937500e-002	 1.19271e-002
80	 3.8574218750e-002	 1.29063e-002
81	 3.9062500000e-002	 9.84638e-003
82	 3.9550781250e-002	 4.29470e-003
83	 4.0039062500e-002	-1.73518e-003
84	 4.0527343750e-002	-5.58113e-003
85	 4.1015625000e-002	-5.86998e-003
86	 4.1503906250e-002	-1.92673e-003
87	 4.1992187500e-002	 3.16272e-003
88	 4.2480468750e-002	 5.40395e-003
89	 4.2968750000e-002	 2.45877e-003
90	 4.3457031250e-002	-1.01219e-003
91	 4.3945312500e-002	-3.20538e-003
92	 4.4433593750e-002	-5.00763e-003
93	 4.4921875000e-002	-3.97150e-003
94	 4.5410156250e-002	 3.76059e-005
95	 4.5898437500e-002	 2.98937e-003
96	 4.6386718750e-002	 1.97519e-003
97	 4.6875000000e-002	-6.81275e-004
98	 4.7363281250e-002	-4.62755e-003
99	 4.7851562500e-002	-6.77945e-003
100	 4.8339843750e-002	-4.87044e-003
101	 4.8828125000e-002	-2.26994e-003
102	 4.9316406250e-002	 3.05108e-003
103	 4.9804687500e-002	 8.17963e-003
104	 5.0292968750e-002	 9.49936e-003
105	 5.0781250000e-002	 9.08048e-003
106	 5.1269531250e-002	 4.84693e-003
107	 5.1757812500e-002	-4.02405e-003
108	 5.2246093750e-002	-1.23394e-002
109	 5.2734375000e-002	-1.36075e-002
110	 5.3222656250e-002	-8.81796e-003
111	 5.3710937500e-002	-4.05578e-004
112	 5.4199218750e-002	 8.20567e-003
113	 5.4687500000e-002	 1.40990e-002
114	 5.5175781250e-002	 1.53851e-002
115	 5.5664062500e-002	 1.32228e-002
116	 5.6152343750e-002	 8.94868e-003
117	 5.6640625000e-002	 3.59995e-004
118	 5.7128906250e-002	-3.94477e-003
119	 5.7617187500e-002	-3.04958e-003
120	 5.8105468750e-002	-1.55854e-003
121	 5.8593750000e-002	 1.13860e-003
122	 5.9082031250e-002	 1.74706e-003
123	 5.9570312500e-002	 1.16192e-004
124	 6.0058593750e-002	-2.07834e-004
125	 6.0546875000e-002	 2.59605e-004
126	 6.1035156250e-002	-9.85918e-004
127	 6.1523437500e-002	-5.57802e-004
128	 6.2011718750e-002	 7.59141e-004
129	 6.2500000000e-002	 2.10503e-003
130	 6.2988281250e-002	 4.86712e-004
131	 6.3476562500e-002	-5.47458e-003
132	 6.3964843750e-002	-1.16525e-002
133	 6.4453125000e-002	-1.32367e-002
134	 6.4941406250e-002	-1.00637e-002
135	 6.5429687500e-002	-7.41208e-003
136	 6.5917968750e-002	 5.86609e-004
137	 6.6406250000e-002	 1.00895e-002
138	 6.6894531250e-002	 1.33132e-002
139	 6.7382812500e-002	 1.33801e-002
140	 6.7871093750e-002	 8.04747e-003
141	 6.8359375000e-002	-2.55831e-003
142	 6.8847656250e-002	-1.17515e-002
143	 6.9335937500e-002	-1.79475e-002
144	 6.9824218750e-002	-1.64763e-002
145	 7.0312500000e-002	-5.51771e-003
146	 7.0800781250e-002	 6.08987e-003
147	 7.1289062500e-002	 1.44967e-002
148	 7.1777343750e-002	 1.82577e-002
149	 7.2265625000e-002	 1.46170e-002
150	 7.2753906250e-002	 9.45757e-003
151	 7.3242187500e-002	 2.91229e-003
152	 7.3730468750e-002	-3.21448e-003
153	 7.4218750000e-002	-3.72636e-003
154	 7.4707031250e-002	-2.69525e-003
155	 7.5195312500e-002	-1.19534e-003
156	 7.5683593750e-002	-9.06213e-005
157	 7.6171875000e-002	 3.41797e-005
158	 7.6660156250e-002	-1.98608e-003
159	 7.7148437500e-002	-3.83584e-003
160	 7.7636718750e-002	-3.39327e-003
161	 7.8125000000e-002	-1.94405e-003
162	 7.8613281250e-002	 3.57898e-003
163	 7.9101562500e-002	 8.27235e-003
164	 7.9589843750e-002	 7.63862e-003
165	 8.0078125000e-002	 3.16438e-003
166	 8.0566406250e-002	-5.61521e-003
167	 8.1054687500e-002	-1.13544e-002
168	 8.1542968750e-002	-1.38741e-002
169	 8.2031250000e-002	-1.41612e-002
170	 8.2519531250e-002	-7.02012e-003
171	 8.3007812500e-002	 2.91568e-003
172	 8.3496093750e-002	 1.14652e-002
173	 8.3984375000e-002	 1.37099e-002
174	 8.4472656250e-002	 8.10257e-003
175	 8.4960937500e-002	-6.50861e-004
176	 8.5449218750e-002	-9.15496e-003
177	 8.5937500000e-002	-1.50573e-002
178	 8.6425781250e-002	-1.68772e-002
179	 8.6914062500e-002	-1.08934e-002
180	 8.7402343750e-002	-1.09479e-003
181	 8.7890625000e-002	 6.86589e-003
182	 8.8378906250e-002	 1.19871e-002
183	 8.8867187500e-002	 1.15183e-002
184	 8.9355468750e-002	 7.03268e-003
185	 8.9843750000e-002	 2.19003e-003
186	 9.0332031250e-002	-2.06482e-003
187	 9.0820312500e-002	-3.66453e-003
188	 9.1308593750e-002	-2.88073e-003
189	 9.1796875000e-002	-1.92160e-003
190	 9.2285156250e-002	-1.50828e-003
191	 9.2773437500e-002	-1.69417e-003
192	 9.3261718750e-002	-2.71590e-003
193	 9.3750000000e-002	-4.11498e-003
194	 9.4238281250e-002	-5.98348e-003
195	 9.4726562500e-002	-4.79555e-003
196	 9.5214843750e-002	 1.09798e-003
197	 9.5703125000e-002	 4.46132e-003
198	 9.6191406250e-002	 3.00735e-003
199	 9.6679687500e-002	 1.81490e-004
200	 9.7167968750e-002	-5.41566e-003
201	 9.7656250000e-002	-8.91880e-003
202	 9.8144531250e-002	-8.42483e-003
203	 9.8632812500e-002	-6.70868e-003
204	 9.9121093750e-002	-9.59467e-004
205	 9.9609375000e-002	 7.25525e-003
206	 1.0009765625e-001	 1.21992e-002
207	 1.0058593750e-001	 1.12940e-002
208	 1.0107421875e-001	 5.69959e-003
209	 1.0156250000e-001	-4.04433e-003
210	 1.0205078125e-001	-1.22667e-002
211	 1.0253906250e-001	-1.59711e-002
212	 1.0302734375e-001	-1.46651e-002
213	 1.0351562500e-001	-6.33644e-003
214	 1.0400390625e-001	 4.28336e-003
215	 1.0449218750e-001	 1.30508e-002
216	 1.0498046875e-001	 1.62360e-002
217	 1.0546875000e-001	 1.30412e-002
218	 1.0595703125e-001	 8.90018e-003
219	 1.0644531250e-001	 3.24283e-003
220	 1.0693359375e-001	-3.22299e-003
221	 1.0742187500e-001	-5.31074e-003
222	 1.0791015625e-001	-3.66203e-003
223	 1.0839843750e-001	-2.10235e-003
224	 1.0888671875e-001	-1.38353e-003
225	 1.0937500000e-001	-1.72898e-004
226	 1.0986328125e-001	-1.44494e-003
227	 1.1035156250e-001	-3.67694e-003
228	 1.1083984375e-001	-3.87836e-003
229	 1.1132812500e-001	-1.83015e-003
230	 1.1181640625e-001	 2.33579e-003
231	 1.1230468750e-001	 4.42829e-003
232	 1.1279296875e-001	 2.76301e-003
233	 1.1328125000e-001	-2.77127e-003
234	 1.1376953125e-001	-9.21341e-003
235	 1.1425781250e-001	-1.35845e-002
236	 1.1474609375e-001	-1.55362e-002
237	 1.1523437500e-001	-1.29567e-002
238	 1.1572265625e-001	-5.50159e-003
239	 1.1621093750e-001	 5.03570e-003
240	 1.1669921875e-001	 1.28117e-002
241	 1.1718750000e-001	 1.52283e-002
242	 1.1767578125e-001	 1.12757e-002
243	 1.1816406250e-001	 2.41513e-004
244	 1.1865234375e-001	-1.15756e-002
245	 1.1914062500e-001	-1.81700e-002
246	 1.1962890625e-001	-1.94952e-002
247	 1.2011718750e-001	-1.16871e-002
248	 1.2060546875e-001	 1.48897e-003
249	 1.2109375000e-001	 1.23376e-002
250	 1.2158203125e-001	 1.92274e-002
251	 1.2207031250e-001	 1.78786e-002
252	 1.2255859375e-001	 1.22523e-002
253	 1.2304687500e-001	 6.04792e-003
254	 1.2353515625e-001	-1.60040e-003
255	 1.2402343750e-001	-6.01275e-003
256	 1.2451171875e-001	-5.39692e-003
257	 1.2500000000e-001	-3.73424e-003
258	 1.2548828125e-001	-1.54980e-003
259	 1.2597656250e-001	 7.88047e-004
260	 1.2646484375e-001	 1.63158e-004
261	 1.2695312500e-001	-2.15428e-003
262	 1.2744140625e-001	-2.97382e-003
263	 1.2792968750e-001	-2.55272e-003
264	 1.2841796875e-001	 9.91259e-004
265	 1.2890625000e-001	 5.81554e-003
266	 1.2939453125e-001	 7.02588e-003
267	 1.2988281250e-001	 4.68632e-003
268	 1.3037109375e-001	-2.29227e-004
269	 1.3085937500e-001	-5.83481e-003
270	 1.3134765625e-001	-9.06280e-003
271	 1.3183593750e-001	-1.05160e-002
272	 1.3232421875e-001	-5.91214e-003
273	 1.3281250000e-001	 3.63697e-003
274	 1.3330078125e-001	 9.04021e-003
275	 1.3378906250e-001	 1.15151e-002
276	 1.3427734375e-001	 9.91888e-003
277	 1.3476562500e-001	 1.78396e-003
278	 1.3525390625e-001	-5.39287e-003
279	 1.3574218750e-001	-1.11263e-002
280	 1.3623046875e-001	-1.43619e-002
281	 1.3671875000e-001	-9.61804e-003
282	 1.3720703125e-001	-3.44618e-004
283	 1.3769531250e-001	 8.60389e-003
284	 1.3818359375e-001	 1.45889e-002
285	 1.3867187500e-001	 1.52012e-002
286	 1.3916015625e-001	 1.05408e-002
287	 1.3964843750e-001	 4.67611e-003
288	 1.4013671875e-001	-8.21171e-004
289	 1.4062500000e-001	-3.76402e-003
290	 1.4111328125e-001	-2.19690e-003
291	 1.4160156250e-001	 1.20443e-004
292	 1.4208984375e-001	 9.98209e-004
293	 1.4257812500e-001	 1.23360e-003
294	 1.4306640625e-001	-3.11602e-004
295	 1.4355468750e-001	-2.99513e-003
296	 1.4404296875e-001	-3.35476e-003
297	 1.4453125000e-001	-3.38464e-003
298	 1.4501953125e-001	-1.14891e-004
299	 1.4550781250e-001	 4.31395e-003
300	 1.4599609375e-001	 4.38078e-003
301	 1.4648437500e-001	 2.90806e-003
302	 1.4697265625e-001	-2.23111e-003
303	 1.4746093750e-001	-6.56044e-003
304	 1.4794921875e-001	-7.06170e-003
305	 1.4843750000e-001	-6.36639e-003
306	 1.4892578125e-001	-1.06756e-003
307	 1.4941406250e-001	 7.29872e-003
308	 1.4990234375e-001	 1.30570e-002
309	 1.5039062500e-001	 1.48170e-002
310	 1.5087890625e-001	 1.14863e-002
311	 1.5136718750e-001	 2.48729e-003
312	 1.5185546875e-001	-6.30969e-003
313	 1.5234375000e-001	-1.31571e-002
314	 1.5283203125e-001	-1.59151e-002
315	 1.5332031250e-001	-9.56157e-003
316	 1.5380859375e-001	 2.03921e-003
317	 1.5429687500e-001	 1.19091e-002
318	 1.5478515625e-001	 1.61450e-002
319	 1.5527343750e-001	 1.57193e-002
320	 1.5576171875e-001	 1.14213e-002
321	 1.5625000000e-001	 5.32283e-003
322	 1.5673828125e-001	-1.46104e-003
323	 1.5722656250e-001	-5.51692e-003
324	 1.5771484375e-001	-3.61047e-003
325	 1.5820312500e-001	-5.11713e-004
326	 1.5869140625e-001	 2.53810e-003
327	 1.5917968750e-001	 2.44646e-003
328	 1.5966796875e-001	-8.16774e-004
329	 1.6015625000e-001	-2.31007e-003
330	 1.6064453125e-001	-2.98434e-003
331	 1.6113281250e-001	-2.06941e-003
332	 1.6162109375e-001	 1.43424e-003
333	 1.6210937500e-001	 6.40037e-003
334	 1.6259765625e-001	 7.47831e-003
335	 1.6308593750e-001	 4.62354e-003
336	 1.6357421875e-001	-1.91911e-003
337	 1.6406250000e-001	-9.42045e-003
338	 1.6455078125e-001	-1.22092e-002
339	 1.6503906250e-001	-1.34055e-002
340	 1.6552734375e-001	-9.41653e-003
341	 1.6601562500e-001	-5.97649e-004
342	 1.6650390625e-001	 8.31060e-003
343	 1.6699218750e-001	 1.42733e-002
344	 1.6748046875e-001	 1.31073e-002
345	 1.6796875000e-001	 5.77901e-003
346	 1.6845703125e-001	-3.34175e-003
347	 1.6894531250e-001	-1.19370e-002
348	 1.6943359375e-001	-1.62462e-002
349	 1.6992187500e-001	-1.29565e-002
350	 1.7041015625e-001	-4.39752e-003
351	 1.7089843750e-001	 4.81597e-003
352	 1.7138671875e-001	 1.14937e-002
353	 1.7187500000e-001	 1.35498e-002
354	 1.7236328125e-001	 1.17824e-002
355	 1.7285156250e-001	 8.81622e-003
356	 1.7333984375e-001	 2.92898e-003
357	 1.7382812500e-001	-1.94610e-003
358	 1.7431640625e-001	-3.06781e-003
359	 1.7480468750e-001	-2.83548e-003
360	 1.7529296875e-001	-7.98635e-004
361	 1.7578125000e-001	 1.24649e-003
362	 1.7626953125e-001	 6.62712e-004
363	 1.7675781250e-001	-1.33291e-003
364	 1.7724609375e-001	-2.32037e-003
365	 1.7773437500e-001	-2.63112e-003
366	 1.7822265625e-001	 2.23928e-004
367	 1.7871093750e-001	 5.88665e-003
368	 1.7919921875e-001	 7.99955e-003
369	 1.7968750000e-001	 6.95060e-003
370	 1.8017578125e-001	 2.77078e-003
371	 1.8066406250e-001	-3.55700e-003
372	 1.8115234375e-001	-7.83037e-003
373	 1.8164062500e-001	-9.73947e-003
374	 1.8212890625e-001	-7.92270e-003
375	 1.8261718750e-001	-2.08572e-003
376	 1.8310546875e-001	 5.56615e-003
377	 1.8359375000e-001	 1.10723e-002
378	 1.8408203125e-001	 9.53958e-003
379	 1.8457031250e-001	 5.23599e-003
380	 1.8505859375e-001	-2.76401e-003
381	 1.8554687500e-001	-1.11089e-002
382	 1.8603515625e-001	-1.30244e-002
383	 1.8652343750e-001	-9.81448e-003
384	 1.8701171875e-001	-1.06745e-003
385	 1.8750000000e-001	 8.45714e-003
386	 1.8798828125e-001	 1.51719e-002
387	 1.8847656250e-001	 1.59842e-002
388	 1.8896484375e-001	 1.17769e-002
389	 1.8945312500e-001	 8.01400e-003
390	 1.8994140625e-001	 1.31381e-003
391	 1.9042968750e-001	-3.59781e-003
392	 1.9091796875e-001	-3.22703e-003
393	 1.9140625000e-001	-2.09623e-003
394	 1.9189453125e-001	-1.05306e-003
395	 1.9238281250e-001	 2.29624e-004
396	 1.9287109375e-001	 8.45439e-005
397	 1.9335937500e-001	-2.28252e-003
398	 1.9384765625e-001	-3.54420e-003
399	 1.9433593750e-001	-5.23315e-003
400	 1.9482421875e-001	-3.36087e-003
401	 1.9531250000e-001	 3.69750e-003
402	 1.9580078125e-001	 5.61117e-003
403	 1.9628906250e-001	 3.07812e-003
404	 1.9677734375e-001	 5.09069e-004
405	 1.9726562500e-001	-5.23118e-003
406	 1.9775390625e-001	-1.04784e-002
407	 1.9824218750e-001	-1.09658e-002
408	 1.9873046875e-001	-7.16835e-003
409	 1.9921875000e-001	 1.11614e-003
410	 1.9970703125e-001	 1.01645e-002
411	 2.0019531250e-001	 1.54508e-002
412	 2.0068359375e-001	 1.54454e-002
413	 2.0117187500e-001	 7.39061e-003
414	 2.0166015625e-001	-4.66834e-003
415	 2.0214843750e-001	-1.32262e-002
416	 2.0263671875e-001	-1.78875e-002
417	 2.0312500000e-001	-1.60698e-002
418	 2.0361328125e-001	-5.48227e-003
419	 2.0410156250e-001	 6.05592e-003
420	 2.0458984375e-001	 1.49803e-002
421	 2.0507812500e-001	 1.86954e-002
422	 2.0556640625e-001	 1.31395e-002
423	 2.0605468750e-001	 7.14750e-003
424	 2.0654296875e-001	 1.07834e-003
425	 2.0703125000e-001	-4.96194e-003
426	 2.0751953125e-001	-4.56277e-003
427	 2.0800781250e-001	-2.52577e-003
428	 2.0849609375e-001	 3.32100e-004
429	 2.0898437500e-001	 2.31670e-003
430	 2.0947265625e-001	 8.47734e-004
431	 2.0996093750e-001	-8.70415e-004
432	 2.1044921875e-001	-2.65731e-003
433	 2.1093750000e-001	-3.43628e-003
434	 2.1142578125e-001	-1.48675e-003
435	 2.1191406250e-001	 3.18833e-003
436	 2.1240234375e-001	 6.85191e-003
437	 2.1289062500e-001	 4.49478e-003
438	 2.1337890625e-001	-4.58441e-004
439	 2.1386718750e-001	-6.69925e-003
440	 2.1435546875e-001	-1.16899e-002
441	 2.1484375000e-001	-1.29516e-002
442	 2.1533203125e-001	-1.02944e-002
443	 2.1582031250e-001	-2.49001e-003
444	 2.1630859375e-001	 6.03584e-003
445	 2.1679687500e-001	 1.24258e-002
446	 2.1728515625e-001	 1.26185e-002
447	 2.1777343750e-001	 7.93725e-003
448	 2.1826171875e-001	 4.22312e-005
449	 2.1875000000e-001	-1.02716e-002
450	 2.1923828125e-001	-1.47990e-002
451	 2.1972656250e-001	-1.52482e-002
452	 2.2021484375e-001	-8.80047e-003
453	 2.2070312500e-001	 3.36738e-003
454	 2.2119140625e-001	 1.17102e-002
455	 2.2167968750e-001	 1.56036e-002
456	 2.2216796875e-001	 1.35401e-002
457	 2.2265625000e-001	 9.59628e-003
458	 2.2314453125e-001	 3.85038e-003
459	 2.2363281250e-001	-2.42748e-003
460	 2.2412109375e-001	-4.85269e-003
461	 2.2460937500e-001	-4.74773e-003
462	 2.2509765625e-001	-8.23838e-004
463	 2.2558593750e-001	 2.14438e-003
464	 2.2607421875e-001	 1.74108e-003
465	 2.2656250000e-001	 4.24200e-004
466	 2.2705078125e-001	-9.78857e-004
467	 2.2753906250e-001	-2.25990e-003
468	 2.2802734375e-001	-1.50908e-003
469	 2.2851562500e-001	 3.92056e-003
470	 2.2900390625e-001	 6.89189e-003
471	 2.2949218750e-001	 5.80085e-003
472	 2.2998046875e-001	 3.00421e-003
473	 2.3046875000e-001	-3.08899e-003
474	 2.3095703125e-001	-6.38188e-003
475	 2.3144531250e-001	-7.71932e-003
476	 2.3193359375e-001	-8.43018e-003
477	 2.3242187500e-001	-2.43027e-003
478	 2.3291015625e-001	 5.73952e-003
479	 2.3339843750e-001	 1.23427e-002
480	 2.3388671875e-001	 1.38016e-002
481	 2.3437500000e-001	 8.67938e-003
482	 2.3486328125e-001	-2.71503e-004
483	 2.3535156250e-001	-1.02013e-002
484	 2.3583984375e-001	-1.42358e-002
485	 2.3632812500e-001	-1.40808e-002
486	 2.3681640625e-001	-7.35106e-003
487	 2.3730468750e-001	 5.57434e-003
488	 2.3779296875e-001	 1.33330e-002
489	 2.3828125000e-001	 1.63361e-002
490	 2.3876953125e-001	 1.54922e-002
491	 2.3925781250e-001	 1.14714e-002
492	 2.3974609375e-001	 5.70811e-003
493	 2.4023437500e-001	-6.41647e-004
494	 2.4072265625e-001	-1.88467e-003
495	 2.4121093750e-001	-1.14826e-003
496	 2.4169921875e-001	 1.82686e-004
497	 2.4218750000e-001	 1.45280e-003
498	 2.4267578125e-001	-1.94567e-004
499	 2.4316406250e-001	-1.86834e-003
500	 2.4365234375e-001	-3.05090e-003
501	 2.4414062500e-001	-2.61334e-003
502	 2.4462890625e-001	-2.82020e-004
503	 2.4511718750e-001	 3.24446e-003
504	 2.4560546875e-001	 5.84933e-003
505	 2.4609375000e-001	 4.98003e-003
506	 2.4658203125e-001	 2.41447e-003
507	 2.4707031250e-001	-4.28621e-003
508	 2.4755859375e-001	-1.10133e-002
509	 2.4804687500e-001	-1.08986e-002
510	 2.4853515625e-001	-8.64870e-003
511	 2.4902343750e-001	-2.24337e-003
512	 2.4951171875e-001	 7.49698e-003
513	 2.5000000000e-001	 1.31180e-002
514	 2.5048828125e-001	 1.44566e-002
515	 2.5097656250e-001	 1.23924e-002
516	 2.5146484375e-001	 3.13539e-003
517	 2.5195312500e-001	-8.28221e-003
518	 2.5244140625e-001	-1.49222e-002
519	 2.5292968750e-001	-1.74503e-002
520	 2.5341796875e-001	-1.10573e-002
521	 2.5390625000e-001	 2.07312e-003
522	 2.5439453125e-001	 1.24122e-002
523	 2.5488281250e-001	 1.77484e-002
524	 2.5537109375e-001	 1.77617e-002
525	 2.5585937500e-001	 1.43665e-002
526	 2.5634765625e-001	 7.24598e-003
527	 2.5683593750e-001	-6.73748e-004
528	 2.5732421875e-001	-2.99484e-003
529	 2.5781250000e-001	-1.51553e-003
530	 2.5830078125e-001	 6.96490e-004
531	 2.5878906250e-001	 3.11000e-003
532	 2.5927734375e-001	 2.11863e-003
533	 2.5976562500e-001	-6.05115e-004
534	 2.6025390625e-001	-9.81287e-004
535	 2.6074218750e-001	-2.28301e-003
536	 2.6123046875e-001	-1.84646e-003
537	 2.6171875000e-001	 2.92139e-003
538	 2.6220703125e-001	 7.40584e-003
539	 2.6269531250e-001	 7.91383e-003
540	 2.6318359375e-001	 5.37783e-003
541	 2.6367187500e-001	-2.07259e-003
542	 2.6416015625e-001	-9.77976e-003
543	 2.6464843750e-001	-1.07475e-002
544	 2.6513671875e-001	-1.11009e-002
545	 2.6562500000e-001	-5.84805e-003
546	 2.6611328125e-001	 4.70839e-003
547	 2.6660156250e-001	 1.12824e-002
548	 2.6708984375e-001	 1.43046e-002
549	 2.6757812500e-001	 1.15672e-002
550	 2.6806640625e-001	 3.25114e-003
551	 2.6855468750e-001	-6.20208e-003
552	 2.6904296875e-001	-1.28963e-002
553	 2.6953125000e-001	-1.54956e-002
554	 2.7001953125e-001	-1.12224e-002
555	 2.7050781250e-001	 2.58650e-004
556	 2.7099609375e-001	 9.76758e-003
557	 2.7148437500e-001	 1.41322e-002
558	 2.7197265625e-001	 1.44679e-002
559	 2.7246093750e-001	 1.22276e-002
560	 2.7294921875e-001	 6.18990e-003
561	 2.7343750000e-001	-3.80756e-004
562	 2.7392578125e-001	-2.52036e-003
563	 2.7441406250e-001	-2.48508e-003
564	 2.7490234375e-001	-3.98974e-004
565	 2.7539062500e-001	 1.54271e-003
566	 2.7587890625e-001	 2.21997e-003
567	 2.7636718750e-001	 9.88777e-004
568	 2.7685546875e-001	-9.22110e-004
569	 2.7734375000e-001	-2.28634e-003
570	 2.7783203125e-001	-3.09346e-003
571	 2.7832031250e-001	-4.35325e-004
572	 2.7880859375e-001	 4.11529e-003
573	 2.7929687500e-001	 5.28991e-003
574	 2.7978515625e-001	 3.48079e-003
575	 2.8027343750e-001	-2.80167e-005
576	 2.8076171875e-001	-5.77997e-003
577	 2.8125000000e-001	-8.79144e-003
578	 2.8173828125e-001	-9.08027e-003
579	 2.8222656250e-001	-6.87715e-003
580	 2.8271484375e-001	 1.35146e-004
581	 2.8320312500e-001	 8.90163e-003
582	 2.8369140625e-001	 1.24287e-002
583	 2.8417968750e-001	 7.80643e-003
584	 2.8466796875e-001	 7.03715e-005
585	 2.8515625000e-001	-7.03901e-003
586	 2.8564453125e-001	-1.25383e-002
587	 2.8613281250e-001	-1.49732e-002
588	 2.8662109375e-001	-8.64912e-003
589	 2.8710937500e-001	 2.03448e-003
590	 2.8759765625e-001	 1.04416e-002
591	 2.8808593750e-001	 1.40386e-002
592	 2.8857421875e-001	 1.17687e-002
593	 2.8906250000e-001	 9.49335e-003
594	 2.8955078125e-001	 5.27005e-003
595	 2.9003906250e-001	-1.45367e-003
596	 2.9052734375e-001	-4.02972e-003
597	 2.9101562500e-001	-3.88099e-003
598	 2.9150390625e-001	-1.43484e-003
599	 2.9199218750e-001	-6.18819e-004
600	 2.9248046875e-001	-1.09277e-003
601	 2.9296875000e-001	-2.53068e-003
602	 2.9345703125e-001	-5.46066e-003
603	 2.9394531250e-001	-6.20231e-003
604	 2.9443359375e-001	-6.22793e-003
605	 2.9492187500e-001	-3.25797e-003
606	 2.9541015625e-001	 1.91176e-003
607	 2.9589843750e-001	 2.95999e-003
608	 2.9638671875e-001	 8.65583e-004
609	 2.9687500000e-001	-3.91775e-003
610	 2.9736328125e-001	-9.73379e-003
611	 2.9785156250e-001	-1.21336e-002
612	 2.9833984375e-001	-1.27616e-002
613	 2.9882812500e-001	-8.45741e-003
614	 2.9931640625e-001	 1.06250e-004
615	 2.9980468750e-001	 8.73664e-003
616	 3.0029296875e-001	 1.33674e-002
617	 3.0078125000e-001	 1.06942e-002
618	 3.0126953125e-001	 3.02120e-003
619	 3.0175781250e-001	-6.91060e-003
620	 3.0224609375e-001	-1.38399e-002
621	 3.0273437500e-001	-1.76375e-002
622	 3.0322265625e-001	-1.43870e-002
623	 3.0371093750e-001	-4.35253e-003
624	 3.0419921875e-001	 6.21726e-003
625	 3.0468750000e-001	 1.25562e-002
626	 3.0517578125e-001	 1.34986e-002
627	 3.0566406250e-001	 1.01725e-002
628	 3.0615234375e-001	 4.68559e-003
629	 3.0664062500e-001	 1.02365e-004
630	 3.0712890625e-001	-5.05518e-003
631	 3.0761718750e-001	-3.82430e-003
632	 3.0810546875e-001	-2.82194e-004
633	 3.0859375000e-001	 2.11695e-003
634	 3.0908203125e-001	 4.13572e-003
635	 3.0957031250e-001	 6.98657e-004
636	 3.1005859375e-001	-3.92282e-003
637	 3.1054687500e-001	-8.05819e-003
638	 3.1103515625e-001	-9.04767e-003
639	 3.1152343750e-001	-4.29163e-003
640	 3.1201171875e-001	 2.19449e-003
641	 3.1250000000e-001	 5.70998e-003
642	 3.1298828125e-001	 4.75215e-003
643	 3.1347656250e-001	 5.29256e-004
644	 3.1396484375e-001	-5.12060e-003
645	 3.1445312500e-001	-1.01453e-002
646	 3.1494140625e-001	-1.32057e-002
647	 3.1542968750e-001	-1.01474e-002
648	 3.1591796875e-001	-2.36850e-003
649	 3.1640625000e-001	 4.60974e-003
650	 3.1689453125e-001	 9.63538e-003
651	 3.1738281250e-001	 9.68880e-003
652	 3.1787109375e-001	 3.20990e-003
653	 3.1835937500e-001	-5.89169e-003
654	 3.1884765625e-001	-1.18005e-002
655	 3.1933593750e-001	-1.49436e-002
656	 3.1982421875e-001	-1.31834e-002
657	 3.2031250000e-001	-3.16140e-003
658	 3.2080078125e-001	 6.03907e-003
659	 3.2128906250e-001	 1.26324e-002
660	 3.2177734375e-001	 1.40314e-002
661	 3.2226562500e-001	 9.55127e-003
662	 3.2275390625e-001	 4.56004e-003
663	 3.2324218750e-001	-1.45098e-003
664	 3.2373046875e-001	-6.41794e-003
665	 3.2421875000e-001	-7.02266e-003
666	 3.2470703125e-001	-4.10851e-003
667	 3.2519531250e-001	-1.59917e-003
668	 3.2568359375e-001	 1.78003e-005
669	 3.2617187500e-001	 9.44391e-004
670	 3.2666015625e-001	 6.86135e-004
671	 3.2714843750e-001	-3.17873e-004
672	 3.2763671875e-001	-2.32482e-003
673	 3.2812500000e-001	-8.01596e-004
674	 3.2861328125e-001	 2.92722e-003
675	 3.2910156250e-001	 4.56081e-003
676	 3.2958984375e-001	 4.02720e-003
677	 3.3007812500e-001	-1.06078e-003
678	 3.3056640625e-001	-6.25548e-003
679	 3.3105468750e-001	-7.45372e-003
680	 3.3154296875e-001	-7.61575e-003
681	 3.3203125000e-001	-6.48541e-003
682	 3.3251953125e-001	-2.07440e-004
683	 3.3300781250e-001	 7.01143e-003
684	 3.3349609375e-001	 1.03742e-002
685	 3.3398437500e-001	 1.05236e-002
686	 3.3447265625e-001	 5.04103e-003
687	 3.3496093750e-001	-4.90934e-003
688	 3.3544921875e-001	-1.22682e-002
689	 3.3593750000e-001	-1.45727e-002
690	 3.3642578125e-001	-1.22438e-002
691	 3.3691406250e-001	-2.27528e-003
692	 3.3740234375e-001	 9.24392e-003
693	 3.3789062500e-001	 1.59513e-002
694	 3.3837890625e-001	 1.89735e-002
695	 3.3886718750e-001	 1.55081e-002
696	 3.3935546875e-001	 7.66455e-003
697	 3.3984375000e-001	 5.70151e-004
698	 3.4033203125e-001	-5.98272e-003
699	 3.4082031250e-001	-6.21187e-003
700	 3.4130859375e-001	-1.47264e-003
701	 3.4179687500e-001	 1.11636e-003
702	 3.4228515625e-001	 2.13289e-003
703	 3.4277343750e-001	 1.81949e-003
704	 3.4326171875e-001	 1.47955e-004
705	 3.4375000000e-001	-4.85671e-004
706	 3.4423828125e-001	-1.15522e-003
707	 3.4472656250e-001	 4.85178e-004
708	 3.4521484375e-001	 4.79856e-003
709	 3.4570312500e-001	 5.91914e-003
710	 3.4619140625e-001	 3.38515e-003
711	 3.4667968750e-001	-2.39654e-003
712	 3.4716796875e-001	-8.16827e-003
713	 3.4765625000e-001	-1.12324e-002
714	 3.4814453125e-001	-1.22255e-002
715	 3.4863281250e-001	-8.60202e-003
716	 3.4912109375e-001	-1.02476e-004
717	 3.4960937500e-001	 9.55112e-003
718	 3.5009765625e-001	 1.53858e-002
719	 3.5058593750e-001	 1.52671e-002
720	 3.5107421875e-001	 9.84545e-003
721	 3.5156250000e-001	 5.02568e-004
722	 3.5205078125e-001	-9.09224e-003
723	 3.5253906250e-001	-1.56962e-002
724	 3.5302734375e-001	-1.41612e-002
725	 3.5351562500e-001	-6.73022e-003
726	 3.5400390625e-001	 3.07403e-003
727	 3.5449218750e-001	 1.21364e-002
728	 3.5498046875e-001	 1.49248e-002
729	 3.5546875000e-001	 1.49003e-002
730	 3.5595703125e-001	 1.22294e-002
731	 3.5644531250e-001	 6.60578e-003
732	 3.5693359375e-001	 1.31622e-003
733	 3.5742187500e-001	-8.30367e-004
734	 3.5791015625e-001	-1.31103e-004
735	 3.5839843750e-001	 1.99793e-003
736	 3.5888671875e-001	 5.39938e-003
737	 3.5937500000e-001	 4.53906e-003
738	 3.5986328125e-001	 3.51306e-004
739	 3.6035156250e-001	-1.62070e-003
740	 3.6083984375e-001	-1.70525e-003
741	 3.6132812500e-001	-5.01399e-004
742	 3.6181640625e-001	 4.51972e-003
743	 3.6230468750e-001	 8.88894e-003
744	 3.6279296875e-001	 8.81070e-003
745	 3.6328125000e-001	 5.42686e-003
746	 3.6376953125e-001	-2.60454e-003
747	 3.6425781250e-001	-8.17306e-003
748	 3.6474609375e-001	-8.38947e-003
749	 3.6523437500e-001	-6.54549e-003
750	 3.6572265625e-001	-2.52710e-003
751	 3.6621093750e-001	 6.42448e-003
752	 3.6669921875e-001	 1.35720e-002
753	 3.6718750000e-001	 1.33949e-002
754	 3.6767578125e-001	 1.08628e-002
755	 3.6816406250e-001	 4.30943e-003
756	 3.6865234375e-001	-4.79567e-003
757	 3.6914062500e-001	-1.04658e-002
758	 3.6962890625e-001	-1.10025e-002
759	 3.7011718750e-001	-5.53568e-003
760	 3.7060546875e-001	 3.89039e-003
761	 3.7109375000e-001	 1.17476e-002
762	 3.7158203125e-001	 1.37636e-002
763	 3.7207031250e-001	 1.12940e-002
764	 3.7255859375e-001	 8.74780e-003
765	 3.7304687500e-001	 4.38772e-003
766	 3.7353515625e-001	-1.53833e-003
767	 3.7402343750e-001	-2.59428e-003
768	 3.7451171875e-001	-1.15195e-003
769	 3.7500000000e-001	-7.64524e-004
770	 3.7548828125e-001	 1.47267e-003
771	 3.7597656250e-001	 3.17813e-003
772	 3.7646484375e-001	 1.38995e-003
773	 3.7695312500e-001	-1.14479e-003
774	 3.7744140625e-001	-2.23173e-003
775	 3.7792968750e-001	-2.45943e-003
776	 3.7841796875e-001	 1.12900e-003
777	 3.7890625000e-001	 5.17049e-003
778	 3.7939453125e-001	 4.87874e-003
779	 3.7988281250e-001	 3.35697e-003
780	 3.8037109375e-001	-8.36366e-004
781	 3.8085937500e-001	-5.48696e-003
782	 3.8134765625e-001	-6.23446e-003
783	 3.8183593750e-001	-4.78901e-003
784	 3.8232421875e-001	 6.07958e-005
785	 3.8281250000e-001	 5.98713e-003
786	 3.8330078125e-001	 1.15848e-002
787	 3.8378906250e-001	 1.37471e-002
788	 3.8427734375e-001	 7.84618e-003
789	 3.8476562500e-001	-4.36760e-004
790	 3.8525390625e-001	-7.53642e-003
791	 3.8574218750e-001	-1.33060e-002
792	 3.8623046875e-001	-1.29338e-002
793	 3.8671875000e-001	-5.46138e-003
794	 3.8720703125e-001	 4.02078e-003
795	 3.8769531250e-001	 1.33995e-002
796	 3.8818359375e-001	 1.81299e-002
797	 3.8867187500e-001	 1.55984e-002
798	 3.8916015625e-001	 1.04989e-002
799	 3.8964843750e-001	 5.23202e-003
800	 3.9013671875e-001	-5.70457e-004
801	 3.9062500000e-001	-2.59438e-003
802	 3.9111328125e-001	 1.67743e-003
803	 3.9160156250e-001	 3.83852e-003
804	 3.9208984375e-001	 3.40282e-003
805	 3.9257812500e-001	 1.74361e-003
806	 3.9306640625e-001	-1.91650e-003
807	 3.9355468750e-001	-3.29979e-003
808	 3.9404296875e-001	-3.80421e-003
809	 3.9453125000e-001	-2.45833e-003
810	 3.9501953125e-001	 2.12030e-003
811	 3.9550781250e-001	 6.26045e-003
812	 3.9599609375e-001	 5.69345e-003
813	 3.9648437500e-001	 2.76062e-003
814	 3.9697265625e-001	-2.73969e-003
815	 3.9746093750e-001	-9.43314e-003
816	 3.9794921875e-001	-1.10458e-002
817	 3.9843750000e-001	-9.72444e-003
818	 3.9892578125e-001	-3.45550e-003
819	 3.9941406250e-001	 5.66283e-003
820	 3.9990234375e-001	 1.19540e-002
821	 4.0039062500e-001	 1.33855e-002
822	 4.0087890625e-001	 7.92678e-003
823	 4.0136718750e-001	-5.80992e-004
824	 4.0185546875e-001	-9.51548e-003
825	 4.0234375000e-001	-1.47808e-002
826	 4.0283203125e-001	-1.48767e-002
827	 4.0332031250e-001	-8.84107e-003
828	 4.0380859375e-001	 2.38702e-003
829	 4.0429687500e-001	 1.05694e-002
830	 4.0478515625e-001	 1.52125e-002
831	 4.0527343750e-001	 1.54333e-002
832	 4.0576171875e-001	 1.05213e-002
833	 4.0625000000e-001	 4.01809e-003
834	 4.0673828125e-001	-2.22682e-003
835	 4.0722656250e-001	-4.96962e-003
836	 4.0771484375e-001	-3.30243e-003
837	 4.0820312500e-001	 7.06911e-004
838	 4.0869140625e-001	 3.39849e-003
839	 4.0917968750e-001	 3.10988e-003
840	 4.0966796875e-001	 1.69000e-003
841	 4.1015625000e-001	-1.25287e-003
842	 4.1064453125e-001	-4.11237e-003
843	 4.1113281250e-001	-5.05464e-003
844	 4.1162109375e-001	-1.35356e-003
845	 4.1210937500e-001	 2.45758e-003
846	 4.1259765625e-001	 3.01274e-003
847	 4.1308593750e-001	 1.25780e-003
848	 4.1357421875e-001	-3.27913e-003
849	 4.1406250000e-001	-5.61753e-003
850	 4.1455078125e-001	-7.34392e-003
851	 4.1503906250e-001	-8.61313e-003
852	 4.1552734375e-001	-5.32061e-003
853	 4.1601562500e-001	 1.88559e-003
854	 4.1650390625e-001	 8.57574e-003
855	 4.1699218750e-001	 1.13396e-002
856	 4.1748046875e-001	 1.04595e-002
857	 4.1796875000e-001	 2.09307e-003
858	 4.1845703125e-001	-8.05374e-003
859	 4.1894531250e-001	-1.29283e-002
860	 4.1943359375e-001	-1.49873e-002
861	 4.1992187500e-001	-1.06669e-002
862	 4.2041015625e-001	-3.98694e-004
863	 4.2089843750e-001	 8.81824e-003
864	 4.2138671875e-001	 1.38903e-002
865	 4.2187500000e-001	 1.36602e-002
866	 4.2236328125e-001	 1.01804e-002
867	 4.2285156250e-001	 5.61036e-003
868	 4.2333984375e-001	-4.52117e-004
869	 4.2382812500e-001	-4.86944e-003
870	 4.2431640625e-001	-5.12879e-003
871	 4.2480468750e-001	-2.82017e-003
872	 4.2529296875e-001	 4.27369e-004
873	 4.2578125000e-001	 1.12373e-003
874	 4.2626953125e-001	-8.28911e-004
875	 4.2675781250e-001	-1.10413e-003
876	 4.2724609375e-001	-1.29963e-003
877	 4.2773437500e-001	-8.26555e-004
878	 4.2822265625e-001	 3.15639e-003
879	 4.2871093750e-001	 6.17907e-003
880	 4.2919921875e-001	 6.30440e-003
881	 4.2968750000e-001	 3.68549e-003
882	 4.3017578125e-001	-2.30332e-003
883	 4.3066406250e-001	-7.92948e-003
884	 4.3115234375e-001	-1.03756e-002
885	 4.3164062500e-001	-1.06268e-002
886	 4.3212890625e-001	-5.82624e-003
887	 4.3261718750e-001	 3.34034e-003
888	 4.3310546875e-001	 1.08653e-002
889	 4.3359375000e-001	 1.33676e-002
890	 4.3408203125e-001	 1.08624e-002
891	 4.3457031250e-001	 4.34343e-003
892	 4.3505859375e-001	-5.52071e-003
893	 4.3554687500e-001	-1.41866e-002
894	 4.3603515625e-001	-1.66111e-002
895	 4.3652343750e-001	-1.15848e-002
896	 4.3701171875e-001	-1.91705e-003
897	 4.3750000000e-001	 9.59275e-003
898	 4.3798828125e-001	 1.75591e-002
899	 4.3847656250e-001	 1.80528e-002
900	 4.3896484375e-001	 1.30132e-002
901	 4.3945312500e-001	 6.43349e-003
902	 4.3994140625e-001	-5.15931e-004
903	 4.4042968750e-001	-4.24022e-003
904	 4.4091796875e-001	-2.59175e-003
905	 4.4140625000e-001	 4.33382e-004
906	 4.4189453125e-001	 4.26218e-003
907	 4.4238281250e-001	 3.56214e-003
908	 4.4287109375e-001	-1.40498e-004
909	 4.4335937500e-001	-1.74711e-003
910	 4.4384765625e-001	-4.09462e-003
911	 4.4433593750e-001	-5.29252e-003
912	 4.4482421875e-001	-8.48850e-004
913	 4.4531250000e-001	 5.34986e-003
914	 4.4580078125e-001	 7.40898e-003
915	 4.4628906250e-001	 6.30327e-003
916	 4.4677734375e-001	 1.40433e-004
917	 4.4726562500e-001	-6.28168e-003
918	 4.4775390625e-001	-9.66690e-003
919	 4.4824218750e-001	-1.08595e-002
920	 4.4873046875e-001	-7.14730e-003
921	 4.4921875000e-001	 2.27684e-003
922	 4.4970703125e-001	 1.17822e-002
923	 4.5019531250e-001	 1.48048e-002
924	 4.5068359375e-001	 1.26348e-002
925	 4.5117187500e-001	 6.17011e-003
926	 4.5166015625e-001	-4.02750e-003
927	 4.5214843750e-001	-1.29227e-002
928	 4.5263671875e-001	-1.50030e-002
929	 4.5312500000e-001	-1.12384e-002
930	 4.5361328125e-001	-2.41063e-003
931	 4.5410156250e-001	 7.79366e-003
932	 4.5458984375e-001	 1.44181e-002
933	 4.5507812500e-001	 1.46098e-002
934	 4.5556640625e-001	 1.12585e-002
935	 4.5605468750e-001	 6.59665e-003
936	 4.5654296875e-001	-1.54649e-004
937	 4.5703125000e-001	-4.44690e-003
938	 4.5751953125e-001	-4.66827e-003
939	 4.5800781250e-001	-1.30371e-003
940	 4.5849609375e-001	 3.21230e-003
941	 4.5898437500e-001	 5.25396e-003
942	 4.5947265625e-001	 3.42876e-003
943	 4.5996093750e-001	 2.49633e-004
944	 4.6044921875e-001	-8.26035e-004
945	 4.6093750000e-001	-2.01193e-003
946	 4.6142578125e-001	-1.22290e-003
947	 4.6191406250e-001	 2.35915e-003
948	 4.6240234375e-001	 3.64481e-003
949	 4.6289062500e-001	 1.13415e-003
950	 4.6337890625e-001	-2.48831e-003
951	 4.6386718750e-001	-6.74663e-003
952	 4.6435546875e-001	-9.59247e-003
953	 4.6484375000e-001	-9.47386e-003
954	 4.6533203125e-001	-5.33860e-003
955	 4.6582031250e-001	 2.53544e-003
956	 4.6630859375e-001	 1.05438e-002
957	 4.6679687500e-001	 1.36475e-002
958	 4.6728515625e-001	 1.04990e-002
959	 4.6777343750e-001	 5.35784e-003
960	 4.6826171875e-001	-3.09981e-003
961	 4.6875000000e-001	-1.12202e-002
962	 4.6923828125e-001	-1.58632e-002
963	 4.6972656250e-001	-1.27133e-002
964	 4.7021484375e-001	-1.48647e-003
965	 4.7070312500e-001	 7.73313e-003
966	 4.7119140625e-001	 1.40319e-002
967	 4.7167968750e-001	 1.56080e-002
968	 4.7216796875e-001	 1.28966e-002
969	 4.7265625000e-001	 9.47513e-003
970	 4.7314453125e-001	 2.92104e-003
971	 4.7363281250e-001	-3.17111e-003
972	 4.7412109375e-001	-3.53248e-003
973	 4.7460937500e-001	-1.56970e-003
974	 4.7509765625e-001	-3.13000e-005
975	 4.7558593750e-001	 8.44732e-004
976	 4.7607421875e-001	-3.80651e-004
977	 4.7656250000e-001	-1.87387e-003
978	 4.7705078125e-001	-2.29466e-003
979	 4.7753906250e-001	-1.85836e-003
980	 4.7802734375e-001	 5.30116e-004
981	 4.7851562500e-001	 4.96062e-003
982	 4.7900390625e-001	 6.39825e-003
983	 4.7949218750e-001	 4.06251e-003
984	 4.7998046875e-001	 7.81764e-006
985	 4.8046875000e-001	-5.77010e-003
986	 4.8095703125e-001	-9.34613e-003
987	 4.8144531250e-001	-9.66660e-003
988	 4.8193359375e-001	-7.93309e-003
989	 4.8242187500e-001	-9.92028e-004
990	 4.8291015625e-001	 6.45221e-003
991	 4.8339843750e-001	 1.04497e-002
992	 4.8388671875e-001	 1.13409e-002
993	 4.8437500000e-001	 5.99578e-003
994	 4.8486328125e-001	-3.93146e-003
995	 4.8535156250e-001	-1.25609e-002
996	 4.8583984375e-001	-1.67285e-002
997	 4.8632812500e-001	-1.52307e-002
998	 4.8681640625e-001	-5.97958e-003
999	 4.8730468750e-001	 5.51962e-003
1000	 4.8779296875e-001	 1.35539e-002
1001	 4.8828125000e-001	 1.56911e-002
1002	 4.8876953125e-001	 1.31682e-002
1003	 4.8925781250e-001	 9.95358e-003
1004	 4.8974609375e-001	 3.88415e-003
1005	 4.9023437500e-001	-3.32557e-003
1006	 4.9072265625e-001	-5.22173e-003
1007	 4.9121093750e-001	-3.32518e-003
1008	 4.9169921875e-001	 4.57404e-004
1009	 4.9218750000e-001	 3.23957e-003
1010	 4.9267578125e-001	 2.59679e-003
1011	 4.9316406250e-001	 9.06319e-004
1012	 4.9365234375e-001	-3.33773e-003
1013	 4.9414062500e-001	-6.16039e-003
1014	 4.9462890625e-001	-3.77333e-003
1015	 4.9511718750e-001	 1.11146e-003
1016	 4.9560546875e-001	 6.31832e-003
1017	 4.9609375000e-001	 7.39495e-003
1018	 4.9658203125e-001	 3.35771e-003
1019	 4.9707031250e-001	-3.00214e-003
1020	 4.9755859375e-001	-8.08439e-003
1021	 4.9804687500e-001	-1.06691e-002
1022	 4.9853515625e-001	-9.70572e-003
1023	 4.9902343750e-001	-2.48013e-003
1024	 4.9951171875e-001	 6.58603e-003
1025	 5.0000000000e-001	 1.31387e-002
1026	 5.0048828125e-001	 1.42295e-002
1027	 5.0097656250e-001	 8.86174e-003
1028	 5.0146484375e-001	-1.09774e-003
1029	 5.0195312500e-001	-9.24164e-003
1030	 5.0244140625e-001	-1.40207e-002
1031	 5.0292968750e-001	-1.51938e-002
1032	 5.0341796875e-001	-7.44342e-003
1033	 5.0390625000e-001	 3.73322e-003
1034	 5.0439453125e-001	 1.16070e-002
1035	 5.0488281250e-001	 1.56664e-002
1036	 5.0537109375e-001	 1.33203e-002
1037	 5.0585937500e-001	 7.13831e-003
1038	 5.0634765625e-001	 5.54468e-004
1039	 5.0683593750e-001	-5.61457e-003
1040	 5.0732421875e-001	-6.77034e-003
1041	 5.0781250000e-001	-4.49141e-003
1042	 5.0830078125e-001	-1.74477e-003
1043	 5.0878906250e-001	-2.07046e-004
1044	 5.0927734375e-001	 8.62921e-004
1045	 5.0976562500e-001	 3.67975e-004
1046	 5.1025390625e-001	-2.46878e-003
1047	 5.1074218750e-001	-4.24598e-003
1048	 5.1123046875e-001	-4.60908e-003
1049	 5.1171875000e-001	-5.36636e-005
1050	 5.1220703125e-001	 3.04778e-003
1051	 5.1269531250e-001	 1.72232e-003
1052	 5.1318359375e-001	-5.80180e-004
1053	 5.1367187500e-001	-6.72842e-003
1054	 5.1416015625e-001	-1.01164e-002
1055	 5.1464843750e-001	-1.02686e-002
1056	 5.1513671875e-001	-9.27645e-003
1057	 5.1562500000e-001	-2.93079e-003
1058	 5.1611328125e-001	 7.04282e-003
1059	 5.1660156250e-001	 1.36574e-002
1060	 5.1708984375e-001	 1.45229e-002
1061	 5.1757812500e-001	 9.69975e-003
1062	 5.1806640625e-001	-3.00612e-004
1063	 5.1855468750e-001	-9.86736e-003
1064	 5.1904296875e-001	-1.47597e-002
1065	 5.1953125000e-001	-1.54759e-002
1066	 5.2001953125e-001	-9.16262e-003
1067	 5.2050781250e-001	 2.85455e-003
1068	 5.2099609375e-001	 1.22310e-002
1069	 5.2148437500e-001	 1.76993e-002
1070	 5.2197265625e-001	 1.68123e-002
1071	 5.2246093750e-001	 1.01431e-002
1072	 5.2294921875e-001	 3.71168e-003
1073	 5.2343750000e-001	-2.43170e-003
1074	 5.2392578125e-001	-6.35159e-003
1075	 5.2441406250e-001	-5.37691e-003
1076	 5.2490234375e-001	-3.41677e-003
1077	 5.2539062500e-001	-2.37864e-003
1078	 5.2587890625e-001	-3.44151e-003
1079	 5.2636718750e-001	-4.51760e-003
1080	 5.2685546875e-001	-4.51088e-003
1081	 5.2734375000e-001	-3.56356e-003
1082	 5.2783203125e-001	-9.08524e-005
1083	 5.2832031250e-001	 3.76691e-003
1084	 5.2880859375e-001	 5.83044e-003
1085	 5.2929687500e-001	 5.37160e-003
1086	 5.2978515625e-001	-1.23907e-004
1087	 5.3027343750e-001	-6.92073e-003
1088	 5.3076171875e-001	-1.05315e-002
1089	 5.3125000000e-001	-1.22450e-002
1090	 5.3173828125e-001	-1.10153e-002
1091	 5.3222656250e-001	-4.86653e-003
1092	 5.3271484375e-001	 4.22864e-003
1093	 5.3320312500e-001	 1.09562e-002
1094	 5.3369140625e-001	 1.37066e-002
1095	 5.3417968750e-001	 9.17126e-003
1096	 5.3466796875e-001	 2.97160e-004
1097	 5.3515625000e-001	-7.62938e-003
1098	 5.3564453125e-001	-1.33903e-002
1099	 5.3613281250e-001	-1.41016e-002
1100	 5.3662109375e-001	-8.37074e-003
1101	 5.3710937500e-001	 3.27280e-003
1102	 5.3759765625e-001	 1.18853e-002
1103	 5.3808593750e-001	 1.51412e-002
1104	 5.3857421875e-001	 1.66868e-002
1105	 5.3906250000e-001	 1.47209e-002
1106	 5.3955078125e-001	 8.29497e-003
1107	 5.4003906250e-001	 2.21440e-003
1108	 5.4052734375e-001	-1.07799e-003
1109	 5.4101562500e-001	-2.47555e-003
1110	 5.4150390625e-001	 3.15544e-004
1111	 5.4199218750e-001	 3.91187e-003
1112	 5.4248046875e-001	 3.87333e-003
1113	 5.4296875000e-001	-9.68854e-005
1114	 5.4345703125e-001	-2.96385e-003
1115	 5.4394531250e-001	-2.04034e-003
1116	 5.4443359375e-001	-1.60500e-003
1117	 5.4492187500e-001	 1.07603e-003
1118	 5.4541015625e-001	 6.18087e-003
1119	 5.4589843750e-001	 6.74459e-003
1120	 5.4638671875e-001	 3.30929e-003
1121	 5.4687500000e-001	-2.12113e-003
1122	 5.4736328125e-001	-7.10856e-003
1123	 5.4785156250e-001	-9.20389e-003
1124	 5.4833984375e-001	-8.81037e-003
1125	 5.4882812500e-001	-3.20885e-003
1126	 5.4931640625e-001	 6.21155e-003
1127	 5.4980468750e-001	 1.43824e-002
1128	 5.5029296875e-001	 1.62833e-002
1129	 5.5078125000e-001	 1.20640e-002
1130	 5.5126953125e-001	 3.82864e-003
1131	 5.5175781250e-001	-6.73560e-003
1132	 5.5224609375e-001	-1.36986e-002
1133	 5.5273437500e-001	-1.52924e-002
1134	 5.5322265625e-001	-1.01136e-002
1135	 5.5371093750e-001	 8.01640e-004
1136	 5.5419921875e-001	 1.14189e-002
1137	 5.5468750000e-001	 1.66263e-002
1138	 5.5517578125e-001	 1.53338e-002
1139	 5.5566406250e-001	 1.19403e-002
1140	 5.5615234375e-001	 7.24541e-003
1141	 5.5664062500e-001	 1.24248e-003
1142	 5.5712890625e-001	-2.16704e-003
1143	 5.5761718750e-001	-2.71883e-003
1144	 5.5810546875e-001	-6.15285e-004
1145	 5.5859375000e-001	 2.08891e-003
1146	 5.5908203125e-001	 3.68696e-003
1147	 5.5957031250e-001	 2.48666e-003
1148	 5.6005859375e-001	-1.00556e-003
1149	 5.6054687500e-001	-2.88685e-003
1150	 5.6103515625e-001	-2.59294e-003
1151	 5.6152343750e-001	 1.23324e-003
1152	 5.6201171875e-001	 5.50280e-003
1153	 5.6250000000e-001	 5.44361e-003
1154	 5.6298828125e-001	 3.02572e-003
1155	 5.6347656250e-001	-2.24506e-003
1156	 5.6396484375e-001	-8.58625e-003
1157	 5.6445312500e-001	-1.15470e-002
1158	 5.6494140625e-001	-1.14405e-002
1159	 5.6542968750e-001	-5.67865e-003
1160	 5.6591796875e-001	 3.02726e-003
1161	 5.6640625000e-001	 1.10863e-002
1162	 5.6689453125e-001	 1.44508e-002
1163	 5.6738281250e-001	 1.24205e-002
1164	 5.6787109375e-001	 6.17369e-003
1165	 5.6835937500e-001	-3.76568e-003
1166	 5.6884765625e-001	-1.20800e-002
1167	 5.6933593750e-001	-1.59880e-002
1168	 5.6982421875e-001	-1.18165e-002
1169	 5.7031250000e-001	-2.93383e-003
1170	 5.7080078125e-001	 6.81612e-003
1171	 5.7128906250e-001	 1.54264e-002
1172	 5.7177734375e-001	 1.61911e-002
1173	 5.7226562500e-001	 1.37433e-002
1174	 5.7275390625e-001	 1.00440e-002
1175	 5.7324218750e-001	 2.79219e-003
1176	 5.7373046875e-001	-6.65930e-004
1177	 5.7421875000e-001	-1.41001e-004
1178	 5.7470703125e-001	-5.11723e-004
1179	 5.7519531250e-001	-8.59314e-004
1180	 5.7568359375e-001	 6.66466e-004
1181	 5.7617187500e-001	-1.37949e-003
1182	 5.7666015625e-001	-4.26262e-003
1183	 5.7714843750e-001	-2.01386e-003
1184	 5.7763671875e-001	-6.66503e-004
1185	 5.7812500000e-001	 2.22100e-003
1186	 5.7861328125e-001	 8.43337e-003
1187	 5.7910156250e-001	 9.08274e-003
1188	 5.7958984375e-001	 5.21886e-003
1189	 5.8007812500e-001	 1.34550e-003
1190	 5.8056640625e-001	-6.57217e-003
1191	 5.8105468750e-001	-1.22858e-002
1192	 5.8154296875e-001	-9.57510e-003
1193	 5.8203125000e-001	-4.61135e-003
1194	 5.8251953125e-001	 2.03106e-003
1195	 5.8300781250e-001	 1.04982e-002
1196	 5.8349609375e-001	 1.50583e-002
1197	 5.8398437500e-001	 1.20249e-002
1198	 5.8447265625e-001	 4.56281e-003
1199	 5.8496093750e-001	-3.12238e-003
1200	 5.8544921875e-001	-1.12490e-002
1201	 5.8593750000e-001	-1.56938e-002
1202	 5.8642578125e-001	-1.10698e-002
1203	 5.8691406250e-001	-1.51477e-003
1204	 5.8740234375e-001	 8.77459e-003
1205	 5.8789062500e-001	 1.50748e-002
1206	 5.8837890625e-001	 1.59521e-002
1207	 5.8886718750e-001	 1.40118e-002
1208	 5.8935546875e-001	 9.56757e-003
1209	 5.8984375000e-001	 3.17615e-003
1210	 5.9033203125e-001	-2.53363e-003
1211	 5.9082031250e-001	-3.21695e-003
1212	 5.9130859375e-001	 1.76312e-004
1213	 5.9179687500e-001	 2.60342e-003
1214	 5.9228515625e-001	 2.71693e-003
1215	 5.9277343750e-001	 1.32509e-003
1216	 5.9326171875e-001	-1.62853e-003
1217	 5.9375000000e-001	-3.50013e-003
1218	 5.9423828125e-001	-3.08120e-003
1219	 5.9472656250e-001	-9.40360e-005
1220	 5.9521484375e-001	 5.03023e-003
1221	 5.9570312500e-001	 7.77266e-003
1222	 5.9619140625e-001	 6.24675e-003
1223	 5.9667968750e-001	 1.35366e-003
1224	 5.9716796875e-001	-5.10164e-003
1225	 5.9765625000e-001	-9.79052e-003
1226	 5.9814453125e-001	-1.07886e-002
1227	 5.9863281250e-001	-7.60513e-003
1228	 5.9912109375e-001	-1.28122e-004
1229	 5.9960937500e-001	 8.86010e-003
1230	 6.0009765625e-001	 1.53943e-002
1231	 6.0058593750e-001	 1.62824e-002
1232	 6.0107421875e-001	 7.91899e-003
1233	 6.0156250000e-001	-3.23096e-003
1234	 6.0205078125e-001	-1.19911e-002
1235	 6.0253906250e-001	-1.90761e-002
1236	 6.0302734375e-001	-1.60370e-002
1237	 6.0351562500e-001	-5.23052e-003
1238	 6.0400390625e-001	 4.56701e-003
1239	 6.0449218750e-001	 1.26289e-002
1240	 6.0498046875e-001	 1.61495e-002
1241	 6.0546875000e-001	 1.33184e-002
1242	 6.0595703125e-001	 8.36563e-003
1243	 6.0644531250e-001	 2.72218e-003
1244	 6.0693359375e-001	-2.14910e-003
1245	 6.0742187500e-001	-3.63756e-003
1246	 6.0791015625e-001	-1.69144e-003
1247	 6.0839843750e-001	-3.81273e-004
1248	 6.0888671875e-001	-1.08390e-003
1249	 6.0937500000e-001	-7.75257e-004
1250	 6.0986328125e-001	-1.63278e-003
1251	 6.1035156250e-001	-3.83491e-003
1252	 6.1083984375e-001	-5.16734e-003
1253	 6.1132812500e-001	-2.82164e-003
1254	 6.1181640625e-001	 3.12245e-003
1255	 6.1230468750e-001	 5.92122e-003
1256	 6.1279296875e-001	 4.35142e-003
1257	 6.1328125000e-001	-7.91183e-004
1258	 6.1376953125e-001	-7.39846e-003
1259	 6.1425781250e-001	-9.06072e-003
1260	 6.1474609375e-001	-9.61062e-003
1261	 6.1523437500e-001	-7.86352e-003
1262	 6.1572265625e-001	-1.83747e-003
1263	 6.1621093750e-001	 5.44938e-003
1264	 6.1669921875e-001	 1.06096e-002
1265	 6.1718750000e-001	 1.07868e-002
1266	 6.1767578125e-001	 6.45297e-003
1267	 6.1816406250e-001	-2.29817e-003
1268	 6.1865234375e-001	-1.02444e-002
1269	 6.1914062500e-001	-1.37392e-002
1270	 6.1962890625e-001	-1.21873e-002
1271	 6.2011718750e-001	-4.79170e-003
1272	 6.2060546875e-001	 4.00979e-003
1273	 6.2109375000e-001	 1.11688e-002
1274	 6.2158203125e-001	 1.39695e-002
1275	 6.2207031250e-001	 1.25749e-002
1276	 6.2255859375e-001	 8.95799e-003
1277	 6.2304687500e-001	 2.78132e-003
1278	 6.2353515625e-001	-2.56932e-003
1279	 6.2402343750e-001	-3.34445e-003
1280	 6.2451171875e-001	-1.97455e-003
1281	 6.2500000000e-001	 9.23341e-004
1282	 6.2548828125e-001	 7.50190e-004
1283	 6.2597656250e-001	-1.21744e-003
1284	 6.2646484375e-001	-2.36592e-003
1285	 6.2695312500e-001	-4.34773e-003
1286	 6.2744140625e-001	-5.35685e-003
1287	 6.2792968750e-001	-1.59700e-003
1288	 6.2841796875e-001	 5.50286e-003
1289	 6.2890625000e-001	 8.69065e-003
1290	 6.2939453125e-001	 7.63047e-003
1291	 6.2988281250e-001	 2.23098e-003
1292	 6.3037109375e-001	-5.90541e-003
1293	 6.3085937500e-001	-1.02295e-002
1294	 6.3134765625e-001	-1.05268e-002
1295	 6.3183593750e-001	-1.00371e-002
1296	 6.3232421875e-001	-3.04309e-003
1297	 6.3281250000e-001	 6.02177e-003
1298	 6.3330078125e-001	 1.06136e-002
1299	 6.3378906250e-001	 1.25018e-002
1300	 6.3427734375e-001	 7.50336e-003
1301	 6.3476562500e-001	-3.15727e-003
1302	 6.3525390625e-001	-1.17772e-002
1303	 6.3574218750e-001	-1.51090e-002
1304	 6.3623046875e-001	-1.35895e-002
1305	 6.3671875000e-001	-5.63280e-003
1306	 6.3720703125e-001	 5.80817e-003
1307	 6.3769531250e-001	 1.40841e-002
1308	 6.3818359375e-001	 1.67047e-002
1309	 6.3867187500e-001	 1.59269e-002
1310	 6.3916015625e-001	 1.14738e-002
1311	 6.3964843750e-001	 4.33651e-003
1312	 6.4013671875e-001	-1.50408e-003
1313	 6.4062500000e-001	-3.49589e-003
1314	 6.4111328125e-001	-3.32797e-003
1315	 6.4160156250e-001	-1.14000e-003
1316	 6.4208984375e-001	 2.57734e-003
1317	 6.4257812500e-001	 1.27635e-003
1318	 6.4306640625e-001	-2.69331e-004
1319	 6.4355468750e-001	-8.92539e-004
1320	 6.4404296875e-001	-2.07909e-003
1321	 6.4453125000e-001	-2.02233e-003
1322	 6.4501953125e-001	 1.63868e-003
1323	 6.4550781250e-001	 6.17104e-003
1324	 6.4599609375e-001	 6.86402e-003
1325	 6.4648437500e-001	 4.54732e-003
1326	 6.4697265625e-001	-1.27167e-003
1327	 6.4746093750e-001	-5.27479e-003
1328	 6.4794921875e-001	-8.57425e-003
1329	 6.4843750000e-001	-8.96959e-003
1330	 6.4892578125e-001	-3.83406e-003
1331	 6.4941406250e-001	 5.28197e-003
1332	 6.4990234375e-001	 1.35431e-002
1333	 6.5039062500e-001	 1.55439e-002
1334	 6.5087890625e-001	 1.34422e-002
1335	 6.5136718750e-001	 5.01058e-003
1336	 6.5185546875e-001	-6.06861e-003
1337	 6.5234375000e-001	-1.29826e-002
1338	 6.5283203125e-001	-1.49513e-002
1339	 6.5332031250e-001	-9.01626e-003
1340	 6.5380859375e-001	 1.01681e-003
1341	 6.5429687500e-001	 1.02293e-002
1342	 6.5478515625e-001	 1.66194e-002
1343	 6.5527343750e-001	 1.81360e-002
1344	 6.5576171875e-001	 1.62765e-002
1345	 6.5625000000e-001	 8.98273e-003
1346	 6.5673828125e-001	 2.44665e-003
1347	 6.5722656250e-001	 4.75084e-004
1348	 6.5771484375e-001	-1.51980e-003
1349	 6.5820312500e-001	-2.75203e-005
1350	 6.5869140625e-001	 2.72070e-003
1351	 6.5917968750e-001	 3.37185e-003
1352	 6.5966796875e-001	 2.65130e-003
1353	 6.6015625000e-001	 1.78603e-003
1354	 6.6064453125e-001	 1.14452e-003
1355	 6.6113281250e-001	 3.49282e-003
1356	 6.6162109375e-001	 7.90875e-003
1357	 6.6210937500e-001	 9.10034e-003
1358	 6.6259765625e-001	 7.11478e-003
1359	 6.6308593750e-001	 3.31981e-003
1360	 6.6357421875e-001	-3.22327e-003
1361	 6.6406250000e-001	-7.69745e-003
1362	 6.6455078125e-001	-8.08002e-003
1363	 6.6503906250e-001	-7.00859e-003
1364	 6.6552734375e-001	-1.74860e-003
1365	 6.6601562500e-001	 6.07643e-003
1366	 6.6650390625e-001	 1.29875e-002
1367	 6.6699218750e-001	 1.39112e-002
1368	 6.6748046875e-001	 9.12325e-003
1369	 6.6796875000e-001	 2.12002e-003
1370	 6.6845703125e-001	-6.78162e-003
1371	 6.6894531250e-001	-1.15267e-002
1372	 6.6943359375e-001	-1.13356e-002
1373	 6.6992187500e-001	-6.06040e-003
1374	 6.7041015625e-001	 3.81126e-003
1375	 6.7089843750e-001	 1.23263e-002
1376	 6.7138671875e-001	 1.57191e-002
1377	 6.7187500000e-001	 1.33195e-002
1378	 6.7236328125e-001	 9.27971e-003
1379	 6.7285156250e-001	 4.20038e-003
1380	 6.7333984375e-001	-1.52440e-003
1381	 6.7382812500e-001	-2.90437e-003
1382	 6.7431640625e-001	 6.08920e-004
1383	 6.7480468750e-001	 3.57000e-003
1384	 6.7529296875e-001	 4.35768e-003
1385	 6.7578125000e-001	 4.27244e-003
1386	 6.7626953125e-001	-2.58064e-004
1387	 6.7675781250e-001	-4.44749e-003
1388	 6.7724609375e-001	-4.74009e-003
1389	 6.7773437500e-001	-2.44306e-003
1390	 6.7822265625e-001	 1.46007e-003
1391	 6.7871093750e-001	 5.02140e-003
1392	 6.7919921875e-001	 7.37902e-003
1393	 6.7968750000e-001	 4.27713e-003
1394	 6.8017578125e-001	-1.32996e-003
1395	 6.8066406250e-001	-6.62045e-003
1396	 6.8115234375e-001	-9.07926e-003
1397	 6.8164062500e-001	-8.23613e-003
1398	 6.8212890625e-001	-3.49809e-003
1399	 6.8261718750e-001	 5.20824e-003
1400	 6.8310546875e-001	 1.23149e-002
1401	 6.8359375000e-001	 1.48603e-002
1402	 6.8408203125e-001	 1.14352e-002
1403	 6.8457031250e-001	 3.18952e-003
1404	 6.8505859375e-001	-7.42699e-003
1405	 6.8554687500e-001	-1.49166e-002
1406	 6.8603515625e-001	-1.80691e-002
1407	 6.8652343750e-001	-1.28268e-002
1408	 6.8701171875e-001	-6.12007e-004
1409	 6.8750000000e-001	 1.07404e-002
1410	 6.8798828125e-001	 1.72886e-002
1411	 6.8847656250e-001	 1.79423e-002
1412	 6.8896484375e-001	 1.56519e-002
1413	 6.8945312500e-001	 9.58503e-003
1414	 6.8994140625e-001	 1.63860e-003
1415	 6.9042968750e-001	-3.39010e-003
1416	 6.9091796875e-001	-5.49967e-003
1417	 6.9140625000e-001	-3.93713e-003
1418	 6.9189453125e-001	-1.94942e-003
1419	 6.9238281250e-001	-6.18371e-005
1420	 6.9287109375e-001	 1.73202e-003
1421	 6.9335937500e-001	 1.29357e-003
1422	 6.9384765625e-001	 2.76338e-006
1423	 6.9433593750e-001	 1.19265e-004
1424	 6.9482421875e-001	 3.10503e-003
1425	 6.9531250000e-001	 4.99102e-003
1426	 6.9580078125e-001	 5.07239e-003
1427	 6.9628906250e-001	 2.41700e-003
1428	 6.9677734375e-001	-2.81188e-003
1429	 6.9726562500e-001	-6.08498e-003
1430	 6.9775390625e-001	-7.29804e-003
1431	 6.9824218750e-001	-7.20364e-003
1432	 6.9873046875e-001	-3.10727e-003
1433	 6.9921875000e-001	 4.82269e-003
1434	 6.9970703125e-001	 1.04021e-002
1435	 7.0019531250e-001	 1.31821e-002
1436	 7.0068359375e-001	 1.14893e-002
1437	 7.0117187500e-001	 2.89573e-003
1438	 7.0166015625e-001	-4.42606e-003
1439	 7.0214843750e-001	-9.76925e-003
1440	 7.0263671875e-001	-1.35985e-002
1441	 7.0312500000e-001	-1.17670e-002
1442	 7.0361328125e-001	-3.51508e-003
1443	 7.0410156250e-001	 6.75021e-003
1444	 7.0458984375e-001	 1.39066e-002
1445	 7.0507812500e-001	 1.53955e-002
1446	 7.0556640625e-001	 1.19261e-002
1447	 7.0605468750e-001	 7.82340e-003
1448	 7.0654296875e-001	 1.77629e-003
1449	 7.0703125000e-001	-2.85828e-003
1450	 7.0751953125e-001	-1.87732e-003
1451	 7.0800781250e-001	-5.64438e-004
1452	 7.0849609375e-001	-9.20064e-004
1453	 7.0898437500e-001	-9.63853e-004
1454	 7.0947265625e-001	-7.93722e-004
1455	 7.0996093750e-001	-2.27667e-003
1456	 7.1044921875e-001	-4.24162e-003
1457	 7.1093750000e-001	-2.91838e-003
1458	 7.1142578125e-001	 2.57176e-003
1459	 7.1191406250e-001	 6.57428e-003
1460	 7.1240234375e-001	 7.21158e-003
1461	 7.1289062500e-001	 4.92224e-003
1462	 7.1337890625e-001	-3.25904e-003
1463	 7.1386718750e-001	-8.98427e-003
1464	 7.1435546875e-001	-1.20060e-002
1465	 7.1484375000e-001	-1.40688e-002
1466	 7.1533203125e-001	-8.93633e-003
1467	 7.1582031250e-001	 2.74829e-004
1468	 7.1630859375e-001	 8.76981e-003
1469	 7.1679687500e-001	 1.50398e-002
1470	 7.1728515625e-001	 1.38374e-002
1471	 7.1777343750e-001	 4.87147e-003
1472	 7.1826171875e-001	-5.45765e-003
1473	 7.1875000000e-001	-1.38533e-002
1474	 7.1923828125e-001	-1.68695e-002
1475	 7.1972656250e-001	-1.12929e-002
1476	 7.2021484375e-001	-1.10926e-003
1477	 7.2070312500e-001	 8.50805e-003
1478	 7.2119140625e-001	 1.59006e-002
1479	 7.2167968750e-001	 1.64697e-002
1480	 7.2216796875e-001	 1.17341e-002
1481	 7.2265625000e-001	 6.63886e-003
1482	 7.2314453125e-001	-9.07440e-004
1483	 7.2363281250e-001	-6.44315e-003
1484	 7.2412109375e-001	-4.92993e-003
1485	 7.2460937500e-001	-4.14479e-004
1486	 7.2509765625e-001	 2.53107e-003
1487	 7.2558593750e-001	 2.38008e-003
1488	 7.2607421875e-001	 7.23349e-004
1489	 7.2656250000e-001	-2.27516e-003
1490	 7.2705078125e-001	-3.76302e-003
1491	 7.2753906250e-001	-2.93818e-003
1492	 7.2802734375e-001	-1.79431e-004
1493	 7.2851562500e-001	 5.57760e-003
1494	 7.2900390625e-001	 8.81054e-003
1495	 7.2949218750e-001	 7.34192e-003
1496	 7.2998046875e-001	 1.16822e-003
1497	 7.3046875000e-001	-5.54096e-003
1498	 7.3095703125e-001	-9.26369e-003
1499	 7.3144531250e-001	-1.20023e-002
1500	 7.3193359375e-001	-9.49473e-003
1501	 7.3242187500e-001	-1.47292e-003
1502	 7.3291015625e-001	 6.48026e-003
1503	 7.3339843750e-001	 1.25014e-002
1504	 7.3388671875e-001	 1.12894e-002
1505	 7.3437500000e-001	 4.92470e-003
1506	 7.3486328125e-001	-2.79304e-003
1507	 7.3535156250e-001	-1.19843e-002
1508	 7.3583984375e-001	-1.64039e-002
1509	 7.3632812500e-001	-1.13783e-002
1510	 7.3681640625e-001	-2.21802e-003
1511	 7.3730468750e-001	 6.35099e-003
1512	 7.3779296875e-001	 1.27643e-002
1513	 7.3828125000e-001	 1.48995e-002
1514	 7.3876953125e-001	 1.39414e-002
1515	 7.3925781250e-001	 1.01524e-002
1516	 7.3974609375e-001	 3.50847e-003
1517	 7.4023437500e-001	-1.49332e-003
1518	 7.4072265625e-001	-3.83017e-003
1519	 7.4121093750e-001	-3.14255e-003
1520	 7.4169921875e-001	-2.24554e-004
1521	 7.4218750000e-001	 7.03195e-004
1522	 7.4267578125e-001	 2.28272e-004
1523	 7.4316406250e-001	-1.85768e-003
1524	 7.4365234375e-001	-3.95689e-003
1525	 7.4414062500e-001	-1.95831e-003
1526	 7.4462890625e-001	 9.40944e-004
1527	 7.4511718750e-001	 4.56565e-003
1528	 7.4560546875e-001	 7.16721e-003
1529	 7.4609375000e-001	 5.94449e-003
1530	 7.4658203125e-001	 1.37162e-003
1531	 7.4707031250e-001	-5.41903e-003
1532	 7.4755859375e-001	-8.86637e-003
1533	 7.4804687500e-001	-9.83004e-003
1534	 7.4853515625e-001	-7.47774e-003
1535	 7.4902343750e-001	 2.13977e-005
1536	 7.4951171875e-001	 8.67379e-003
1537	 7.5000000000e-001	 1.44598e-002
1538	 7.5048828125e-001	 1.40445e-002
1539	 7.5097656250e-001	 9.37124e-003
1540	 7.5146484375e-001	 1.04835e-003
1541	 7.5195312500e-001	-8.09739e-003
1542	 7.5244140625e-001	-1.29061e-002
1543	 7.5292968750e-001	-1.20783e-002
1544	 7.5341796875e-001	-5.70311e-003
1545	 7.5390625000e-001	 3.19538e-003
1546	 7.5439453125e-001	 1.15474e-002
1547	 7.5488281250e-001	 1.38354e-002
1548	 7.5537109375e-001	 1.19278e-002
1549	 7.5585937500e-001	 8.66357e-003
1550	 7.5634765625e-001	 2.73559e-003
1551	 7.5683593750e-001	-9.86410e-004
1552	 7.5732421875e-001	 2.35300e-004
1553	 7.5781250000e-001	 3.05084e-003
1554	 7.5830078125e-001	 4.08373e-003
1555	 7.5878906250e-001	 5.24488e-003
1556	 7.5927734375e-001	 2.73875e-003
1557	 7.5976562500e-001	-1.19190e-003
1558	 7.6025390625e-001	-2.28048e-003
1559	 7.6074218750e-001	-3.11112e-003
1560	 7.6123046875e-001	-1.05025e-003
1561	 7.6171875000e-001	 3.96793e-003
1562	 7.6220703125e-001	 8.22393e-003
1563	 7.6269531250e-001	 6.96897e-003
1564	 7.6318359375e-001	 3.08754e-003
1565	 7.6367187500e-001	-4.42528e-003
1566	 7.6416015625e-001	-9.96201e-003
1567	 7.6464843750e-001	-8.97652e-003
1568	 7.6513671875e-001	-8.34213e-003
1569	 7.6562500000e-001	-3.29730e-003
1570	 7.6611328125e-001	 7.04262e-003
1571	 7.6660156250e-001	 1.34253e-002
1572	 7.6708984375e-001	 1.30893e-002
1573	 7.6757812500e-001	 9.23786e-003
1574	 7.6806640625e-001	 1.49685e-003
1575	 7.6855468750e-001	-7.66608e-003
1576	 7.6904296875e-001	-1.28047e-002
1577	 7.6953125000e-001	-1.16134e-002
1578	 7.7001953125e-001	-4.57546e-003
1579	 7.7050781250e-001	 5.96592e-003
1580	 7.7099609375e-001	 1.50633e-002
1581	 7.7148437500e-001	 1.72813e-002
1582	 7.7197265625e-001	 1.51414e-002
1583	 7.7246093750e-001	 1.14876e-002
1584	 7.7294921875e-001	 4.32748e-003
1585	 7.7343750000e-001	-2.20783e-003
1586	 7.7392578125e-001	-2.72828e-003
1587	 7.7441406250e-001	-1.34531e-003
1588	 7.7490234375e-001	 7.44970e-004
1589	 7.7539062500e-001	 3.63896e-003
1590	 7.7587890625e-001	 2.31733e-003
1591	 7.7636718750e-001	-9.68329e-004
1592	 7.7685546875e-001	-2.82225e-003
1593	 7.7734375000e-001	-2.12264e-003
1594	 7.7783203125e-001	-1.79314e-005
1595	 7.7832031250e-001	 3.25572e-003
1596	 7.7880859375e-001	 6.61622e-003
1597	 7.7929687500e-001	 5.99824e-003
1598	 7.7978515625e-001	 3.68948e-003
1599	 7.8027343750e-001	-8.47240e-004
1600	 7.8076171875e-001	-7.02806e-003
1601	 7.8125000000e-001	-1.06397e-002
1602	 7.8173828125e-001	-1.00540e-002
1603	 7.8222656250e-001	-4.87441e-003
1604	 7.8271484375e-001	 4.24608e-003
1605	 7.8320312500e-001	 1.24308e-002
1606	 7.8369140625e-001	 1.35953e-002
1607	 7.8417968750e-001	 8.80885e-003
1608	 7.8466796875e-001	 2.79629e-004
1609	 7.8515625000e-001	-8.67964e-003
1610	 7.8564453125e-001	-1.53354e-002
1611	 7.8613281250e-001	-1.51622e-002
1612	 7.8662109375e-001	-7.19607e-003
1613	 7.8710937500e-001	 3.61602e-003
1614	 7.8759765625e-001	 1.33121e-002
1615	 7.8808593750e-001	 1.76079e-002
1616	 7.8857421875e-001	 1.66594e-002
1617	 7.8906250000e-001	 1.44304e-002
1618	 7.8955078125e-001	 9.59902e-003
1619	 7.9003906250e-001	 1.38211e-003
1620	 7.9052734375e-001	-2.58310e-003
1621	 7.9101562500e-001	-2.71760e-003
1622	 7.9150390625e-001	-2.69072e-003
1623	 7.9199218750e-001	-6.60576e-004
1624	 7.9248046875e-001	-8.00922e-004
1625	 7.9296875000e-001	-2.76569e-003
1626	 7.9345703125e-001	-2.73574e-003
1627	 7.9394531250e-001	-1.97282e-003
1628	 7.9443359375e-001	-4.00382e-004
1629	 7.9492187500e-001	 5.55990e-003
1630	 7.9541015625e-001	 1.01030e-002
1631	 7.9589843750e-001	 7.30224e-003
1632	 7.9638671875e-001	 2.24565e-003
1633	 7.9687500000e-001	-3.65076e-003
1634	 7.9736328125e-001	-9.30691e-003
1635	 7.9785156250e-001	-1.10346e-002
1636	 7.9833984375e-001	-9.60650e-003
1637	 7.9882812500e-001	-4.07415e-003
1638	 7.9931640625e-001	 4.55785e-003
1639	 7.9980468750e-001	 1.08157e-002
1640	 8.0029296875e-001	 1.44928e-002
1641	 8.0078125000e-001	 1.13122e-002
1642	 8.0126953125e-001	 1.36111e-003
1643	 8.0175781250e-001	-8.06152e-003
1644	 8.0224609375e-001	-1.33532e-002
1645	 8.0273437500e-001	-1.37188e-002
1646	 8.0322265625e-001	-9.35498e-003
1647	 8.0371093750e-001	 3.36810e-004
1648	 8.0419921875e-001	 8.89182e-003
1649	 8.0468750000e-001	 1.23166e-002
1650	 8.0517578125e-001	 1.19149e-002
1651	 8.0566406250e-001	 7.77657e-003
1652	 8.0615234375e-001	 2.83989e-003
1653	 8.0664062500e-001	-1.24544e-003
1654	 8.0712890625e-001	-3.19935e-003
1655	 8.0761718750e-001	-1.97551e-003
1656	 8.0810546875e-001	-1.23284e-004
1657	 8.0859375000e-001	 1.34602e-003
1658	 8.0908203125e-001	 1.87706e-003
1659	 8.0957031250e-001	-3.55851e-004
1660	 8.1005859375e-001	-1.95268e-003
1661	 8.1054687500e-001	-4.94446e-003
1662	 8.1103515625e-001	-4.96271e-003
1663	 8.1152343750e-001	 6.95571e-004
1664	 8.1201171875e-001	 4.67520e-003
1665	 8.1250000000e-001	 6.17576e-003
1666	 8.1298828125e-001	 1.59830e-003
1667	 8.1347656250e-001	-5.12479e-003
1668	 8.1396484375e-001	-8.26398e-003
1669	 8.1445312500e-001	-1.04133e-002
1670	 8.1494140625e-001	-1.02435e-002
1671	 8.1542968750e-001	-4.81055e-003
1672	 8.1591796875e-001	 3.37219e-003
1673	 8.1640625000e-001	 9.06210e-003
1674	 8.1689453125e-001	 1.14005e-002
1675	 8.1738281250e-001	 8.04182e-003
1676	 8.1787109375e-001	 5.60963e-004
1677	 8.1835937500e-001	-7.32417e-003
1678	 8.1884765625e-001	-1.42974e-002
1679	 8.1933593750e-001	-1.46537e-002
1680	 8.1982421875e-001	-7.84948e-003
1681	 8.2031250000e-001	 2.45273e-003
1682	 8.2080078125e-001	 1.14622e-002
1683	 8.2128906250e-001	 1.63833e-002
1684	 8.2177734375e-001	 1.45745e-002
1685	 8.2226562500e-001	 8.30744e-003
1686	 8.2275390625e-001	 2.35534e-003
1687	 8.2324218750e-001	-4.77533e-003
1688	 8.2373046875e-001	-8.19177e-003
1689	 8.2421875000e-001	-6.01639e-003
1690	 8.2470703125e-001	-3.33168e-003
1691	 8.2519531250e-001	 6.22525e-004
1692	 8.2568359375e-001	 1.89916e-003
1693	 8.2617187500e-001	-3.60214e-004
1694	 8.2666015625e-001	-9.05596e-004
1695	 8.2714843750e-001	-1.54118e-003
1696	 8.2763671875e-001	-2.11135e-003
1697	 8.2812500000e-001	-4.82231e-004
1698	 8.2861328125e-001	 3.69560e-003
1699	 8.2910156250e-001	 4.31621e-003
1700	 8.2958984375e-001	 1.24336e-003
1701	 8.3007812500e-001	-2.57649e-003
1702	 8.3056640625e-001	-8.16416e-003
1703	 8.3105468750e-001	-1.17162e-002
1704	 8.3154296875e-001	-1.28622e-002
1705	 8.3203125000e-001	-8.90517e-003
1706	 8.3251953125e-001	 8.10168e-004
1707	 8.3300781250e-001	 9.21201e-003
1708	 8.3349609375e-001	 1.26717e-002
1709	 8.3398437500e-001	 1.07354e-002
1710	 8.3447265625e-001	 2.79565e-003
1711	 8.3496093750e-001	-8.22697e-003
1712	 8.3544921875e-001	-1.48489e-002
1713	 8.3593750000e-001	-1.64131e-002
1714	 8.3642578125e-001	-1.31809e-002
1715	 8.3691406250e-001	-2.92013e-003
1716	 8.3740234375e-001	 7.85886e-003
1717	 8.3789062500e-001	 1.34932e-002
1718	 8.3837890625e-001	 1.46896e-002
1719	 8.3886718750e-001	 1.27641e-002
1720	 8.3935546875e-001	 6.94402e-003
1721	 8.3984375000e-001	 8.75891e-004
1722	 8.4033203125e-001	-1.97075e-003
1723	 8.4082031250e-001	-3.08385e-003
1724	 8.4130859375e-001	-2.16669e-003
1725	 8.4179687500e-001	 5.67493e-004
1726	 8.4228515625e-001	 1.34564e-003
1727	 8.4277343750e-001	 2.18390e-004
1728	 8.4326171875e-001	-1.23319e-003
1729	 8.4375000000e-001	-1.86813e-003
1730	 8.4423828125e-001	 1.87651e-004
1731	 8.4472656250e-001	 3.88495e-003
1732	 8.4521484375e-001	 7.11739e-003
1733	 8.4570312500e-001	 7.19389e-003
1734	 8.4619140625e-001	 3.14114e-003
1735	 8.4667968750e-001	-2.69044e-003
1736	 8.4716796875e-001	-9.14436e-003
1737	 8.4765625000e-001	-1.19592e-002
1738	 8.4814453125e-001	-1.04641e-002
1739	 8.4863281250e-001	-6.56692e-003
1740	 8.4912109375e-001	 1.50730e-003
1741	 8.4960937500e-001	 1.07142e-002
1742	 8.5009765625e-001	 1.37331e-002
1743	 8.5058593750e-001	 1.13046e-002
1744	 8.5107421875e-001	 4.92906e-003
1745	 8.5156250000e-001	-4.40287e-003
1746	 8.5205078125e-001	-1.12857e-002
1747	 8.5253906250e-001	-1.51184e-002
1748	 8.5302734375e-001	-1.27067e-002
1749	 8.5351562500e-001	-3.69440e-003
1750	 8.5400390625e-001	 4.73460e-003
1751	 8.5449218750e-001	 9.66826e-003
1752	 8.5498046875e-001	 1.03544e-002
1753	 8.5546875000e-001	 7.03789e-003
1754	 8.5595703125e-001	 3.77786e-003
1755	 8.5644531250e-001	-9.61368e-004
1756	 8.5693359375e-001	-4.57632e-003
1757	 8.5742187500e-001	-2.52901e-003
1758	 8.5791015625e-001	 5.89174e-004
1759	 8.5839843750e-001	 3.63226e-003
1760	 8.5888671875e-001	 4.57476e-003
1761	 8.5937500000e-001	 1.37050e-004
1762	 8.5986328125e-001	-4.66305e-003
1763	 8.6035156250e-001	-5.45091e-003
1764	 8.6083984375e-001	-5.63745e-003
1765	 8.6132812500e-001	-3.12555e-003
1766	 8.6181640625e-001	 3.06121e-003
1767	 8.6230468750e-001	 5.92562e-003
1768	 8.6279296875e-001	 5.86734e-003
1769	 8.6328125000e-001	 1.17188e-003
1770	 8.6376953125e-001	-6.47331e-003
1771	 8.6425781250e-001	-1.03138e-002
1772	 8.6474609375e-001	-1.04708e-002
1773	 8.6523437500e-001	-7.26597e-003
1774	 8.6572265625e-001	-2.17388e-005
1775	 8.6621093750e-001	 9.20406e-003
1776	 8.6669921875e-001	 1.42936e-002
1777	 8.6718750000e-001	 1.36551e-002
1778	 8.6767578125e-001	 7.12844e-003
1779	 8.6816406250e-001	-2.88155e-003
1780	 8.6865234375e-001	-1.19259e-002
1781	 8.6914062500e-001	-1.74172e-002
1782	 8.6962890625e-001	-1.39795e-002
1783	 8.7011718750e-001	-3.36138e-003
1784	 8.7060546875e-001	 7.65502e-003
1785	 8.7109375000e-001	 1.55676e-002
1786	 8.7158203125e-001	 1.78150e-002
1787	 8.7207031250e-001	 1.46108e-002
1788	 8.7255859375e-001	 9.33689e-003
1789	 8.7304687500e-001	 1.34086e-003
1790	 8.7353515625e-001	-5.32516e-003
1791	 8.7402343750e-001	-5.72779e-003
1792	 8.7451171875e-001	-4.25925e-003
1793	 8.7500000000e-001	-1.43195e-003
1794	 8.7548828125e-001	-9.15257e-005
1795	 8.7597656250e-001	-4.35508e-004
1796	 8.7646484375e-001	-1.10326e-003
1797	 8.7695312500e-001	-3.28174e-003
1798	 8.7744140625e-001	-3.47931e-003
1799	 8.7792968750e-001	-1.52037e-004
1800	 8.7841796875e-001	 3.29487e-003
1801	 8.7890625000e-001	 4.06038e-003
1802	 8.7939453125e-001	 3.74023e-003
1803	 8.7988281250e-001	-3.75546e-004
1804	 8.8037109375e-001	-6.29514e-003
1805	 8.8085937500e-001	-9.53226e-003
1806	 8.8134765625e-001	-1.00044e-002
1807	 8.8183593750e-001	-6.69776e-003
1808	 8.8232421875e-001	-1.02741e-003
1809	 8.8281250000e-001	 7.15370e-003
1810	 8.8330078125e-001	 1.33059e-002
1811	 8.8378906250e-001	 1.26940e-002
1812	 8.8427734375e-001	 7.34792e-003
1813	 8.8476562500e-001	-1.60004e-003
1814	 8.8525390625e-001	-9.21740e-003
1815	 8.8574218750e-001	-1.40283e-002
1816	 8.8623046875e-001	-1.34342e-002
1817	 8.8671875000e-001	-5.88223e-003
1818	 8.8720703125e-001	 4.21619e-003
1819	 8.8769531250e-001	 1.28401e-002
1820	 8.8818359375e-001	 1.59219e-002
1821	 8.8867187500e-001	 1.54552e-002
1822	 8.8916015625e-001	 1.28213e-002
1823	 8.8964843750e-001	 6.98897e-003
1824	 8.9013671875e-001	 1.86343e-003
1825	 8.9062500000e-001	 7.97408e-004
1826	 8.9111328125e-001	 4.81731e-004
1827	 8.9160156250e-001	 6.89494e-004
1828	 8.9208984375e-001	 1.49187e-004
1829	 8.9257812500e-001	-1.40133e-003
1830	 8.9306640625e-001	-3.20836e-003
1831	 8.9355468750e-001	-4.86699e-003
1832	 8.9404296875e-001	-3.58679e-003
1833	 8.9453125000e-001	 3.96051e-005
1834	 8.9501953125e-001	 4.75117e-003
1835	 8.9550781250e-001	 7.66732e-003
1836	 8.9599609375e-001	 6.12497e-003
1837	 8.9648437500e-001	 1.24733e-003
1838	 8.9697265625e-001	-5.36014e-003
1839	 8.9746093750e-001	-1.00978e-002
1840	 8.9794921875e-001	-1.07886e-002
1841	 8.9843750000e-001	-9.11639e-003
1842	 8.9892578125e-001	-3.08899e-003
1843	 8.9941406250e-001	 7.29052e-003
1844	 8.9990234375e-001	 1.32624e-002
1845	 9.0039062500e-001	 1.20589e-002
1846	 9.0087890625e-001	 6.66057e-003
1847	 9.0136718750e-001	-2.66650e-003
1848	 9.0185546875e-001	-1.06946e-002
1849	 9.0234375000e-001	-1.48079e-002
1850	 9.0283203125e-001	-1.37511e-002
1851	 9.0332031250e-001	-6.15877e-003
1852	 9.0380859375e-001	 3.67314e-003
1853	 9.0429687500e-001	 1.13476e-002
1854	 9.0478515625e-001	 1.36604e-002
1855	 9.0527343750e-001	 1.12874e-002
1856	 9.0576171875e-001	 6.57059e-003
1857	 9.0625000000e-001	 1.60853e-004
1858	 9.0673828125e-001	-5.11396e-003
1859	 9.0722656250e-001	-6.37883e-003
1860	 9.0771484375e-001	-2.71910e-003
1861	 9.0820312500e-001	 1.33622e-003
1862	 9.0869140625e-001	 2.88010e-003
1863	 9.0917968750e-001	 3.32963e-003
1864	 9.0966796875e-001	 8.14819e-004
1865	 9.1015625000e-001	-2.16723e-003
1866	 9.1064453125e-001	-3.97991e-003
1867	 9.1113281250e-001	-3.56703e-003
1868	 9.1162109375e-001	 1.49025e-003
1869	 9.1210937500e-001	 6.30236e-003
1870	 9.1259765625e-001	 6.93544e-003
1871	 9.1308593750e-001	 3.26516e-003
1872	 9.1357421875e-001	-1.65677e-003
1873	 9.1406250000e-001	-6.14584e-003
1874	 9.1455078125e-001	-1.01180e-002
1875	 9.1503906250e-001	-9.62997e-003
1876	 9.1552734375e-001	-3.61845e-003
1877	 9.1601562500e-001	 5.02027e-003
1878	 9.1650390625e-001	 1.37008e-002
1879	 9.1699218750e-001	 1.68354e-002
1880	 9.1748046875e-001	 1.24219e-002
1881	 9.1796875000e-001	 2.74038e-003
1882	 9.1845703125e-001	-8.26528e-003
1883	 9.1894531250e-001	-1.46205e-002
1884	 9.1943359375e-001	-1.60061e-002
1885	 9.1992187500e-001	-8.47157e-003
1886	 9.2041015625e-001	 4.34248e-003
1887	 9.2089843750e-001	 1.35107e-002
1888	 9.2138671875e-001	 1.94365e-002
1889	 9.2187500000e-001	 1.81624e-002
1890	 9.2236328125e-001	 1.18777e-002
1891	 9.2285156250e-001	 5.68045e-003
1892	 9.2333984375e-001	-5.48389e-004
1893	 9.2382812500e-001	-3.11404e-003
1894	 9.2431640625e-001	-1.34869e-003
1895	 9.2480468750e-001	 7.97855e-005
1896	 9.2529296875e-001	 1.70073e-003
1897	 9.2578125000e-001	 2.66484e-003
1898	 9.2626953125e-001	 2.13787e-004
1899	 9.2675781250e-001	-2.22107e-003
1900	 9.2724609375e-001	-1.72108e-003
1901	 9.2773437500e-001	 4.06379e-005
1902	 9.2822265625e-001	 3.38758e-003
1903	 9.2871093750e-001	 7.02426e-003
1904	 9.2919921875e-001	 7.81626e-003
1905	 9.2968750000e-001	 3.26285e-003
1906	 9.3017578125e-001	-3.65419e-003
1907	 9.3066406250e-001	-7.74825e-003
1908	 9.3115234375e-001	-9.86151e-003
1909	 9.3164062500e-001	-1.10507e-002
1910	 9.3212890625e-001	-7.75970e-003
1911	 9.3261718750e-001	 1.48245e-003
1912	 9.3310546875e-001	 9.08024e-003
1913	 9.3359375000e-001	 1.06447e-002
1914	 9.3408203125e-001	 7.72640e-003
1915	 9.3457031250e-001	 1.55178e-003
1916	 9.3505859375e-001	-5.86437e-003
1917	 9.3554687500e-001	-1.09821e-002
1918	 9.3603515625e-001	-1.12614e-002
1919	 9.3652343750e-001	-6.55424e-003
1920	 9.3701171875e-001	 1.97070e-003
1921	 9.3750000000e-001	 1.04508e-002
1922	 9.3798828125e-001	 1.51199e-002
1923	 9.3847656250e-001	 1.36829e-002
1924	 9.3896484375e-001	 9.50540e-003
1925	 9.3945312500e-001	 4.40839e-003
1926	 9.3994140625e-001	 1.35695e-004
1927	 9.4042968750e-001	-1.10418e-003
1928	 9.4091796875e-001	-8.08519e-004
1929	 9.4140625000e-001	 1.30111e-003
1930	 9.4189453125e-001	 2.33717e-003
1931	 9.4238281250e-001	 1.99932e-003
1932	 9.4287109375e-001	-6.08776e-004
1933	 9.4335937500e-001	-3.27997e-003
1934	 9.4384765625e-001	-2.51148e-003
1935	 9.4433593750e-001	-2.01169e-003
1936	 9.4482421875e-001	 2.18772e-003
1937	 9.4531250000e-001	 7.47386e-003
1938	 9.4580078125e-001	 7.44875e-003
1939	 9.4628906250e-001	 5.18744e-003
1940	 9.4677734375e-001	-1.51734e-003
1941	 9.4726562500e-001	-6.70933e-003
1942	 9.4775390625e-001	-7.60130e-003
1943	 9.4824218750e-001	-8.46515e-003
1944	 9.4873046875e-001	-3.97729e-003
1945	 9.4921875000e-001	 5.77605e-003
1946	 9.4970703125e-001	 1.32078e-002
1947	 9.5019531250e-001	 1.39336e-002
1948	 9.5068359375e-001	 9.96263e-003
1949	 9.5117187500e-001	 3.78633e-003
1950	 9.5166015625e-001	-4.36974e-003
1951	 9.5214843750e-001	-1.12987e-002
1952	 9.5263671875e-001	-1.22053e-002
1953	 9.5312500000e-001	-7.19600e-003
1954	 9.5361328125e-001	 2.67058e-003
1955	 9.5410156250e-001	 1.23150e-002
1956	 9.5458984375e-001	 1.71192e-002
1957	 9.5507812500e-001	 1.55859e-002
1958	 9.5556640625e-001	 1.05943e-002
1959	 9.5605468750e-001	 4.78127e-003
1960	 9.5654296875e-001	-2.25882e-003
1961	 9.5703125000e-001	-3.92670e-003
1962	 9.5751953125e-001	-1.68149e-003
1963	 9.5800781250e-001	 2.30880e-003
1964	 9.5849609375e-001	 7.23570e-003
1965	 9.5898437500e-001	 8.95083e-003
1966	 9.5947265625e-001	 6.42556e-003
1967	 9.5996093750e-001	 1.17385e-003
1968	 9.6044921875e-001	-1.87309e-003
1969	 9.6093750000e-001	-2.86174e-003
1970	 9.6142578125e-001	-9.58097e-004
1971	 9.6191406250e-001	 2.40852e-003
1972	 9.6240234375e-001	 2.51923e-003
1973	 9.6289062500e-001	 9.01857e-004
1974	 9.6337890625e-001	-2.36453e-003
1975	 9.6386718750e-001	-6.79712e-003
1976	 9.6435546875e-001	-9.58096e-003
1977	 9.6484375000e-001	-8.01819e-003
1978	 9.6533203125e-001	-1.82252e-003
1979	 9.6582031250e-001	 7.46649e-003
1980	 9.6630859375e-001	 1.55149e-002
1981	 9.6679687500e-001	 1.83428e-002
1982	 9.6728515625e-001	 1.62249e-002
1983	 9.6777343750e-001	 7.48745e-003
1984	 9.6826171875e-001	-2.26023e-003
1985	 9.6875000000e-001	-1.04966e-002
1986	 9.6923828125e-001	-1.62391e-002
1987	 9.6972656250e-001	-1.10331e-002
1988	 9.7021484375e-001	 4.85784e-004
1989	 9.7070312500e-001	 1.10359e-002
1990	 9.7119140625e-001	 1.84954e-002
1991	 9.7167968750e-001	 1.87615e-002
1992	 9.7216796875e-001	 1.71047e-002
1993	 9.7265625000e-001	 1.34977e-002
1994	 9.7314453125e-001	 4.94101e-003
1995	 9.7363281250e-001	-7.92414e-004
1996	 9.7412109375e-001	-2.32727e-003
1997	 9.7460937500e-001	-1.80857e-003
1998	 9.7509765625e-001	 6.02375e-004
1999	 9.7558593750e-001	 1.92215e-003
2000	 9.7607421875e-001	-1.48216e-004
2001	 9.7656250000e-001	-1.11606e-003
2002	 9.7705078125e-001	 3.80495e-004
2003	 9.7753906250e-001	 1.68139e-003
2004	 9.7802734375e-001	 5.41778e-003
2005	 9.7851562500e-001	 8.84910e-003
2006	 9.7900390625e-001	 7.44529e-003
2007	 9.7949218750e-001	 4.08001e-003
2008	 9.7998046875e-001	-5.68037e-004
2009	 9.8046875000e-001	-6.19000e-003
2010	 9.8095703125e-001	-9.53130e-003
2011	 9.8144531250e-001	-9.31916e-003
2012	 9.8193359375e-001	-4.86111e-003
2013	 9.8242187500e-001	 3.83777e-003
2014	 9.8291015625e-001	 1.18240e-002
2015	 9.8339843750e-001	 1.52940e-002
2016	 9.8388671875e-001	 1.43828e-002
2017	 9.8437500000e-001	 7.38684e-003
2018	 9.8486328125e-001	-1.81098e-003
2019	 9.8535156250e-001	-8.51639e-003
2020	 9.8583984375e-001	-1.21290e-002
2021	 9.8632812500e-001	-8.84874e-003
2022	 9.8681640625e-001	-3.69257e-004
2023	 9.8730468750e-001	 8.39078e-003
2024	 9.8779296875e-001	 1.36052e-002
2025	 9.8828125000e-001	 1.45265e-002
2026	 9.8876953125e-001	 1.30331e-002
2027	 9.8925781250e-001	 1.09231e-002
2028	 9.8974609375e-001	 6.61614e-003
2029	 9.9023437500e-001	 3.14667e-003
2030	 9.9072265625e-001	 4.83757e-003
2031	 9.9121093750e-001	 5.94762e-003
2032	 9.9169921875e-001	 5.64635e-003
2033	 9.9218750000e-001	 5.58310e-003
2034	 9.9267578125e-001	 2.16231e-003
2035	 9.9316406250e-001	-1.62539e-003
2036	 9.9365234375e-001	-3.82306e-003
2037	 9.9414062500e-001	-4.53558e-003
2038	 9.9462890625e-001	 3.25503e-005
2039	 9.9511718750e-001	 6.62762e-003
2040	 9.9560546875e-001	 9.33888e-003
2041	 9.9609375000e-001	 7.06557e-003
2042	 9.9658203125e-001	 2.85252e-003
2043	 9.9707031250e-001	-2.71355e-003
2044	 9.9755859375e-001	-6.45207e-003
2045	 9.9804687500e-001	-5.87909e-003
2046	 9.9853515625e-001	-2.55760e-003
2047	 9.9902343750e-001	 2.79891e-003
2048	 9.9951171875e-001	 1.03915e-002
TagsBegin:	 	 
OverLoad:	 	False
OverLoadRatio: []	 	 0.00000e+000
TagsEnd:	 	 
TagScalesBegin:	 	 
TagScalesEnd:	 	 



Header Size:	 79	 
Pulse Version:	 80	 
Running Pulse Version:	PULSE LabShop  Version 21.0.0.671 - 2017-10-20	 
Decimal Symbol:	.	 
Date Format:	yyyy-MM-dd	 
Time Format:	HH:mm:ss:mmm	 
Data Type:	Real	 
Slice:	False	 
Z-Axis type:	Linear	 
Z-Axis size:	1	 
Z-Axis unit:	 	 
Z-Axis first value:	 0.0000000000e+000	 
Z-Axis delta:	 1.0000000000e+000	 
X-Axis type:	Linear	 
X-Axis size:	2048	 
X-Axis unit:	s	 
X-Axis first value:	 0.0000000000e+000	 
X-Axis delta:	 4.8828125000e-004	 
	 	 
AmplitudeUnit:	m/s^2	 
Analyzer:	FFT_Spectrum_Averaging	 
AnalyzerName:	FFT	 
	 	 
	 	 
Bipolar:	True	 
CenterFrequency:	 4.0000000000e+002	 
	 	 
	 	 
	 	 
	 	 
	 	 
	 	 
	 	 
	 	 
Domain:	0	 
Function:	Time	 
	 	 
InputRange:	 1.0277492292e+002	 
	 	 
	 	 
MultiBufferName:	Input	 
NBW:	 1.5000000000e+000	 
	 	 
OverlapFailed:	False	 
	 	 
Power:	False	 
PowerUnit:	(m/s^2)^2	 
	 	 
RecordLength:	 1.0000000000e+000	 
	 	 
	 	 
	 	 
	 	 
	 	 
	 	 
SamplingRatio:	 2.5600000000e+000	 
Signal:	Acc_1_y	 
	 	 
SignalUnit:	m/s^2	 
	 	 
	 	 
	 	 
Title:	Time(Acc_1_y)	 
Title1:	Working : 1mVpp : Input : FFT	 
	 	 
	 	 
Weight:	0	 
ZoomOn:	False	 
	 	 
TemplateName:	Working	 
MeasurementName:	1mVpp	 
MeasurementSlice:	False	 
	 	 
	 	 
	 	 
EnvelopeOn:	False	 
	 	 
	 	 
	 	 
Z-index:	 	1
Date:	 	2025-03-07
Time:	 	17:02:05:603
Relative time:	 	 0.00000e+000
Z-axis:	 	 0.0000000000e+000
1	 0.0000000000e+000	 3.76387e-003
2	 4.8828125000e-004	 1.22174e-002
3	 9.7656250000e-004	-8.84473e-003
4	 1.4648437500e-003	-1.00699e-002
5	 1.9531250000e-003	 1.45235e-002
6	 2.4414062500e-003	 5.86258e-003
7	 2.9296875000e-003	-1.09502e-003
8	 3.4179687500e-003	 1.43349e-002
9	 3.9062500000e-003	-1.90094e-003
10	 4.3945312500e-003	-3.28722e-003
11	 4.8828125000e-003	 1.75091e-002
12	 5.3710937500e-003	 5.67285e-003
13	 5.8593750000e-003	 4.65539e-003
14	 6.3476562500e-003	 1.23070e-002
15	 6.8359375000e-003	-5.66956e-003
16	 7.3242187500e-003	-5.00217e-003
17	 7.8125000000e-003	 1.25409e-002
18	 8.3007812500e-003	 9.58232e-003
19	 8.7890625000e-003	 8.04879e-003
20	 9.2773437500e-003	 7.74916e-003
21	 9.7656250000e-003	-8.20916e-003
22	 1.0253906250e-002	 2.16689e-003
23	 1.0742187500e-002	 1.70631e-002
24	 1.1230468750e-002	 5.99216e-004
25	 1.1718750000e-002	-2.86368e-003
26	 1.2207031250e-002	-7.40852e-004
27	 1.2695312500e-002	-1.23720e-003
28	 1.3183593750e-002	 6.58594e-003
29	 1.3671875000e-002	 3.79340e-003
30	 1.4160156250e-002	 1.14307e-003
31	 1.4648437500e-002	 4.36734e-005
32	 1.5136718750e-002	-7.06356e-003
33	 1.5625000000e-002	-8.07156e-003
34	 1.6113281250e-002	-2.16563e-003
35	 1.6601562500e-002	 1.51461e-003
36	 1.7089843750e-002	 3.66780e-004
37	 1.7578125000e-002	-4.51640e-003
38	 1.8066406250e-002	-1.29520e-002
39	 1.8554687500e-002	 9.53066e-004
40	 1.9042968750e-002	 1.32579e-002
41	 1.9531250000e-002	-7.92953e-004
42	 2.0019531250e-002	 3.54083e-003
43	 2.0507812500e-002	 7.89004e-003
44	 2.0996093750e-002	 5.93036e-004
45	 2.1484375000e-002	 6.94322e-003
46	 2.1972656250e-002	 1.33192e-002
47	 2.2460937500e-002	 8.03507e-003
48	 2.2949218750e-002	 1.04333e-003
49	 2.3437500000e-002	-1.00110e-003
50	 2.3925781250e-002	-4.88026e-003
51	 2.4414062500e-002	 1.09376e-003
52	 2.4902343750e-002	 1.01650e-002
53	 2.5390625000e-002	 4.89212e-003
54	 2.5878906250e-002	-5.62430e-003
55	 2.6367187500e-002	-1.02406e-002
56	 2.6855468750e-002	-1.45790e-003
57	 2.7343750000e-002	 3.69556e-003
58	 2.7832031250e-002	 1.48960e-003
59	 2.8320312500e-002	-1.03813e-004
60	 2.8808593750e-002	-8.85037e-003
61	 2.9296875000e-002	-2.43196e-003
62	 2.9785156250e-002	 1.09366e-002
63	 3.0273437500e-002	 4.59373e-003
64	 3.0761718750e-002	 4.32381e-003
65	 3.1250000000e-002	 6.77394e-003
66	 3.1738281250e-002	-4.09849e-003
67	 3.2226562500e-002	-4.20248e-003
68	 3.2714843750e-002	 2.94263e-003
69	 3.3203125000e-002	 1.39596e-004
70	 3.3691406250e-002	 3.07947e-003
71	 3.4179687500e-002	 2.33585e-003
72	 3.4667968750e-002	-1.27649e-002
73	 3.5156250000e-002	-2.59057e-003
74	 3.5644531250e-002	 1.35490e-002
75	 3.6132812500e-002	-1.25444e-003
76	 3.6621093750e-002	-2.86976e-003
77	 3.7109375000e-002	 6.11605e-003
78	 3.7597656250e-002	 6.25607e-004
79	 3.8085937500e-002	 6.51006e-003
80	 3.8574218750e-002	 1.20091e-002
81	 3.9062500000e-002	 5.17902e-003
82	 3.9550781250e-002	 7.64000e-003
83	 4.0039062500e-002	 5.01238e-003
84	 4.0527343750e-002	-6.94018e-003
85	 4.1015625000e-002	 4.23142e-003
86	 4.1503906250e-002	 1.54496e-002
87	 4.1992187500e-002	 5.38378e-003
88	 4.2480468750e-002	-1.56346e-003
89	 4.2968750000e-002	-6.97311e-003
90	 4.3457031250e-002	-6.61808e-003
91	 4.3945312500e-002	 4.50370e-003
92	 4.4433593750e-002	 1.78896e-003
93	 4.4921875000e-002	-8.40664e-003
94	 4.5410156250e-002	-8.69010e-003
95	 4.5898437500e-002	-7.38036e-003
96	 4.6386718750e-002	-2.65666e-003
97	 4.6875000000e-002	 3.40768e-003
98	 4.7363281250e-002	-5.04922e-004
99	 4.7851562500e-002	-6.30395e-003
100	 4.8339843750e-002	-3.61406e-003
101	 4.8828125000e-002	-5.47150e-003
102	 4.9316406250e-002	-7.58949e-003
103	 4.9804687500e-002	 6.23622e-003
104	 5.0292968750e-002	 7.41096e-003
105	 5.0781250000e-002	-6.51313e-003
106	 5.1269531250e-002	-4.29430e-003
107	 5.1757812500e-002	 8.58379e-004
108	 5.2246093750e-002	 6.81276e-003
109	 5.2734375000e-002	 9.94048e-003
110	 5.3222656250e-002	-2.27865e-004
111	 5.3710937500e-002	-3.64736e-003
112	 5.4199218750e-002	 5.60702e-003
113	 5.4687500000e-002	 7.91426e-003
114	 5.5175781250e-002	 1.21097e-003
115	 5.5664062500e-002	 1.11392e-002
116	 5.6152343750e-002	 9.57744e-003
117	 5.6640625000e-002	-7.14377e-003
118	 5.7128906250e-002	-9.70892e-004
119	 5.7617187500e-002	 3.52820e-003
120	 5.8105468750e-002	 4.26415e-003
121	 5.8593750000e-002	 1.46189e-002
122	 5.9082031250e-002	 6.53644e-003
123	 5.9570312500e-002	-9.54141e-003
124	 6.0058593750e-002	 3.60686e-003
125	 6.0546875000e-002	 1.32706e-002
126	 6.1035156250e-002	 1.54109e-004
127	 6.1523437500e-002	 3.95575e-003
128	 6.2011718750e-002	 1.02608e-003
129	 6.2500000000e-002	-6.94225e-003
130	 6.2988281250e-002	 7.78491e-003
131	 6.3476562500e-002	 6.68570e-003
132	 6.3964843750e-002	 1.31239e-003
133	 6.4453125000e-002	 4.18796e-003
134	 6.4941406250e-002	-3.90662e-003
135	 6.5429687500e-002	-7.94386e-003
136	 6.5917968750e-002	-3.60703e-003
137	 6.6406250000e-002	 2.38151e-003
138	 6.6894531250e-002	 6.32801e-003
139	 6.7382812500e-002	 1.26281e-003
140	 6.7871093750e-002	-1.21477e-002
141	 6.8359375000e-002	-4.83831e-003
142	 6.8847656250e-002	 1.47148e-002
143	 6.9335937500e-002	 8.39720e-003
144	 6.9824218750e-002	 4.26658e-003
145	 7.0312500000e-002	 3.75517e-003
146	 7.0800781250e-002	 2.62729e-003
147	 7.1289062500e-002	 1.57334e-002
148	 7.1777343750e-002	 9.54834e-003
149	 7.2265625000e-002	 1.66527e-003
150	 7.2753906250e-002	 1.20735e-002
151	 7.3242187500e-002	 4.56140e-003
152	 7.3730468750e-002	-7.30140e-003
153	 7.4218750000e-002	 1.50569e-003
154	 7.4707031250e-002	 5.87638e-003
155	 7.5195312500e-002	 4.63205e-003
156	 7.5683593750e-002	 4.29967e-003
157	 7.6171875000e-002	-1.25570e-002
158	 7.6660156250e-002	-9.73574e-003
159	 7.7148437500e-002	 1.23084e-002
160	 7.7636718750e-002	-6.76597e-004
161	 7.8125000000e-002	-8.74394e-003
162	 7.8613281250e-002	 3.33404e-003
163	 7.9101562500e-002	-3.11092e-003
164	 7.9589843750e-002	-3.80031e-003
165	 8.0078125000e-002	 7.02484e-003
166	 8.0566406250e-002	 8.40088e-003
167	 8.1054687500e-002	 4.63730e-003
168	 8.1542968750e-002	 1.44693e-003
169	 8.2031250000e-002	-6.32441e-003
170	 8.2519531250e-002	-6.77796e-003
171	 8.3007812500e-002	 5.46724e-003
172	 8.3496093750e-002	 7.55780e-003
173	 8.3984375000e-002	-2.09199e-003
174	 8.4472656250e-002	-1.02890e-002
175	 8.4960937500e-002	-5.45721e-003
176	 8.5449218750e-002	 4.24451e-003
177	 8.5937500000e-002	 2.15470e-003
178	 8.6425781250e-002	 3.05028e-003
179	 8.6914062500e-002	 1.57173e-003
180	 8.7402343750e-002	-2.41812e-003
181	 8.7890625000e-002	 7.72484e-003
182	 8.8378906250e-002	 1.25365e-002
183	 8.8867187500e-002	 7.46438e-003
184	 8.9355468750e-002	 9.37294e-003
185	 8.9843750000e-002	 5.17146e-003
186	 9.0332031250e-002	-3.13815e-003
187	 9.0820312500e-002	 7.57027e-003
188	 9.1308593750e-002	 1.17886e-002
189	 9.1796875000e-002	 4.98370e-003
190	 9.2285156250e-002	 7.89584e-003
191	 9.2773437500e-002	-3.27151e-003
192	 9.3261718750e-002	-1.02793e-002
193	 9.3750000000e-002	 8.86219e-003
194	 9.4238281250e-002	 6.22139e-003
195	 9.4726562500e-002	-1.06619e-002
196	 9.5214843750e-002	-4.15828e-003
197	 9.5703125000e-002	-2.71728e-003
198	 9.6191406250e-002	-5.91769e-003
199	 9.6679687500e-002	 2.06546e-003
200	 9.7167968750e-002	 3.99245e-003
201	 9.7656250000e-002	 1.14760e-003
202	 9.8144531250e-002	-7.28725e-004
203	 9.8632812500e-002	-6.04675e-003
204	 9.9121093750e-002	-5.80831e-003
205	 9.9609375000e-002	 6.09693e-003
206	 1.0009765625e-001	 8.54745e-003
207	 1.0058593750e-001	 9.49956e-004
208	 1.0107421875e-001	-3.63727e-003
209	 1.0156250000e-001	-4.15624e-003
210	 1.0205078125e-001	 6.49610e-003
211	 1.0253906250e-001	 8.96212e-003
212	 1.0302734375e-001	 9.89005e-004
213	 1.0351562500e-001	 2.42149e-003
214	 1.0400390625e-001	-1.00483e-003
215	 1.0449218750e-001	-1.83604e-003
216	 1.0498046875e-001	 8.30036e-003
217	 1.0546875000e-001	 7.22092e-003
218	 1.0595703125e-001	-7.22765e-004
219	 1.0644531250e-001	-2.72638e-003
220	 1.0693359375e-001	-5.09061e-003
221	 1.0742187500e-001	-5.11803e-003
222	 1.0791015625e-001	 6.27606e-003
223	 1.0839843750e-001	 1.19255e-002
224	 1.0888671875e-001	 1.63667e-003
225	 1.0937500000e-001	-4.65903e-003
226	 1.0986328125e-001	-2.28273e-003
227	 1.1035156250e-001	 2.44613e-003
228	 1.1083984375e-001	 6.21177e-003
229	 1.1132812500e-001	 1.01221e-003
230	 1.1181640625e-001	-7.27658e-003
231	 1.1230468750e-001	-6.20568e-003
232	 1.1279296875e-001	 3.93373e-003
233	 1.1328125000e-001	 2.76940e-003
234	 1.1376953125e-001	-1.68586e-005
235	 1.1425781250e-001	 4.44320e-003
236	 1.1474609375e-001	-3.94965e-003
237	 1.1523437500e-001	-7.98561e-003
238	 1.1572265625e-001	-5.39376e-003
239	 1.1621093750e-001	-1.95978e-003
240	 1.1669921875e-001	 6.59855e-003
241	 1.1718750000e-001	 2.16991e-003
242	 1.1767578125e-001	-7.48754e-003
243	 1.1816406250e-001	-6.33918e-003
244	 1.1865234375e-001	 7.13121e-003
245	 1.1914062500e-001	 1.02456e-002
246	 1.1962890625e-001	 3.89630e-003
247	 1.2011718750e-001	 4.97809e-003
248	 1.2060546875e-001	 8.67223e-004
249	 1.2109375000e-001	 5.94250e-003
250	 1.2158203125e-001	 1.04365e-002
251	 1.2207031250e-001	 8.63797e-003
252	 1.2255859375e-001	 9.58808e-003
253	 1.2304687500e-001	 1.18688e-003
254	 1.2353515625e-001	-1.35114e-003
255	 1.2402343750e-001	-5.31525e-004
256	 1.2451171875e-001	 3.28811e-004
257	 1.2500000000e-001	 8.12105e-003
258	 1.2548828125e-001	 7.87162e-003
259	 1.2597656250e-001	-9.18577e-003
260	 1.2646484375e-001	-1.28617e-002
261	 1.2695312500e-001	 4.45755e-003
262	 1.2744140625e-001	 6.60645e-004
263	 1.2792968750e-001	-4.24614e-003
264	 1.2841796875e-001	-8.76767e-004
265	 1.2890625000e-001	-1.00257e-002
266	 1.2939453125e-001	 9.85416e-004
267	 1.2988281250e-001	 1.12856e-002
268	 1.3037109375e-001	-1.81778e-003
269	 1.3085937500e-001	 2.50475e-003
270	 1.3134765625e-001	 7.94691e-003
271	 1.3183593750e-001	-8.12488e-003
272	 1.3232421875e-001	-8.94072e-003
273	 1.3281250000e-001	 5.39371e-003
274	 1.3330078125e-001	 3.81483e-003
275	 1.3378906250e-001	 1.54999e-003
276	 1.3427734375e-001	-2.36039e-003
277	 1.3476562500e-001	-1.53165e-002
278	 1.3525390625e-001	 4.08830e-003
279	 1.3574218750e-001	 1.66488e-002
280	 1.3623046875e-001	-4.29634e-003
281	 1.3671875000e-001	 8.44367e-005
282	 1.3720703125e-001	 8.79357e-003
283	 1.3769531250e-001	 1.78297e-003
284	 1.3818359375e-001	 6.39614e-003
285	 1.3867187500e-001	 1.45106e-002
286	 1.3916015625e-001	 8.47633e-003
287	 1.3964843750e-001	 6.84391e-003
288	 1.4013671875e-001	 5.94880e-003
289	 1.4062500000e-001	-2.65386e-003
290	 1.4111328125e-001	 6.03330e-003
291	 1.4160156250e-001	 1.58833e-002
292	 1.4208984375e-001	 1.01620e-002
293	 1.4257812500e-001	-2.61981e-003
294	 1.4306640625e-001	-6.66336e-003
295	 1.4355468750e-001	 2.76462e-003
296	 1.4404296875e-001	 3.06158e-003
297	 1.4453125000e-001	-1.93583e-003
298	 1.4501953125e-001	-3.76283e-003
299	 1.4550781250e-001	-8.68807e-003
300	 1.4599609375e-001	-5.69388e-003
301	 1.4648437500e-001	 3.40677e-003
302	 1.4697265625e-001	 1.33422e-003
303	 1.4746093750e-001	-1.48275e-003
304	 1.4794921875e-001	-1.87582e-003
305	 1.4843750000e-001	-8.99850e-003
306	 1.4892578125e-001	-8.91530e-003
307	 1.4941406250e-001	-1.30705e-003
308	 1.4990234375e-001	 3.74440e-003
309	 1.5039062500e-001	 2.46507e-003
310	 1.5087890625e-001	-4.61001e-003
311	 1.5136718750e-001	-9.99018e-003
312	 1.5185546875e-001	-9.70713e-004
313	 1.5234375000e-001	 1.06600e-002
314	 1.5283203125e-001	 6.00887e-004
315	 1.5332031250e-001	-4.90503e-003
316	 1.5380859375e-001	-2.90665e-004
317	 1.5429687500e-001	 2.17772e-003
318	 1.5478515625e-001	 1.23893e-003
319	 1.5527343750e-001	-2.36803e-003
320	 1.5576171875e-001	 4.94655e-003
321	 1.5625000000e-001	 4.06392e-003
322	 1.5673828125e-001	-5.05936e-003
323	 1.5722656250e-001	-5.03990e-003
324	 1.5771484375e-001	 3.83730e-004
325	 1.5820312500e-001	 6.78103e-003
326	 1.5869140625e-001	 8.37163e-003
327	 1.5917968750e-001	-1.77946e-004
328	 1.5966796875e-001	-9.18403e-003
329	 1.6015625000e-001	 4.42622e-003
330	 1.6064453125e-001	 1.03132e-002
331	 1.6113281250e-001	-5.31628e-003
332	 1.6162109375e-001	 5.44027e-005
333	 1.6210937500e-001	 2.10395e-003
334	 1.6259765625e-001	-6.91547e-003
335	 1.6308593750e-001	 3.10445e-003
336	 1.6357421875e-001	 7.66373e-003
337	 1.6406250000e-001	 3.49144e-003
338	 1.6455078125e-001	 2.17006e-003
339	 1.6503906250e-001	-4.79398e-003
340	 1.6552734375e-001	-9.49992e-003
341	 1.6601562500e-001	 2.57358e-003
342	 1.6650390625e-001	 8.84250e-003
343	 1.6699218750e-001	-1.18140e-003
344	 1.6748046875e-001	-5.20381e-004
345	 1.6796875000e-001	-3.56762e-003
346	 1.6845703125e-001	-3.07833e-003
347	 1.6894531250e-001	 1.35952e-002
348	 1.6943359375e-001	 1.01996e-002
349	 1.6992187500e-001	 1.67513e-003
350	 1.7041015625e-001	 3.61866e-003
351	 1.7089843750e-001	 6.67305e-003
352	 1.7138671875e-001	 9.57637e-003
353	 1.7187500000e-001	 1.30981e-002
354	 1.7236328125e-001	 9.27550e-003
355	 1.7285156250e-001	-9.22231e-004
356	 1.7333984375e-001	 1.48691e-003
357	 1.7382812500e-001	-3.52200e-003
358	 1.7431640625e-001	-5.52748e-003
359	 1.7480468750e-001	 8.59516e-003
360	 1.7529296875e-001	 5.26260e-003
361	 1.7578125000e-001	-5.57394e-003
362	 1.7626953125e-001	-8.51996e-003
363	 1.7675781250e-001	-5.73257e-003
364	 1.7724609375e-001	-9.37975e-004
365	 1.7773437500e-001	-1.41288e-004
366	 1.7822265625e-001	-4.69494e-003
367	 1.7871093750e-001	-8.86145e-003
368	 1.7919921875e-001	 7.46901e-005
369	 1.7968750000e-001	 2.38465e-004
370	 1.8017578125e-001	-1.78324e-003
371	 1.8066406250e-001	 9.64094e-003
372	 1.8115234375e-001	 4.31847e-005
373	 1.8164062500e-001	-8.19830e-003
374	 1.8212890625e-001	 2.97738e-004
375	 1.8261718750e-001	-5.14459e-003
376	 1.8310546875e-001	-1.36666e-003
377	 1.8359375000e-001	 1.02751e-002
378	 1.8408203125e-001	-8.13531e-003
379	 1.8457031250e-001	-2.02174e-002
380	 1.8505859375e-001	 2.63635e-003
381	 1.8554687500e-001	 6.02352e-003
382	 1.8603515625e-001	-3.12117e-003
383	 1.8652343750e-001	 8.01166e-003
384	 1.8701171875e-001	-2.88057e-003
385	 1.8750000000e-001	-7.05804e-003
386	 1.8798828125e-001	 1.54616e-002
387	 1.8847656250e-001	 8.29019e-003
388	 1.8896484375e-001	 1.09097e-003
389	 1.8945312500e-001	 1.36142e-002
390	 1.8994140625e-001	 1.92513e-003
391	 1.9042968750e-001	-7.90762e-003
392	 1.9091796875e-001	 6.91103e-003
393	 1.9140625000e-001	 1.09507e-002
394	 1.9189453125e-001	 9.59462e-003
395	 1.9238281250e-001	 6.93462e-003
396	 1.9287109375e-001	-8.06316e-003
397	 1.9335937500e-001	-3.34231e-003
398	 1.9384765625e-001	 9.81757e-003
399	 1.9433593750e-001	-2.21949e-003
400	 1.9482421875e-001	-8.82191e-003
401	 1.9531250000e-001	-3.31728e-003
402	 1.9580078125e-001	-5.89481e-003
403	 1.9628906250e-001	-1.14262e-003
404	 1.9677734375e-001	 1.50762e-003
405	 1.9726562500e-001	 1.18629e-003
406	 1.9775390625e-001	 4.23878e-003
407	 1.9824218750e-001	-4.86964e-003
408	 1.9873046875e-001	-6.19667e-003
409	 1.9921875000e-001	-1.04985e-003
410	 1.9970703125e-001	 2.43904e-003
411	 2.0019531250e-001	 8.44208e-003
412	 2.0068359375e-001	 1.60576e-003
413	 2.0117187500e-001	-1.06910e-002
414	 2.0166015625e-001	-3.29410e-003
415	 2.0214843750e-001	 1.11123e-002
416	 2.0263671875e-001	 4.10009e-003
417	 2.0312500000e-001	 3.49634e-003
418	 2.0361328125e-001	 4.97144e-003
419	 2.0410156250e-001	-6.99861e-003
420	 2.0458984375e-001	 4.30954e-003
421	 2.0507812500e-001	 1.16350e-002
422	 2.0556640625e-001	-4.68995e-004
423	 2.0605468750e-001	 1.39297e-003
424	 2.0654296875e-001	-3.26146e-004
425	 2.0703125000e-001	-7.08615e-003
426	 2.0751953125e-001	-5.02886e-004
427	 2.0800781250e-001	 6.54275e-003
428	 2.0849609375e-001	 6.44644e-003
429	 2.0898437500e-001	 5.83601e-003
430	 2.0947265625e-001	-3.40468e-003
431	 2.0996093750e-001	-7.37600e-003
432	 2.1044921875e-001	 1.00276e-002
433	 2.1093750000e-001	 8.30192e-003
434	 2.1142578125e-001	-4.14636e-003
435	 2.1191406250e-001	-3.37941e-003
436	 2.1240234375e-001	-2.79758e-003
437	 2.1289062500e-001	 4.60515e-003
438	 2.1337890625e-001	 3.57500e-003
439	 2.1386718750e-001	 1.12169e-004
440	 2.1435546875e-001	 3.85622e-003
441	 2.1484375000e-001	-3.28397e-003
442	 2.1533203125e-001	-8.21886e-003
443	 2.1582031250e-001	-3.75523e-003
444	 2.1630859375e-001	 1.39669e-003
445	 2.1679687500e-001	 1.41536e-003
446	 2.1728515625e-001	 2.41819e-003
447	 2.1777343750e-001	-7.09458e-003
448	 2.1826171875e-001	-8.92328e-003
449	 2.1875000000e-001	 1.54809e-002
450	 2.1923828125e-001	 6.56647e-003
451	 2.1972656250e-001	-3.06184e-003
452	 2.2021484375e-001	 1.12049e-002
453	 2.2070312500e-001	 3.18992e-003
454	 2.2119140625e-001	 4.52336e-003
455	 2.2167968750e-001	 1.59296e-002
456	 2.2216796875e-001	 9.40118e-003
457	 2.2265625000e-001	 3.49044e-003
458	 2.2314453125e-001	 5.19744e-003
459	 2.2363281250e-001	-5.96765e-003
460	 2.2412109375e-001	-6.48499e-003
461	 2.2460937500e-001	 1.36121e-002
462	 2.2509765625e-001	 4.64604e-003
463	 2.2558593750e-001	-3.47801e-003
464	 2.2607421875e-001	-2.68679e-003
465	 2.2656250000e-001	-1.44153e-002
466	 2.2705078125e-001	-1.31999e-003
467	 2.2753906250e-001	 7.83776e-003
468	 2.2802734375e-001	-6.05042e-003
469	 2.2851562500e-001	-7.55900e-003
470	 2.2900390625e-001	-1.09406e-003
471	 2.2949218750e-001	-1.34314e-003
472	 2.2998046875e-001	 2.82365e-003
473	 2.3046875000e-001	 7.00524e-003
474	 2.3095703125e-001	-3.12969e-003
475	 2.3144531250e-001	-1.10511e-003
476	 2.3193359375e-001	 1.54350e-003
477	 2.3242187500e-001	-1.04098e-002
478	 2.3291015625e-001	 8.14666e-004
479	 2.3339843750e-001	 8.96163e-003
480	 2.3388671875e-001	-5.29740e-003
481	 2.3437500000e-001	-9.53214e-003
482	 2.3486328125e-001	-3.50469e-003
483	 2.3535156250e-001	 2.55723e-003
484	 2.3583984375e-001	 5.99979e-003
485	 2.3632812500e-001	 1.82009e-003
486	 2.3681640625e-001	-4.01559e-003
487	 2.3730468750e-001	 4.96569e-003
488	 2.3779296875e-001	 8.81562e-003
489	 2.3828125000e-001	 8.23443e-004
490	 2.3876953125e-001	 1.09601e-002
491	 2.3925781250e-001	 1.58194e-002
492	 2.3974609375e-001	 3.14340e-003
493	 2.4023437500e-001	-5.18054e-004
494	 2.4072265625e-001	 2.67525e-003
495	 2.4121093750e-001	 6.95999e-003
496	 2.4169921875e-001	 1.69579e-002
497	 2.4218750000e-001	 1.05635e-002
498	 2.4267578125e-001	-1.03795e-002
499	 2.4316406250e-001	-2.56058e-003
500	 2.4365234375e-001	 8.36431e-003
501	 2.4414062500e-001	-2.36445e-003
502	 2.4462890625e-001	-2.15349e-003
503	 2.4511718750e-001	-3.23706e-003
504	 2.4560546875e-001	-9.96632e-003
505	 2.4609375000e-001	-3.30023e-004
506	 2.4658203125e-001	 4.04041e-003
507	 2.4707031250e-001	-1.15483e-004
508	 2.4755859375e-001	 4.21568e-003
509	 2.4804687500e-001	-2.43247e-003
510	 2.4853515625e-001	-1.08784e-002
511	 2.4902343750e-001	-2.71133e-003
512	 2.4951171875e-001	 3.92020e-003
513	 2.5000000000e-001	 7.44363e-003
514	 2.5048828125e-001	 3.86935e-003
515	 2.5097656250e-001	-8.37203e-003
516	 2.5146484375e-001	-5.35754e-003
517	 2.5195312500e-001	 8.92775e-003
518	 2.5244140625e-001	 7.05397e-003
519	 2.5292968750e-001	 2.30437e-004
520	 2.5341796875e-001	 2.47566e-003
521	 2.5390625000e-001	-2.11801e-004
522	 2.5439453125e-001	 3.42700e-003
523	 2.5488281250e-001	 6.26954e-003
524	 2.5537109375e-001	 1.45502e-003
525	 2.5585937500e-001	 8.68302e-003
526	 2.5634765625e-001	 3.82077e-003
527	 2.5683593750e-001	-9.17074e-003
528	 2.5732421875e-001	-1.21084e-003
529	 2.5781250000e-001	 5.53097e-003
530	 2.5830078125e-001	 4.21712e-003
531	 2.5878906250e-001	 7.05172e-003
532	 2.5927734375e-001	-3.30163e-003
533	 2.5976562500e-001	-1.06487e-002
534	 2.6025390625e-001	 6.90588e-003
535	 2.6074218750e-001	 6.40644e-003
536	 2.6123046875e-001	-5.73778e-003
537	 2.6171875000e-001	 3.56690e-003
538	 2.6220703125e-001	-1.46783e-003
539	 2.6269531250e-001	-7.76147e-003
540	 2.6318359375e-001	 6.61133e-003
541	 2.6367187500e-001	 7.07937e-003
542	 2.6416015625e-001	-5.56597e-004
543	 2.6464843750e-001	-2.97505e-003
544	 2.6513671875e-001	-4.83832e-003
545	 2.6562500000e-001	-9.84875e-003
546	 2.6611328125e-001	-3.75014e-003
547	 2.6660156250e-001	 8.11539e-003
548	 2.6708984375e-001	-2.43866e-004
549	 2.6757812500e-001	-8.14594e-003
550	 2.6806640625e-001	-6.26550e-003
551	 2.6855468750e-001	 3.73863e-003
552	 2.6904296875e-001	 1.08964e-002
553	 2.6953125000e-001	 6.46063e-003
554	 2.7001953125e-001	 3.46153e-003
555	 2.7050781250e-001	-1.43820e-003
556	 2.7099609375e-001	 8.98052e-003
557	 2.7148437500e-001	 1.50996e-002
558	 2.7197265625e-001	 3.85832e-003
559	 2.7246093750e-001	 8.35451e-003
560	 2.7294921875e-001	 4.03779e-003
561	 2.7343750000e-001	-6.41328e-003
562	 2.7392578125e-001	-2.71017e-004
563	 2.7441406250e-001	 4.47575e-003
564	 2.7490234375e-001	 3.00429e-003
565	 2.7539062500e-001	 4.88580e-003
566	 2.7587890625e-001	-2.08879e-003
567	 2.7636718750e-001	-1.70703e-002
568	 2.7685546875e-001	 4.97255e-004
569	 2.7734375000e-001	 8.12190e-003
570	 2.7783203125e-001	-1.02510e-002
571	 2.7832031250e-001	-2.68527e-003
572	 2.7880859375e-001	-2.35744e-003
573	 2.7929687500e-001	-8.33602e-003
574	 2.7978515625e-001	 1.86735e-003
575	 2.8027343750e-001	 4.57318e-003
576	 2.8076171875e-001	 4.32565e-004
577	 2.8125000000e-001	-2.04779e-003
578	 2.8173828125e-001	-5.67508e-003
579	 2.8222656250e-001	-1.07632e-002
580	 2.8271484375e-001	-3.20846e-003
581	 2.8320312500e-001	 7.00863e-004
582	 2.8369140625e-001	-4.09615e-003
583	 2.8417968750e-001	-2.82656e-003
584	 2.8466796875e-001	-1.34147e-002
585	 2.8515625000e-001	-7.82145e-003
586	 2.8564453125e-001	 6.44420e-003
587	 2.8613281250e-001	-4.38892e-004
588	 2.8662109375e-001	-1.69302e-003
589	 2.8710937500e-001	-3.07002e-003
590	 2.8759765625e-001	-2.82450e-003
591	 2.8808593750e-001	 8.90345e-003
592	 2.8857421875e-001	 1.08030e-002
593	 2.8906250000e-001	-6.01394e-004
594	 2.8955078125e-001	 1.98881e-003
595	 2.9003906250e-001	 4.86188e-003
596	 2.9052734375e-001	-6.83163e-003
597	 2.9101562500e-001	 3.43388e-003
598	 2.9150390625e-001	 1.09020e-002
599	 2.9199218750e-001	 1.61693e-003
600	 2.9248046875e-001	 8.08363e-004
601	 2.9296875000e-001	-7.58108e-003
602	 2.9345703125e-001	-7.69633e-003
603	 2.9394531250e-001	 9.19009e-003
604	 2.9443359375e-001	 1.42947e-003
605	 2.9492187500e-001	-1.71677e-002
606	 2.9541015625e-001	-5.50433e-003
607	 2.9589843750e-001	 1.45797e-003
608	 2.9638671875e-001	-8.33012e-003
609	 2.9687500000e-001	 7.86385e-005
610	 2.9736328125e-001	 3.56431e-003
611	 2.9785156250e-001	-6.61583e-003
612	 2.9833984375e-001	-2.05731e-003
613	 2.9882812500e-001	-5.75702e-003
614	 2.9931640625e-001	-1.06929e-002
615	 2.9980468750e-001	 1.08634e-002
616	 3.0029296875e-001	 9.68159e-003
617	 3.0078125000e-001	-1.25844e-002
618	 3.0126953125e-001	-6.02113e-003
619	 3.0175781250e-001	 4.74522e-003
620	 3.0224609375e-001	 3.14275e-003
621	 3.0273437500e-001	 6.47221e-003
622	 3.0322265625e-001	 3.03716e-003
623	 3.0371093750e-001	-5.63570e-003
624	 3.0419921875e-001	 2.35485e-003
625	 3.0468750000e-001	 6.49671e-003
626	 3.0517578125e-001	 1.90787e-003
627	 3.0566406250e-001	 7.38529e-003
628	 3.0615234375e-001	 8.82412e-004
629	 3.0664062500e-001	-9.65566e-003
630	 3.0712890625e-001	-2.65314e-003
631	 3.0761718750e-001	-7.92481e-004
632	 3.0810546875e-001	 3.71575e-003
633	 3.0859375000e-001	 9.95830e-003
634	 3.0908203125e-001	-5.50922e-003
635	 3.0957031250e-001	-1.04007e-002
636	 3.1005859375e-001	 4.14264e-003
637	 3.1054687500e-001	 5.52231e-003
638	 3.1103515625e-001	-9.16578e-004
639	 3.1152343750e-001	-2.00017e-003
640	 3.1201171875e-001	-8.69976e-003
641	 3.1250000000e-001	-5.44238e-003
642	 3.1298828125e-001	 3.76613e-003
643	 3.1347656250e-001	-7.83367e-003
644	 3.1396484375e-001	-2.40540e-003
645	 3.1445312500e-001	 5.39817e-003
646	 3.1494140625e-001	-1.10484e-002
647	 3.1542968750e-001	-1.00793e-002
648	 3.1591796875e-001	-4.45653e-003
649	 3.1640625000e-001	-3.43812e-003
650	 3.1689453125e-001	 2.16941e-003
651	 3.1738281250e-001	-4.12858e-003
652	 3.1787109375e-001	-1.68116e-002
653	 3.1835937500e-001	-3.01240e-003
654	 3.1884765625e-001	 1.37220e-002
655	 3.1933593750e-001	-1.08345e-003
656	 3.1982421875e-001	 1.98739e-003
657	 3.2031250000e-001	 8.39639e-003
658	 3.2080078125e-001	-3.94035e-004
659	 3.2128906250e-001	 8.38923e-003
660	 3.2177734375e-001	 1.09987e-002
661	 3.2226562500e-001	 7.07856e-003
662	 3.2275390625e-001	 7.04712e-003
663	 3.2324218750e-001	 1.82957e-004
664	 3.2373046875e-001	-6.62436e-003
665	 3.2421875000e-001	-1.73034e-003
666	 3.2470703125e-001	 7.68981e-003
667	 3.2519531250e-001	 5.85369e-003
668	 3.2568359375e-001	-2.53301e-003
669	 3.2617187500e-001	-1.14580e-002
670	 3.2666015625e-001	-4.52130e-003
671	 3.2714843750e-001	 5.20722e-003
672	 3.2763671875e-001	-2.84561e-003
673	 3.2812500000e-001	-2.51878e-003
674	 3.2861328125e-001	-4.52736e-003
675	 3.2910156250e-001	-5.54586e-003
676	 3.2958984375e-001	 6.84374e-003
677	 3.3007812500e-001	 3.06919e-003
678	 3.3056640625e-001	 4.60050e-004
679	 3.3105468750e-001	 3.83114e-003
680	 3.3154296875e-001	-5.90101e-003
681	 3.3203125000e-001	-9.05701e-003
682	 3.3251953125e-001	-6.29139e-004
683	 3.3300781250e-001	 2.42828e-003
684	 3.3349609375e-001	 8.32906e-004
685	 3.3398437500e-001	-8.33325e-004
686	 3.3447265625e-001	-1.47949e-002
687	 3.3496093750e-001	-9.43483e-003
688	 3.3544921875e-001	 1.10000e-002
689	 3.3593750000e-001	-1.32148e-003
690	 3.3642578125e-001	-5.36149e-003
691	 3.3691406250e-001	 4.85288e-003
692	 3.3740234375e-001	-2.06031e-003
693	 3.3789062500e-001	-2.74153e-003
694	 3.3837890625e-001	 6.98301e-003
695	 3.3886718750e-001	 7.85426e-003
696	 3.3935546875e-001	 4.72967e-003
697	 3.3984375000e-001	 1.79151e-003
698	 3.4033203125e-001	-4.22331e-003
699	 3.4082031250e-001	-1.23279e-005
700	 3.4130859375e-001	 5.72104e-003
701	 3.4179687500e-001	 5.98392e-003
702	 3.4228515625e-001	 2.68258e-003
703	 3.4277343750e-001	-9.58738e-003
704	 3.4326171875e-001	-5.54860e-003
705	 3.4375000000e-001	 4.63084e-003
706	 3.4423828125e-001	-4.82788e-003
707	 3.4472656250e-001	-6.44131e-003
708	 3.4521484375e-001	-4.08000e-003
709	 3.4570312500e-001	-1.28015e-002
710	 3.4619140625e-001	-1.99202e-003
711	 3.4667968750e-001	 8.11575e-003
712	 3.4716796875e-001	-3.68431e-003
713	 3.4765625000e-001	-1.05370e-003
714	 3.4814453125e-001	-8.24049e-004
715	 3.4863281250e-001	-1.39343e-002
716	 3.4912109375e-001	-3.43223e-003
717	 3.4960937500e-001	 9.11742e-003
718	 3.5009765625e-001	 1.33378e-003
719	 3.5058593750e-001	-2.12121e-004
720	 3.5107421875e-001	-3.86276e-003
721	 3.5156250000e-001	-1.06852e-002
722	 3.5205078125e-001	 9.42377e-003
723	 3.5253906250e-001	 1.24706e-002
724	 3.5302734375e-001	-8.45174e-003
725	 3.5351562500e-001	-1.78902e-003
726	 3.5400390625e-001	 5.02167e-003
727	 3.5449218750e-001	-1.15674e-003
728	 3.5498046875e-001	 3.52671e-003
729	 3.5546875000e-001	 4.74223e-003
730	 3.5595703125e-001	-1.83085e-003
731	 3.5644531250e-001	-1.56900e-003
732	 3.5693359375e-001	-4.18876e-003
733	 3.5742187500e-001	-8.85220e-003
734	 3.5791015625e-001	 4.63239e-003
735	 3.5839843750e-001	 9.34480e-003
736	 3.5888671875e-001	-5.80804e-003
737	 3.5937500000e-001	-7.27585e-003
738	 3.5986328125e-001	-3.66866e-003
739	 3.6035156250e-001	-2.16440e-003
740	 3.6083984375e-001	 1.30778e-003
741	 3.6132812500e-001	-1.68951e-003
742	 3.6181640625e-001	-5.58961e-003
743	 3.6230468750e-001	-7.37123e-003
744	 3.6279296875e-001	-5.45702e-003
745	 3.6328125000e-001	-2.09105e-003
746	 3.6376953125e-001	 4.14226e-003
747	 3.6425781250e-001	-1.67774e-003
748	 3.6474609375e-001	-1.44838e-002
749	 3.6523437500e-001	-8.67180e-003
750	 3.6572265625e-001	-8.17798e-003
751	 3.6621093750e-001	-5.11225e-003
752	 3.6669921875e-001	 4.33385e-003
753	 3.6718750000e-001	-5.61989e-003
754	 3.6767578125e-001	-1.30785e-002
755	 3.6816406250e-001	-4.86037e-003
756	 3.6865234375e-001	 5.06031e-003
757	 3.6914062500e-001	 7.35381e-003
758	 3.6962890625e-001	 5.93670e-003
759	 3.7011718750e-001	-2.22941e-003
760	 3.7060546875e-001	-2.46732e-003
761	 3.7109375000e-001	 1.33096e-002
762	 3.7158203125e-001	 9.37293e-003
763	 3.7207031250e-001	 5.30356e-003
764	 3.7255859375e-001	 9.26612e-003
765	 3.7304687500e-001	 1.25194e-004
766	 3.7353515625e-001	-2.26477e-003
767	 3.7402343750e-001	-3.16912e-003
768	 3.7451171875e-001	 1.21162e-005
769	 3.7500000000e-001	 1.01654e-002
770	 3.7548828125e-001	 5.67756e-003
771	 3.7597656250e-001	-1.29638e-002
772	 3.7646484375e-001	-9.92531e-003
773	 3.7695312500e-001	 7.04927e-003
774	 3.7744140625e-001	-2.54946e-003
775	 3.7792968750e-001	-4.68887e-003
776	 3.7841796875e-001	-1.12777e-003
777	 3.7890625000e-001	-7.45226e-003
778	 3.7939453125e-001	 3.53111e-003
779	 3.7988281250e-001	 4.72023e-003
780	 3.8037109375e-001	-9.43755e-004
781	 3.8085937500e-001	 4.32809e-003
782	 3.8134765625e-001	-2.28976e-003
783	 3.8183593750e-001	-1.03472e-002
784	 3.8232421875e-001	-4.85546e-003
785	 3.8281250000e-001	-1.10848e-004
786	 3.8330078125e-001	 1.22786e-003
787	 3.8378906250e-001	-1.07276e-004
788	 3.8427734375e-001	-1.57246e-002
789	 3.8476562500e-001	-1.59849e-002
790	 3.8525390625e-001	 5.08642e-003
791	 3.8574218750e-001	 1.06902e-003
792	 3.8623046875e-001	-4.17571e-003
793	 3.8671875000e-001	 2.53339e-005
794	 3.8720703125e-001	-8.07504e-003
795	 3.8769531250e-001	-2.55465e-004
796	 3.8818359375e-001	 1.01275e-002
797	 3.8867187500e-001	 2.23658e-003
798	 3.8916015625e-001	 2.08411e-003
799	 3.8964843750e-001	 6.38333e-003
800	 3.9013671875e-001	-5.26003e-003
801	 3.9062500000e-001	-5.83556e-003
802	 3.9111328125e-001	 6.93985e-003
803	 3.9160156250e-001	 5.48495e-003
804	 3.9208984375e-001	 4.47128e-003
805	 3.9257812500e-001	-4.27080e-003
806	 3.9306640625e-001	-1.25701e-002
807	 3.9355468750e-001	 2.82005e-003
808	 3.9404296875e-001	 5.96986e-003
809	 3.9453125000e-001	-8.10054e-003
810	 3.9501953125e-001	-8.63952e-003
811	 3.9550781250e-001	-2.41117e-003
812	 3.9599609375e-001	-1.16336e-003
813	 3.9648437500e-001	-4.03240e-004
814	 3.9697265625e-001	 1.46750e-003
815	 3.9746093750e-001	 4.56971e-003
816	 3.9794921875e-001	 9.44013e-004
817	 3.9843750000e-001	-5.47139e-003
818	 3.9892578125e-001	-1.23963e-003
819	 3.9941406250e-001	 1.89649e-003
820	 3.9990234375e-001	 6.44458e-003
821	 4.0039062500e-001	 9.51937e-003
822	 4.0087890625e-001	-5.19178e-003
823	 4.0136718750e-001	-9.52310e-003
824	 4.0185546875e-001	 1.07572e-002
825	 4.0234375000e-001	 1.12605e-002
826	 4.0283203125e-001	-1.91038e-003
827	 4.0332031250e-001	 5.00538e-003
828	 4.0380859375e-001	 7.26000e-004
829	 4.0429687500e-001	-2.66746e-003
830	 4.0478515625e-001	 1.24074e-002
831	 4.0527343750e-001	 6.33480e-003
832	 4.0576171875e-001	-1.41007e-003
833	 4.0625000000e-001	 4.60554e-003
834	 4.0673828125e-001	-5.00707e-003
835	 4.0722656250e-001	-9.02344e-003
836	 4.0771484375e-001	 6.93035e-003
837	 4.0820312500e-001	 8.64625e-003
838	 4.0869140625e-001	-7.15796e-005
839	 4.0917968750e-001	-9.35781e-004
840	 4.0966796875e-001	-7.99104e-003
841	 4.1015625000e-001	-3.49748e-003
842	 4.1064453125e-001	 1.06642e-002
843	 4.1113281250e-001	-3.21492e-003
844	 4.1162109375e-001	-1.07659e-002
845	 4.1210937500e-001	-8.34686e-004
846	 4.1259765625e-001	-2.18832e-003
847	 4.1308593750e-001	-3.07958e-003
848	 4.1357421875e-001	 5.62115e-004
849	 4.1406250000e-001	-3.72184e-004
850	 4.1455078125e-001	-6.87092e-003
851	 4.1503906250e-001	-8.78120e-003
852	 4.1552734375e-001	-1.14651e-002
853	 4.1601562500e-001	-7.26095e-003
854	 4.1650390625e-001	 7.23258e-003
855	 4.1699218750e-001	-2.08168e-003
856	 4.1748046875e-001	-1.16732e-002
857	 4.1796875000e-001	-4.14261e-003
858	 4.1845703125e-001	 2.48896e-003
859	 4.1894531250e-001	 8.51215e-003
860	 4.1943359375e-001	 3.86824e-003
861	 4.1992187500e-001	 1.55510e-003
862	 4.2041015625e-001	 6.44242e-003
863	 4.2089843750e-001	 6.66688e-003
864	 4.2138671875e-001	 5.07146e-003
865	 4.2187500000e-001	 1.31241e-002
866	 4.2236328125e-001	 1.50496e-002
867	 4.2285156250e-001	-1.05815e-003
868	 4.2333984375e-001	-1.53002e-003
869	 4.2382812500e-001	 1.18256e-003
870	 4.2431640625e-001	-1.51565e-003
871	 4.2480468750e-001	 1.15259e-002
872	 4.2529296875e-001	 7.83589e-003
873	 4.2578125000e-001	-9.37868e-003
874	 4.2626953125e-001	-6.21436e-003
875	 4.2675781250e-001	 2.26668e-003
876	 4.2724609375e-001	-1.08590e-003
877	 4.2773437500e-001	 1.60844e-003
878	 4.2822265625e-001	 1.95099e-003
879	 4.2871093750e-001	-1.29052e-002
880	 4.2919921875e-001	-1.81263e-003
881	 4.2968750000e-001	 1.07577e-002
882	 4.3017578125e-001	-8.35400e-004
883	 4.3066406250e-001	 4.36604e-003
884	 4.3115234375e-001	 3.76467e-003
885	 4.3164062500e-001	-9.22194e-003
886	 4.3212890625e-001	-3.88099e-003
887	 4.3261718750e-001	 9.14788e-004
888	 4.3310546875e-001	-1.21019e-004
889	 4.3359375000e-001	 4.54509e-003
890	 4.3408203125e-001	-4.52666e-003
891	 4.3457031250e-001	-1.74976e-002
892	 4.3505859375e-001	 9.57395e-004
893	 4.3554687500e-001	 8.89384e-003
894	 4.3603515625e-001	-7.01954e-003
895	 4.3652343750e-001	-4.05071e-005
896	 4.3701171875e-001	 1.81982e-003
897	 4.3750000000e-001	-3.29623e-003
898	 4.3798828125e-001	 4.99348e-003
899	 4.3847656250e-001	 4.21529e-003
900	 4.3896484375e-001	 4.14208e-003
901	 4.3945312500e-001	 7.85208e-003
902	 4.3994140625e-001	-2.64341e-003
903	 4.4042968750e-001	-6.40585e-003
904	 4.4091796875e-001	 8.16296e-003
905	 4.4140625000e-001	 9.40627e-003
906	 4.4189453125e-001	 6.70545e-003
907	 4.4238281250e-001	 2.75999e-003
908	 4.4287109375e-001	-1.19815e-002
909	 4.4335937500e-001	-2.18917e-003
910	 4.4384765625e-001	 8.60623e-003
911	 4.4433593750e-001	-4.75312e-003
912	 4.4482421875e-001	-4.75290e-003
913	 4.4531250000e-001	-3.39486e-003
914	 4.4580078125e-001	-1.13894e-002
915	 4.4628906250e-001	 1.01061e-003
916	 4.4677734375e-001	 1.06265e-002
917	 4.4726562500e-001	-1.39854e-003
918	 4.4775390625e-001	-2.88504e-003
919	 4.4824218750e-001	 8.62699e-004
920	 4.4873046875e-001	-6.83249e-003
921	 4.4921875000e-001	-3.22861e-003
922	 4.4970703125e-001	 8.26590e-003
923	 4.5019531250e-001	 4.63150e-003
924	 4.5068359375e-001	-3.27375e-003
925	 4.5117187500e-001	-4.90826e-003
926	 4.5166015625e-001	-9.41477e-004
927	 4.5214843750e-001	 1.06569e-002
928	 4.5263671875e-001	 1.07559e-002
929	 4.5312500000e-001	-1.82410e-003
930	 4.5361328125e-001	-3.39884e-003
931	 4.5410156250e-001	 4.80554e-003
932	 4.5458984375e-001	 7.23204e-003
933	 4.5507812500e-001	 1.89547e-003
934	 4.5556640625e-001	 4.47297e-003
935	 4.5605468750e-001	 3.22333e-003
936	 4.5654296875e-001	-6.40799e-003
937	 4.5703125000e-001	-3.20821e-003
938	 4.5751953125e-001	-1.00906e-003
939	 4.5800781250e-001	 2.78177e-003
940	 4.5849609375e-001	 1.26383e-002
941	 4.5898437500e-001	 1.14253e-003
942	 4.5947265625e-001	-1.41367e-002
943	 4.5996093750e-001	-7.37300e-004
944	 4.6044921875e-001	 8.69735e-003
945	 4.6093750000e-001	-3.25234e-003
946	 4.6142578125e-001	-2.60359e-003
947	 4.6191406250e-001	-1.53023e-003
948	 4.6240234375e-001	-7.63294e-003
949	 4.6289062500e-001	 1.22026e-003
950	 4.6337890625e-001	 2.96661e-003
951	 4.6386718750e-001	-2.24621e-003
952	 4.6435546875e-001	-1.12551e-003
953	 4.6484375000e-001	-7.70692e-003
954	 4.6533203125e-001	-1.21170e-002
955	 4.6582031250e-001	-6.74182e-003
956	 4.6630859375e-001	 8.93380e-006
957	 4.6679687500e-001	 1.92294e-004
958	 4.6728515625e-001	-5.13579e-003
959	 4.6777343750e-001	-1.06589e-002
960	 4.6826171875e-001	-5.34691e-003
961	 4.6875000000e-001	 1.07690e-002
962	 4.6923828125e-001	 5.76526e-003
963	 4.6972656250e-001	 7.77216e-004
964	 4.7021484375e-001	 2.77703e-003
965	 4.7070312500e-001	-5.71683e-004
966	 4.7119140625e-001	 1.06235e-002
967	 4.7167968750e-001	 1.04806e-002
968	 4.7216796875e-001	 3.20194e-003
969	 4.7265625000e-001	 7.24523e-003
970	 4.7314453125e-001	 6.63466e-004
971	 4.7363281250e-001	-9.44384e-003
972	 4.7412109375e-001	 5.70833e-004
973	 4.7460937500e-001	 9.71955e-003
974	 4.7509765625e-001	 2.94253e-003
975	 4.7558593750e-001	 1.10167e-003
976	 4.7607421875e-001	-7.16857e-003
977	 4.7656250000e-001	-1.17964e-002
978	 4.7705078125e-001	 6.20382e-003
979	 4.7753906250e-001	 1.00354e-003
980	 4.7802734375e-001	-1.41622e-002
981	 4.7851562500e-001	-2.62033e-003
982	 4.7900390625e-001	 2.60874e-005
983	 4.7949218750e-001	-5.36206e-003
984	 4.7998046875e-001	 3.60495e-003
985	 4.8046875000e-001	 8.01553e-003
986	 4.8095703125e-001	-1.91076e-003
987	 4.8144531250e-001	-3.47754e-003
988	 4.8193359375e-001	-5.72757e-003
989	 4.8242187500e-001	-1.26986e-002
990	 4.8291015625e-001	 3.11680e-003
991	 4.8339843750e-001	 5.95256e-003
992	 4.8388671875e-001	-9.28289e-003
993	 4.8437500000e-001	-1.13799e-002
994	 4.8486328125e-001	-8.37642e-003
995	 4.8535156250e-001	-4.34339e-004
996	 4.8583984375e-001	 2.98387e-003
997	 4.8632812500e-001	 1.36644e-004
998	 4.8681640625e-001	-4.63314e-003
999	 4.8730468750e-001	-3.83891e-003
1000	 4.8779296875e-001	 6.57383e-003
1001	 4.8828125000e-001	 6.41726e-003
1002	 4.8876953125e-001	 5.19335e-003
1003	 4.8925781250e-001	 4.40563e-003
1004	 4.8974609375e-001	-9.79033e-004
1005	 4.9023437500e-001	-1.19220e-003
1006	 4.9072265625e-001	 2.49858e-004
1007	 4.9121093750e-001	 5.61356e-003
1008	 4.9169921875e-001	 9.97375e-003
1009	 4.9218750000e-001	 1.89449e-003
1010	 4.9267578125e-001	-1.24634e-002
1011	 4.9316406250e-001	-6.56404e-003
1012	 4.9365234375e-001	 5.38310e-003
1013	 4.9414062500e-001	-1.20005e-003
1014	 4.9462890625e-001	-8.18704e-003
1015	 4.9511718750e-001	-1.05869e-002
1016	 4.9560546875e-001	-6.20786e-003
1017	 4.9609375000e-001	-1.27612e-003
1018	 4.9658203125e-001	-5.78130e-003
1019	 4.9707031250e-001	-2.18819e-003
1020	 4.9755859375e-001	 2.99676e-003
1021	 4.9804687500e-001	-5.01979e-003
1022	 4.9853515625e-001	-1.16895e-002
1023	 4.9902343750e-001	-7.73593e-003
1024	 4.9951171875e-001	 8.74909e-004
1025	 5.0000000000e-001	 6.69092e-003
1026	 5.0048828125e-001	-2.06547e-003
1027	 5.0097656250e-001	-1.49550e-002
1028	 5.0146484375e-001	-5.20618e-003
1029	 5.0195312500e-001	 7.03853e-003
1030	 5.0244140625e-001	 4.05214e-004
1031	 5.0292968750e-001	-1.27874e-003
1032	 5.0341796875e-001	-7.65852e-004
1033	 5.0390625000e-001	-7.32240e-003
1034	 5.0439453125e-001	 1.07837e-004
1035	 5.0488281250e-001	 5.54575e-003
1036	 5.0537109375e-001	 1.82689e-003
1037	 5.0585937500e-001	 2.23068e-003
1038	 5.0634765625e-001	-5.99413e-003
1039	 5.0683593750e-001	-1.04114e-002
1040	 5.0732421875e-001	-3.01812e-003
1041	 5.0781250000e-001	 8.37558e-004
1042	 5.0830078125e-001	 6.63860e-003
1043	 5.0878906250e-001	 5.09612e-003
1044	 5.0927734375e-001	-1.18660e-002
1045	 5.0976562500e-001	-9.91840e-003
1046	 5.1025390625e-001	 6.03326e-003
1047	 5.1074218750e-001	 1.13327e-003
1048	 5.1123046875e-001	-5.12431e-003
1049	 5.1171875000e-001	-3.95074e-003
1050	 5.1220703125e-001	-9.81482e-003
1051	 5.1269531250e-001	-2.39541e-003
1052	 5.1318359375e-001	 3.01358e-003
1053	 5.1367187500e-001	-6.19290e-003
1054	 5.1416015625e-001	-1.38705e-003
1055	 5.1464843750e-001	-2.01385e-003
1056	 5.1513671875e-001	-1.31715e-002
1057	 5.1562500000e-001	-8.67302e-003
1058	 5.1611328125e-001	 2.91219e-005
1059	 5.1660156250e-001	-1.00875e-003
1060	 5.1708984375e-001	-2.53965e-003
1061	 5.1757812500e-001	-9.29767e-003
1062	 5.1806640625e-001	-1.29936e-002
1063	 5.1855468750e-001	 5.63855e-003
1064	 5.1904296875e-001	 8.81926e-003
1065	 5.1953125000e-001	-1.15628e-003
1066	 5.2001953125e-001	 4.76247e-003
1067	 5.2050781250e-001	 2.87511e-003
1068	 5.2099609375e-001	 1.85888e-003
1069	 5.2148437500e-001	 7.81929e-003
1070	 5.2197265625e-001	 8.61724e-003
1071	 5.2246093750e-001	 7.01756e-003
1072	 5.2294921875e-001	-1.04531e-003
1073	 5.2343750000e-001	-5.94545e-003
1074	 5.2392578125e-001	-2.71450e-003
1075	 5.2441406250e-001	 8.91539e-004
1076	 5.2490234375e-001	 4.94633e-003
1077	 5.2539062500e-001	 3.54519e-003
1078	 5.2587890625e-001	-9.67798e-003
1079	 5.2636718750e-001	-1.22238e-002
1080	 5.2685546875e-001	 1.95302e-003
1081	 5.2734375000e-001	-7.58900e-005
1082	 5.2783203125e-001	-6.12242e-003
1083	 5.2832031250e-001	-4.36605e-003
1084	 5.2880859375e-001	-1.18209e-002
1085	 5.2929687500e-001	-2.55974e-003
1086	 5.2978515625e-001	 9.11963e-003
1087	 5.3027343750e-001	 1.13112e-003
1088	 5.3076171875e-001	 2.01783e-004
1089	 5.3125000000e-001	-3.54220e-004
1090	 5.3173828125e-001	-9.16770e-003
1091	 5.3222656250e-001	-8.71661e-003
1092	 5.3271484375e-001	 1.48349e-003
1093	 5.3320312500e-001	-6.52794e-004
1094	 5.3369140625e-001	-2.60362e-003
1095	 5.3417968750e-001	-3.75633e-003
1096	 5.3466796875e-001	-1.49562e-002
1097	 5.3515625000e-001	-8.86335e-004
1098	 5.3564453125e-001	 1.08038e-002
1099	 5.3613281250e-001	-1.93033e-003
1100	 5.3662109375e-001	 2.21253e-005
1101	 5.3710937500e-001	 3.40726e-003
1102	 5.3759765625e-001	-3.66625e-004
1103	 5.3808593750e-001	 6.11180e-003
1104	 5.3857421875e-001	 1.10686e-002
1105	 5.3906250000e-001	 2.34168e-003
1106	 5.3955078125e-001	 1.91458e-003
1107	 5.4003906250e-001	 5.02114e-003
1108	 5.4052734375e-001	-4.67424e-003
1109	 5.4101562500e-001	 4.27731e-003
1110	 5.4150390625e-001	 1.40266e-002
1111	 5.4199218750e-001	 3.89037e-003
1112	 5.4248046875e-001	-3.07750e-003
1113	 5.4296875000e-001	-5.53635e-003
1114	 5.4345703125e-001	-4.37371e-003
1115	 5.4394531250e-001	 1.04145e-003
1116	 5.4443359375e-001	 2.18190e-003
1117	 5.4492187500e-001	-7.33923e-003
1118	 5.4541015625e-001	-1.08881e-002
1119	 5.4589843750e-001	-2.42107e-003
1120	 5.4638671875e-001	 1.17840e-003
1121	 5.4687500000e-001	 1.79726e-003
1122	 5.4736328125e-001	 2.11796e-003
1123	 5.4785156250e-001	-3.18201e-003
1124	 5.4833984375e-001	-7.44011e-003
1125	 5.4882812500e-001	-6.23788e-003
1126	 5.4931640625e-001	-1.13545e-003
1127	 5.4980468750e-001	 5.33064e-003
1128	 5.5029296875e-001	 3.43971e-003
1129	 5.5078125000e-001	-7.15622e-003
1130	 5.5126953125e-001	-8.91412e-003
1131	 5.5175781250e-001	 3.93543e-003
1132	 5.5224609375e-001	 9.13652e-003
1133	 5.5273437500e-001	 1.51384e-003
1134	 5.5322265625e-001	-3.72115e-003
1135	 5.5371093750e-001	-2.72176e-003
1136	 5.5419921875e-001	 5.44272e-003
1137	 5.5468750000e-001	 5.53387e-003
1138	 5.5517578125e-001	-9.12644e-004
1139	 5.5566406250e-001	 5.30093e-003
1140	 5.5615234375e-001	 1.61717e-003
1141	 5.5664062500e-001	-8.27790e-003
1142	 5.5712890625e-001	-3.40423e-003
1143	 5.5761718750e-001	 6.72800e-004
1144	 5.5810546875e-001	 6.97182e-003
1145	 5.5859375000e-001	 1.05025e-002
1146	 5.5908203125e-001	-5.63415e-003
1147	 5.5957031250e-001	-1.11387e-002
1148	 5.6005859375e-001	 6.87233e-003
1149	 5.6054687500e-001	 5.99433e-003
1150	 5.6103515625e-001	-5.31612e-003
1151	 5.6152343750e-001	 3.31011e-003
1152	 5.6201171875e-001	-5.56426e-004
1153	 5.6250000000e-001	-7.15408e-003
1154	 5.6298828125e-001	 3.94439e-003
1155	 5.6347656250e-001	 2.38138e-003
1156	 5.6396484375e-001	 7.38042e-004
1157	 5.6445312500e-001	 1.52254e-003
1158	 5.6494140625e-001	-9.43634e-003
1159	 5.6542968750e-001	-1.24655e-002
1160	 5.6591796875e-001	-1.92239e-003
1161	 5.6640625000e-001	 4.38075e-003
1162	 5.6689453125e-001	-4.41992e-004
1163	 5.6738281250e-001	-6.93179e-003
1164	 5.6787109375e-001	-1.19253e-002
1165	 5.6835937500e-001	-1.60138e-003
1166	 5.6884765625e-001	 1.05459e-002
1167	 5.6933593750e-001	 2.04633e-003
1168	 5.6982421875e-001	-1.11769e-003
1169	 5.7031250000e-001	 8.58332e-004
1170	 5.7080078125e-001	 4.49502e-003
1171	 5.7128906250e-001	 1.05145e-002
1172	 5.7177734375e-001	 5.97345e-003
1173	 5.7226562500e-001	 3.76106e-003
1174	 5.7275390625e-001	 4.17284e-003
1175	 5.7324218750e-001	-6.99924e-004
1176	 5.7373046875e-001	-7.35958e-003
1177	 5.7421875000e-001	-3.28351e-003
1178	 5.7470703125e-001	 9.86148e-003
1179	 5.7519531250e-001	 7.17139e-003
1180	 5.7568359375e-001	-6.09622e-003
1181	 5.7617187500e-001	-1.26261e-002
1182	 5.7666015625e-001	-2.16509e-003
1183	 5.7714843750e-001	 6.83053e-003
1184	 5.7763671875e-001	-4.95799e-003
1185	 5.7812500000e-001	-7.70114e-003
1186	 5.7861328125e-001	-3.67221e-003
1187	 5.7910156250e-001	-1.94815e-003
1188	 5.7958984375e-001	-1.55680e-003
1189	 5.8007812500e-001	-5.80683e-004
1190	 5.8056640625e-001	 8.73515e-003
1191	 5.8105468750e-001	 7.47787e-004
1192	 5.8154296875e-001	-8.14535e-003
1193	 5.8203125000e-001	-3.44620e-003
1194	 5.8251953125e-001	-2.43635e-003
1195	 5.8300781250e-001	 1.42992e-003
1196	 5.8349609375e-001	 5.07664e-003
1197	 5.8398437500e-001	-5.32056e-003
1198	 5.8447265625e-001	-1.41996e-002
1199	 5.8496093750e-001	 2.94064e-003
1200	 5.8544921875e-001	 6.44433e-003
1201	 5.8593750000e-001	-4.60286e-003
1202	 5.8642578125e-001	 7.60822e-003
1203	 5.8691406250e-001	 7.36660e-005
1204	 5.8740234375e-001	-7.62020e-003
1205	 5.8789062500e-001	 1.24794e-002
1206	 5.8837890625e-001	 1.07491e-002
1207	 5.8886718750e-001	 2.16660e-003
1208	 5.8935546875e-001	 9.26426e-003
1209	 5.8984375000e-001	-4.49118e-004
1210	 5.9033203125e-001	-8.40983e-003
1211	 5.9082031250e-001	 9.90216e-003
1212	 5.9130859375e-001	 8.84127e-003
1213	 5.9179687500e-001	 8.25145e-005
1214	 5.9228515625e-001	 6.29650e-003
1215	 5.9277343750e-001	-7.79189e-003
1216	 5.9326171875e-001	-1.18964e-002
1217	 5.9375000000e-001	 6.13272e-003
1218	 5.9423828125e-001	-1.44518e-003
1219	 5.9472656250e-001	-1.25523e-002
1220	 5.9521484375e-001	-4.99241e-003
1221	 5.9570312500e-001	-6.08503e-003
1222	 5.9619140625e-001	-6.28071e-003
1223	 5.9667968750e-001	 2.38535e-003
1224	 5.9716796875e-001	 3.26558e-004
1225	 5.9765625000e-001	-4.61012e-003
1226	 5.9814453125e-001	-3.39933e-003
1227	 5.9863281250e-001	-7.14644e-003
1228	 5.9912109375e-001	-4.96005e-003
1229	 5.9960937500e-001	 4.45735e-003
1230	 6.0009765625e-001	 4.82655e-003
1231	 6.0058593750e-001	-7.01934e-004
1232	 6.0107421875e-001	-7.91732e-003
1233	 6.0156250000e-001	-3.63944e-003
1234	 6.0205078125e-001	 1.04325e-002
1235	 6.0253906250e-001	 6.89390e-003
1236	 6.0302734375e-001	-1.13291e-003
1237	 6.0351562500e-001	 2.90397e-003
1238	 6.0400390625e-001	-2.18897e-004
1239	 6.0449218750e-001	 1.71542e-003
1240	 6.0498046875e-001	 1.34834e-002
1241	 6.0546875000e-001	 3.98689e-003
1242	 6.0595703125e-001	-4.71995e-003
1243	 6.0644531250e-001	 1.64560e-003
1244	 6.0693359375e-001	-5.93709e-003
1245	 6.0742187500e-001	-5.63262e-003
1246	 6.0791015625e-001	 1.33524e-002
1247	 6.0839843750e-001	 9.99621e-003
1248	 6.0888671875e-001	-4.36606e-003
1249	 6.0937500000e-001	-1.23120e-003
1250	 6.0986328125e-001	-2.11586e-003
1251	 6.1035156250e-001	 2.12130e-003
1252	 6.1083984375e-001	 1.08961e-002
1253	 6.1132812500e-001	-2.34578e-003
1254	 6.1181640625e-001	-1.07013e-002
1255	 6.1230468750e-001	 1.06229e-003
1256	 6.1279296875e-001	 5.69175e-003
1257	 6.1328125000e-001	-1.12372e-003
1258	 6.1376953125e-001	 4.05205e-003
1259	 6.1425781250e-001	 1.84733e-003
1260	 6.1474609375e-001	-9.68743e-003
1261	 6.1523437500e-001	-3.49109e-003
1262	 6.1572265625e-001	-5.66679e-003
1263	 6.1621093750e-001	-3.73197e-003
1264	 6.1669921875e-001	 7.81201e-003
1265	 6.1718750000e-001	-5.15235e-003
1266	 6.1767578125e-001	-1.33624e-002
1267	 6.1816406250e-001	-2.80500e-003
1268	 6.1865234375e-001	 6.09346e-003
1269	 6.1914062500e-001	 3.18197e-003
1270	 6.1962890625e-001	 4.66062e-003
1271	 6.2011718750e-001	 5.22967e-003
1272	 6.2060546875e-001	-3.70675e-004
1273	 6.2109375000e-001	 8.32954e-003
1274	 6.2158203125e-001	 7.33338e-003
1275	 6.2207031250e-001	 5.98207e-003
1276	 6.2255859375e-001	 8.17178e-003
1277	 6.2304687500e-001	-4.26819e-003
1278	 6.2353515625e-001	-6.64467e-003
1279	 6.2402343750e-001	-5.75706e-004
1280	 6.2451171875e-001	 3.58049e-003
1281	 6.2500000000e-001	 6.95534e-003
1282	 6.2548828125e-001	 9.43209e-004
1283	 6.2597656250e-001	-1.20802e-002
1284	 6.2646484375e-001	-7.99715e-003
1285	 6.2695312500e-001	 5.50411e-003
1286	 6.2744140625e-001	 3.10917e-004
1287	 6.2792968750e-001	-2.53260e-003
1288	 6.2841796875e-001	-5.64880e-003
1289	 6.2890625000e-001	-9.68353e-003
1290	 6.2939453125e-001	 5.95938e-003
1291	 6.2988281250e-001	 6.82286e-003
1292	 6.3037109375e-001	-6.46044e-004
1293	 6.3085937500e-001	 2.62035e-003
1294	 6.3134765625e-001	-1.10804e-003
1295	 6.3183593750e-001	-6.99443e-003
1296	 6.3232421875e-001	-7.78872e-003
1297	 6.3281250000e-001	-6.97455e-004
1298	 6.3330078125e-001	 3.23182e-003
1299	 6.3378906250e-001	-2.79700e-003
1300	 6.3427734375e-001	-1.34679e-002
1301	 6.3476562500e-001	-1.11818e-002
1302	 6.3525390625e-001	 7.20940e-003
1303	 6.3574218750e-001	 2.15729e-003
1304	 6.3623046875e-001	-7.74902e-003
1305	 6.3671875000e-001	-2.66201e-003
1306	 6.3720703125e-001	 4.38325e-004
1307	 6.3769531250e-001	 4.41884e-003
1308	 6.3818359375e-001	 2.01130e-003
1309	 6.3867187500e-001	 4.42507e-003
1310	 6.3916015625e-001	 7.18319e-003
1311	 6.3964843750e-001	-2.07273e-003
1312	 6.4013671875e-001	-6.32653e-003
1313	 6.4062500000e-001	-5.09495e-004
1314	 6.4111328125e-001	 6.27260e-003
1315	 6.4160156250e-001	 9.23094e-003
1316	 6.4208984375e-001	 7.09229e-003
1317	 6.4257812500e-001	-1.09075e-002
1318	 6.4306640625e-001	-9.66995e-003
1319	 6.4355468750e-001	 8.05499e-003
1320	 6.4404296875e-001	-2.93579e-003
1321	 6.4453125000e-001	-5.96035e-003
1322	 6.4501953125e-001	-1.47907e-003
1323	 6.4550781250e-001	-1.16913e-002
1324	 6.4599609375e-001	-6.05152e-003
1325	 6.4648437500e-001	 4.50888e-003
1326	 6.4697265625e-001	-5.81656e-004
1327	 6.4746093750e-001	-3.87837e-003
1328	 6.4794921875e-001	-2.05393e-003
1329	 6.4843750000e-001	-8.11032e-003
1330	 6.4892578125e-001	-6.47425e-003
1331	 6.4941406250e-001	 4.01306e-003
1332	 6.4990234375e-001	 3.68572e-003
1333	 6.5039062500e-001	 3.73760e-004
1334	 6.5087890625e-001	-6.24128e-003
1335	 6.5136718750e-001	-5.57847e-003
1336	 6.5185546875e-001	 9.48900e-003
1337	 6.5234375000e-001	 1.09859e-002
1338	 6.5283203125e-001	 2.02718e-003
1339	 6.5332031250e-001	-7.99845e-004
1340	 6.5380859375e-001	 6.29658e-004
1341	 6.5429687500e-001	 8.09917e-003
1342	 6.5478515625e-001	 6.58565e-003
1343	 6.5527343750e-001	-6.15666e-004
1344	 6.5576171875e-001	 6.25413e-003
1345	 6.5625000000e-001	 2.98006e-003
1346	 6.5673828125e-001	-1.15004e-002
1347	 6.5722656250e-001	-3.94431e-003
1348	 6.5771484375e-001	 6.01726e-003
1349	 6.5820312500e-001	 4.54841e-003
1350	 6.5869140625e-001	 5.67347e-003
1351	 6.5917968750e-001	-4.11902e-003
1352	 6.5966796875e-001	-1.07572e-002
1353	 6.6015625000e-001	 6.86142e-003
1354	 6.6064453125e-001	 7.16621e-003
1355	 6.6113281250e-001	-1.07976e-002
1356	 6.6162109375e-001	-4.38223e-003
1357	 6.6210937500e-001	 2.14510e-004
1358	 6.6259765625e-001	-8.56427e-003
1359	 6.6308593750e-001	-1.59072e-003
1360	 6.6357421875e-001	 4.09575e-003
1361	 6.6406250000e-001	-2.34045e-003
1362	 6.6455078125e-001	-6.43373e-003
1363	 6.6503906250e-001	-8.88603e-003
1364	 6.6552734375e-001	-1.41247e-002
1365	 6.6601562500e-001	-6.49803e-003
1366	 6.6650390625e-001	 4.15778e-003
1367	 6.6699218750e-001	-7.62401e-003
1368	 6.6748046875e-001	-1.50491e-002
1369	 6.6796875000e-001	-7.77806e-003
1370	 6.6845703125e-001	-4.84926e-004
1371	 6.6894531250e-001	 3.07263e-003
1372	 6.6943359375e-001	 2.69206e-003
1373	 6.6992187500e-001	 1.00842e-004
1374	 6.7041015625e-001	-3.44522e-003
1375	 6.7089843750e-001	 6.35095e-003
1376	 6.7138671875e-001	 9.09683e-003
1377	 6.7187500000e-001	 3.92547e-003
1378	 6.7236328125e-001	 9.41755e-003
1379	 6.7285156250e-001	 4.32501e-004
1380	 6.7333984375e-001	-7.15286e-003
1381	 6.7382812500e-001	 1.61780e-004
1382	 6.7431640625e-001	 3.29269e-003
1383	 6.7480468750e-001	 4.43560e-003
1384	 6.7529296875e-001	 2.40955e-003
1385	 6.7578125000e-001	-7.73265e-003
1386	 6.7626953125e-001	-1.12030e-002
1387	 6.7675781250e-001	 3.65262e-003
1388	 6.7724609375e-001	 4.21839e-003
1389	 6.7773437500e-001	-7.83512e-003
1390	 6.7822265625e-001	-2.56446e-003
1391	 6.7871093750e-001	-3.29421e-003
1392	 6.7919921875e-001	-3.43693e-003
1393	 6.7968750000e-001	 4.18053e-003
1394	 6.8017578125e-001	 5.26311e-003
1395	 6.8066406250e-001	 6.63433e-003
1396	 6.8115234375e-001	 2.23189e-003
1397	 6.8164062500e-001	-4.62670e-003
1398	 6.8212890625e-001	-6.24675e-003
1399	 6.8261718750e-001	 3.99929e-004
1400	 6.8310546875e-001	 7.88186e-003
1401	 6.8359375000e-001	 4.55634e-004
1402	 6.8408203125e-001	-8.67432e-003
1403	 6.8457031250e-001	-9.09325e-003
1404	 6.8505859375e-001	 1.24507e-003
1405	 6.8554687500e-001	 5.03002e-003
1406	 6.8603515625e-001	-1.84963e-003
1407	 6.8652343750e-001	-2.69821e-005
1408	 6.8701171875e-001	-5.37991e-003
1409	 6.8750000000e-001	-9.19899e-004
1410	 6.8798828125e-001	 9.81257e-003
1411	 6.8847656250e-001	 5.35498e-003
1412	 6.8896484375e-001	 1.91557e-003
1413	 6.8945312500e-001	 7.69549e-004
1414	 6.8994140625e-001	-2.88483e-003
1415	 6.9042968750e-001	-5.88787e-003
1416	 6.9091796875e-001	 3.34390e-003
1417	 6.9140625000e-001	 9.63935e-003
1418	 6.9189453125e-001	 3.44924e-003
1419	 6.9238281250e-001	-5.73341e-003
1420	 6.9287109375e-001	-1.04903e-002
1421	 6.9335937500e-001	 2.85252e-005
1422	 6.9384765625e-001	 1.96360e-003
1423	 6.9433593750e-001	-6.54016e-003
1424	 6.9482421875e-001	-8.54612e-003
1425	 6.9531250000e-001	-9.70730e-003
1426	 6.9580078125e-001	-4.16893e-003
1427	 6.9628906250e-001	-3.83822e-003
1428	 6.9677734375e-001	-3.30537e-003
1429	 6.9726562500e-001	 3.31611e-003
1430	 6.9775390625e-001	-2.41191e-003
1431	 6.9824218750e-001	-7.99946e-003
1432	 6.9873046875e-001	-6.49065e-003
1433	 6.9921875000e-001	-2.09760e-003
1434	 6.9970703125e-001	 4.16429e-003
1435	 7.0019531250e-001	 6.11541e-003
1436	 7.0068359375e-001	-4.83369e-003
1437	 7.0117187500e-001	-1.10920e-002
1438	 7.0166015625e-001	 4.30967e-003
1439	 7.0214843750e-001	 6.92476e-003
1440	 7.0263671875e-001	 1.37790e-003
1441	 7.0312500000e-001	 5.09402e-003
1442	 7.0361328125e-001	-3.83114e-003
1443	 7.0410156250e-001	-2.82640e-003
1444	 7.0458984375e-001	 1.12142e-002
1445	 7.0507812500e-001	 8.96594e-003
1446	 7.0556640625e-001	 1.61725e-003
1447	 7.0605468750e-001	-2.06817e-003
1448	 7.0654296875e-001	-6.19776e-003
1449	 7.0703125000e-001	-3.14494e-003
1450	 7.0751953125e-001	 1.08818e-003
1451	 7.0800781250e-001	 3.54496e-003
1452	 7.0849609375e-001	 1.06726e-002
1453	 7.0898437500e-001	-8.41776e-006
1454	 7.0947265625e-001	-1.36361e-002
1455	 7.0996093750e-001	-1.15841e-004
1456	 7.1044921875e-001	 8.56771e-003
1457	 7.1093750000e-001	-7.84249e-005
1458	 7.1142578125e-001	-4.77389e-003
1459	 7.1191406250e-001	-9.61035e-003
1460	 7.1240234375e-001	-5.29886e-003
1461	 7.1289062500e-001	 6.48501e-003
1462	 7.1337890625e-001	-2.95711e-003
1463	 7.1386718750e-001	-6.17160e-003
1464	 7.1435546875e-001	 2.94221e-003
1465	 7.1484375000e-001	-8.41748e-003
1466	 7.1533203125e-001	-1.48792e-002
1467	 7.1582031250e-001	-3.43698e-003
1468	 7.1630859375e-001	-3.11807e-004
1469	 7.1679687500e-001	-2.77568e-003
1470	 7.1728515625e-001	-3.25357e-003
1471	 7.1777343750e-001	-1.44838e-002
1472	 7.1826171875e-001	-7.27423e-003
1473	 7.1875000000e-001	 1.69811e-002
1474	 7.1923828125e-001	 2.18129e-003
1475	 7.1972656250e-001	-4.84304e-003
1476	 7.2021484375e-001	 1.11848e-002
1477	 7.2070312500e-001	 4.57182e-003
1478	 7.2119140625e-001	 3.86617e-003
1479	 7.2167968750e-001	 1.29413e-002
1480	 7.2216796875e-001	 9.35545e-003
1481	 7.2265625000e-001	 2.07863e-003
1482	 7.2314453125e-001	 3.97866e-003
1483	 7.2363281250e-001	-2.69887e-003
1484	 7.2412109375e-001	-4.77255e-003
1485	 7.2460937500e-001	 1.45516e-002
1486	 7.2509765625e-001	 8.01569e-003
1487	 7.2558593750e-001	-8.82079e-003
1488	 7.2607421875e-001	-7.19565e-003
1489	 7.2656250000e-001	-3.47095e-003
1490	 7.2705078125e-001	 2.24210e-003
1491	 7.2753906250e-001	 3.71853e-003
1492	 7.2802734375e-001	-2.87075e-003
1493	 7.2851562500e-001	-1.04056e-002
1494	 7.2900390625e-001	-2.03719e-003
1495	 7.2949218750e-001	 6.22808e-003
1496	 7.2998046875e-001	 9.22120e-004
1497	 7.3046875000e-001	 4.73941e-003
1498	 7.3095703125e-001	 1.47068e-003
1499	 7.3144531250e-001	-7.60364e-003
1500	 7.3193359375e-001	-6.70554e-003
1501	 7.3242187500e-001	-4.23568e-003
1502	 7.3291015625e-001	 3.39174e-003
1503	 7.3339843750e-001	 2.24671e-003
1504	 7.3388671875e-001	-7.29039e-003
1505	 7.3437500000e-001	-1.33357e-002
1506	 7.3486328125e-001	-6.63623e-003
1507	 7.3535156250e-001	 6.19714e-003
1508	 7.3583984375e-001	 4.63085e-004
1509	 7.3632812500e-001	-4.70375e-003
1510	 7.3681640625e-001	-1.88338e-003
1511	 7.3730468750e-001	 3.97135e-003
1512	 7.3779296875e-001	 4.94418e-003
1513	 7.3828125000e-001	 1.63843e-003
1514	 7.3876953125e-001	 8.70716e-003
1515	 7.3925781250e-001	 5.36741e-003
1516	 7.3974609375e-001	-1.73189e-003
1517	 7.4023437500e-001	-2.28955e-003
1518	 7.4072265625e-001	-1.42003e-006
1519	 7.4121093750e-001	 9.74540e-003
1520	 7.4169921875e-001	 1.27911e-002
1521	 7.4218750000e-001	 1.29047e-003
1522	 7.4267578125e-001	-8.42031e-003
1523	 7.4316406250e-001	 1.98544e-003
1524	 7.4365234375e-001	 4.93282e-003
1525	 7.4414062500e-001	-4.42373e-003
1526	 7.4462890625e-001	-2.89431e-004
1527	 7.4511718750e-001	-4.43795e-003
1528	 7.4560546875e-001	-9.78285e-003
1529	 7.4609375000e-001	-4.06123e-004
1530	 7.4658203125e-001	 3.30782e-003
1531	 7.4707031250e-001	 5.46686e-003
1532	 7.4755859375e-001	 4.35067e-003
1533	 7.4804687500e-001	-5.00890e-003
1534	 7.4853515625e-001	-7.30084e-003
1535	 7.4902343750e-001	 1.10885e-003
1536	 7.4951171875e-001	 8.40876e-003
1537	 7.5000000000e-001	 7.34283e-003
1538	 7.5048828125e-001	-1.32771e-004
1539	 7.5097656250e-001	-8.23601e-003
1540	 7.5146484375e-001	 4.26951e-004
1541	 7.5195312500e-001	 1.22485e-002
1542	 7.5244140625e-001	 5.98195e-003
1543	 7.5292968750e-001	 1.14581e-003
1544	 7.5341796875e-001	 1.55290e-003
1545	 7.5390625000e-001	 2.58916e-003
1546	 7.5439453125e-001	 6.52480e-003
1547	 7.5488281250e-001	 6.65757e-003
1548	 7.5537109375e-001	 4.86951e-003
1549	 7.5585937500e-001	 3.49094e-003
1550	 7.5634765625e-001	-2.59031e-003
1551	 7.5683593750e-001	-7.78496e-003
1552	 7.5732421875e-001	-2.78133e-003
1553	 7.5781250000e-001	 6.01531e-003
1554	 7.5830078125e-001	 9.02168e-003
1555	 7.5878906250e-001	 1.73648e-004
1556	 7.5927734375e-001	-9.66814e-003
1557	 7.5976562500e-001	-2.24876e-003
1558	 7.6025390625e-001	 4.84322e-003
1559	 7.6074218750e-001	-2.44022e-004
1560	 7.6123046875e-001	-3.21514e-003
1561	 7.6171875000e-001	-4.58534e-003
1562	 7.6220703125e-001	-8.08041e-003
1563	 7.6269531250e-001	-5.50667e-003
1564	 7.6318359375e-001	-4.11172e-004
1565	 7.6367187500e-001	 1.83598e-003
1566	 7.6416015625e-001	-3.90994e-003
1567	 7.6464843750e-001	-1.20428e-002
1568	 7.6513671875e-001	-9.08269e-003
1569	 7.6562500000e-001	-8.21564e-003
1570	 7.6611328125e-001	-5.44644e-003
1571	 7.6660156250e-001	 4.01239e-003
1572	 7.6708984375e-001	-2.07570e-003
1573	 7.6757812500e-001	-1.36590e-002
1574	 7.6806640625e-001	-7.19406e-003
1575	 7.6855468750e-001	 6.24871e-003
1576	 7.6904296875e-001	 4.15612e-003
1577	 7.6953125000e-001	 2.51313e-003
1578	 7.7001953125e-001	 1.54265e-003
1579	 7.7050781250e-001	-3.10374e-003
1580	 7.7099609375e-001	 1.19914e-002
1581	 7.7148437500e-001	 1.35912e-002
1582	 7.7197265625e-001	 8.76304e-004
1583	 7.7246093750e-001	 7.61608e-003
1584	 7.7294921875e-001	 3.87359e-003
1585	 7.7343750000e-001	-7.23412e-003
1586	 7.7392578125e-001	-1.49025e-003
1587	 7.7441406250e-001	 5.79935e-003
1588	 7.7490234375e-001	 5.08801e-003
1589	 7.7539062500e-001	 3.06548e-003
1590	 7.7587890625e-001	-6.83895e-003
1591	 7.7636718750e-001	-1.21940e-002
1592	 7.7685546875e-001	 5.95710e-003
1593	 7.7734375000e-001	 5.35998e-003
1594	 7.7783203125e-001	-9.83240e-003
1595	 7.7832031250e-001	-2.58922e-003
1596	 7.7880859375e-001	-9.47309e-004
1597	 7.7929687500e-001	-2.74728e-003
1598	 7.7978515625e-001	 2.66134e-003
1599	 7.8027343750e-001	 5.89672e-003
1600	 7.8076171875e-001	 3.97030e-003
1601	 7.8125000000e-001	-4.26775e-003
1602	 7.8173828125e-001	-6.27074e-003
1603	 7.8222656250e-001	-5.25227e-003
1604	 7.8271484375e-001	 1.24114e-004
1605	 7.8320312500e-001	 2.46484e-003
1606	 7.8369140625e-001	-3.18966e-003
1607	 7.8417968750e-001	-1.10210e-002
1608	 7.8466796875e-001	-1.23664e-002
1609	 7.8515625000e-001	 3.99395e-003
1610	 7.8564453125e-001	 3.21532e-003
1611	 7.8613281250e-001	-3.62702e-003
1612	 7.8662109375e-001	 2.71933e-004
1613	 7.8710937500e-001	-6.23854e-003
1614	 7.8759765625e-001	 3.92028e-004
1615	 7.8808593750e-001	 1.20446e-002
1616	 7.8857421875e-001	 5.14465e-003
1617	 7.8906250000e-001	-1.39649e-003
1618	 7.8955078125e-001	 3.45389e-003
1619	 7.9003906250e-001	-1.67120e-003
1620	 7.9052734375e-001	-6.97649e-003
1621	 7.9101562500e-001	 9.07459e-003
1622	 7.9150390625e-001	 1.00170e-002
1623	 7.9199218750e-001	-5.00239e-004
1624	 7.9248046875e-001	-2.16870e-003
1625	 7.9296875000e-001	-9.74628e-003
1626	 7.9345703125e-001	-3.16506e-003
1627	 7.9394531250e-001	 7.79543e-003
1628	 7.9443359375e-001	-5.81184e-003
1629	 7.9492187500e-001	-1.61989e-002
1630	 7.9541015625e-001	-4.11916e-003
1631	 7.9589843750e-001	-3.48814e-004
1632	 7.9638671875e-001	-6.98070e-003
1633	 7.9687500000e-001	 2.98520e-003
1634	 7.9736328125e-001	 1.34670e-003
1635	 7.9785156250e-001	-7.49914e-003
1636	 7.9833984375e-001	-2.39645e-003
1637	 7.9882812500e-001	-7.92295e-003
1638	 7.9931640625e-001	-3.99338e-003
1639	 7.9980468750e-001	 1.10611e-002
1640	 8.0029296875e-001	 2.62083e-003
1641	 8.0078125000e-001	-1.33089e-002
1642	 8.0126953125e-001	-4.20865e-003
1643	 8.0175781250e-001	 8.84211e-003
1644	 8.0224609375e-001	 2.64248e-003
1645	 8.0273437500e-001	 2.70065e-003
1646	 8.0322265625e-001	 3.29631e-003
1647	 8.0371093750e-001	-3.96280e-004
1648	 8.0419921875e-001	 3.55931e-003
1649	 8.0468750000e-001	 4.78073e-003
1650	 8.0517578125e-001	 4.71403e-003
1651	 8.0566406250e-001	 4.83507e-003
1652	 8.0615234375e-001	-8.17351e-004
1653	 8.0664062500e-001	-7.05424e-003
1654	 8.0712890625e-001	-3.02872e-003
1655	 8.0761718750e-001	 5.14653e-003
1656	 8.0810546875e-001	 1.06960e-002
1657	 8.0859375000e-001	 5.24398e-003
1658	 8.0908203125e-001	-7.94786e-003
1659	 8.0957031250e-001	-3.52083e-003
1660	 8.1005859375e-001	 6.80548e-003
1661	 8.1054687500e-001	 5.58088e-003
1662	 8.1103515625e-001	 2.23038e-003
1663	 8.1152343750e-001	-4.41055e-003
1664	 8.1201171875e-001	-7.46582e-003
1665	 8.1250000000e-001	 3.64545e-003
1666	 8.1298828125e-001	 4.57452e-003
1667	 8.1347656250e-001	-2.71194e-003
1668	 8.1396484375e-001	 5.99164e-003
1669	 8.1445312500e-001	-1.89807e-003
1670	 8.1494140625e-001	-1.53464e-002
1671	 8.1542968750e-001	-4.96773e-003
1672	 8.1591796875e-001	-3.99973e-003
1673	 8.1640625000e-001	-1.87723e-003
1674	 8.1689453125e-001	 6.66401e-003
1675	 8.1738281250e-001	-7.99666e-003
1676	 8.1787109375e-001	-1.51885e-002
1677	 8.1835937500e-001	 8.59389e-003
1678	 8.1884765625e-001	 9.52309e-003
1679	 8.1933593750e-001	-1.93951e-003
1680	 8.1982421875e-001	 1.08879e-002
1681	 8.2031250000e-001	 6.28862e-003
1682	 8.2080078125e-001	 1.63189e-003
1683	 8.2128906250e-001	 1.38598e-002
1684	 8.2177734375e-001	 9.04491e-003
1685	 8.2226562500e-001	 6.11766e-003
1686	 8.2275390625e-001	 7.83194e-003
1687	 8.2324218750e-001	-2.60595e-003
1688	 8.2373046875e-001	-5.02335e-003
1689	 8.2421875000e-001	 3.52225e-003
1690	 8.2470703125e-001	 7.49574e-003
1691	 8.2519531250e-001	 5.24836e-003
1692	 8.2568359375e-001	-5.17951e-003
1693	 8.2617187500e-001	-1.44411e-002
1694	 8.2666015625e-001	-6.20559e-004
1695	 8.2714843750e-001	 7.57732e-003
1696	 8.2763671875e-001	-4.04223e-003
1697	 8.2812500000e-001	-2.54552e-003
1698	 8.2861328125e-001	-5.20894e-003
1699	 8.2910156250e-001	-4.75765e-003
1700	 8.2958984375e-001	 9.05174e-003
1701	 8.3007812500e-001	 4.39377e-003
1702	 8.3056640625e-001	-3.87069e-004
1703	 8.3105468750e-001	 1.41674e-003
1704	 8.3154296875e-001	-3.18351e-003
1705	 8.3203125000e-001	-7.85226e-003
1706	 8.3251953125e-001	-1.37456e-003
1707	 8.3300781250e-001	 5.43556e-003
1708	 8.3349609375e-001	-9.69762e-004
1709	 8.3398437500e-001	-7.44246e-003
1710	 8.3447265625e-001	-1.41311e-002
1711	 8.3496093750e-001	-1.51222e-003
1712	 8.3544921875e-001	 1.12379e-002
1713	 8.3593750000e-001	-3.00451e-003
1714	 8.3642578125e-001	-2.62223e-003
1715	 8.3691406250e-001	 3.16022e-003
1716	 8.3740234375e-001	 3.28096e-003
1717	 8.3789062500e-001	 5.48691e-003
1718	 8.3837890625e-001	 6.36045e-003
1719	 8.3886718750e-001	 1.05050e-002
1720	 8.3935546875e-001	 4.36336e-003
1721	 8.3984375000e-001	-1.86430e-003
1722	 8.4033203125e-001	-1.02451e-003
1723	 8.4082031250e-001	 5.37644e-003
1724	 8.4130859375e-001	 1.01465e-002
1725	 8.4179687500e-001	 7.10572e-003
1726	 8.4228515625e-001	 1.70102e-003
1727	 8.4277343750e-001	-8.20732e-003
1728	 8.4326171875e-001	-5.90188e-004
1729	 8.4375000000e-001	 3.74407e-003
1730	 8.4423828125e-001	-4.14577e-003
1731	 8.4472656250e-001	-7.40573e-004
1732	 8.4521484375e-001	-6.56042e-003
1733	 8.4570312500e-001	-8.67426e-003
1734	 8.4619140625e-001	 9.39939e-004
1735	 8.4667968750e-001	 5.23203e-003
1736	 8.4716796875e-001	 1.87411e-003
1737	 8.4765625000e-001	-4.12251e-003
1738	 8.4814453125e-001	-3.84844e-003
1739	 8.4863281250e-001	-5.66839e-003
1740	 8.4912109375e-001	-1.27062e-003
1741	 8.4960937500e-001	 8.81895e-003
1742	 8.5009765625e-001	 4.42350e-003
1743	 8.5058593750e-001	-2.23841e-003
1744	 8.5107421875e-001	-4.45869e-003
1745	 8.5156250000e-001	-1.22612e-004
1746	 8.5205078125e-001	 8.28573e-003
1747	 8.5253906250e-001	 8.00219e-003
1748	 8.5302734375e-001	 2.32263e-003
1749	 8.5351562500e-001	-1.51888e-003
1750	 8.5400390625e-001	 5.89244e-003
1751	 8.5449218750e-001	 8.46283e-003
1752	 8.5498046875e-001	 6.19841e-003
1753	 8.5546875000e-001	 1.09219e-002
1754	 8.5595703125e-001	 5.06711e-003
1755	 8.5644531250e-001	-3.98588e-003
1756	 8.5693359375e-001	-2.99519e-003
1757	 8.5742187500e-001	 2.95322e-003
1758	 8.5791015625e-001	 8.26043e-003
1759	 8.5839843750e-001	 1.10084e-002
1760	 8.5888671875e-001	 1.62084e-003
1761	 8.5937500000e-001	-8.39045e-003
1762	 8.5986328125e-001	 4.34663e-003
1763	 8.6035156250e-001	 9.90544e-003
1764	 8.6083984375e-001	-1.77783e-004
1765	 8.6132812500e-001	-5.24893e-004
1766	 8.6181640625e-001	-1.16243e-003
1767	 8.6230468750e-001	-5.46572e-003
1768	 8.6279296875e-001	 3.05990e-004
1769	 8.6328125000e-001	 6.29320e-003
1770	 8.6376953125e-001	 2.57255e-003
1771	 8.6425781250e-001	-3.57474e-003
1772	 8.6474609375e-001	-8.43899e-003
1773	 8.6523437500e-001	-9.27298e-003
1774	 8.6572265625e-001	-6.26057e-003
1775	 8.6621093750e-001	 9.61331e-004
1776	 8.6669921875e-001	 1.98643e-003
1777	 8.6718750000e-001	-9.74496e-003
1778	 8.6767578125e-001	-1.20085e-002
1779	 8.6816406250e-001	-1.20806e-003
1780	 8.6865234375e-001	 5.56666e-003
1781	 8.6914062500e-001	 4.11837e-003
1782	 8.6962890625e-001	 4.47151e-003
1783	 8.7011718750e-001	-6.78379e-004
1784	 8.7060546875e-001	-1.70976e-003
1785	 8.7109375000e-001	 1.21458e-002
1786	 8.7158203125e-001	 7.92860e-003
1787	 8.7207031250e-001	 1.75064e-003
1788	 8.7255859375e-001	 7.21772e-003
1789	 8.7304687500e-001	-1.36981e-003
1790	 8.7353515625e-001	-6.76893e-003
1791	 8.7402343750e-001	 2.13828e-003
1792	 8.7451171875e-001	 5.70699e-003
1793	 8.7500000000e-001	 4.46711e-003
1794	 8.7548828125e-001	-1.84851e-004
1795	 8.7597656250e-001	-1.22863e-002
1796	 8.7646484375e-001	-7.76203e-003
1797	 8.7695312500e-001	 6.86475e-003
1798	 8.7744140625e-001	 5.26110e-004
1799	 8.7792968750e-001	-7.55402e-003
1800	 8.7841796875e-001	-2.79709e-003
1801	 8.7890625000e-001	 6.12885e-004
1802	 8.7939453125e-001	 2.05561e-003
1803	 8.7988281250e-001	 3.02500e-003
1804	 8.8037109375e-001	 6.86921e-003
1805	 8.8085937500e-001	 5.12261e-003
1806	 8.8134765625e-001	-8.85168e-004
1807	 8.8183593750e-001	-1.39412e-003
1808	 8.8232421875e-001	-6.86203e-003
1809	 8.8281250000e-001	 2.49604e-003
1810	 8.8330078125e-001	 1.33456e-002
1811	 8.8378906250e-001	-4.05839e-003
1812	 8.8427734375e-001	-1.37399e-002
1813	 8.8476562500e-001	 6.66973e-004
1814	 8.8525390625e-001	 8.59820e-003
1815	 8.8574218750e-001	 1.07438e-003
1816	 8.8623046875e-001	 3.45090e-003
1817	 8.8671875000e-001	-9.86415e-005
1818	 8.8720703125e-001	-2.30189e-003
1819	 8.8769531250e-001	 1.43050e-002
1820	 8.8818359375e-001	 8.69480e-003
1821	 8.8867187500e-001	 3.68540e-003
1822	 8.8916015625e-001	 9.13320e-003
1823	 8.8964843750e-001	 1.06268e-003
1824	 8.9013671875e-001	-2.10566e-003
1825	 8.9062500000e-001	 3.80411e-003
1826	 8.9111328125e-001	 8.83590e-003
1827	 8.9160156250e-001	 8.85797e-003
1828	 8.9208984375e-001	 4.34098e-003
1829	 8.9257812500e-001	-1.13685e-002
1830	 8.9306640625e-001	-8.13489e-003
1831	 8.9355468750e-001	 1.02430e-002
1832	 8.9404296875e-001	-1.45728e-003
1833	 8.9453125000e-001	-1.00584e-002
1834	 8.9501953125e-001	-6.80820e-003
1835	 8.9550781250e-001	-7.54200e-003
1836	 8.9599609375e-001	-2.27397e-003
1837	 8.9648437500e-001	-4.45661e-003
1838	 8.9697265625e-001	-4.07288e-003
1839	 8.9746093750e-001	 2.60893e-003
1840	 8.9794921875e-001	-4.89059e-003
1841	 8.9843750000e-001	-1.30673e-002
1842	 8.9892578125e-001	-5.06240e-003
1843	 8.9941406250e-001	 1.99576e-003
1844	 8.9990234375e-001	 1.02803e-003
1845	 9.0039062500e-001	 3.08746e-003
1846	 9.0087890625e-001	-9.26502e-003
1847	 9.0136718750e-001	-1.04471e-002
1848	 9.0185546875e-001	 1.27162e-002
1849	 9.0234375000e-001	 3.62262e-003
1850	 9.0283203125e-001	-3.51395e-003
1851	 9.0332031250e-001	 6.67065e-003
1852	 9.0380859375e-001	-2.92493e-003
1853	 9.0429687500e-001	-7.83799e-004
1854	 9.0478515625e-001	 1.28601e-002
1855	 9.0527343750e-001	 6.68261e-003
1856	 9.0576171875e-001	-1.17849e-003
1857	 9.0625000000e-001	 2.50371e-003
1858	 9.0673828125e-001	-5.20291e-003
1859	 9.0722656250e-001	-4.14701e-003
1860	 9.0771484375e-001	 1.15136e-002
1861	 9.0820312500e-001	 1.04874e-002
1862	 9.0869140625e-001	 3.85063e-003
1863	 9.0917968750e-001	-2.38464e-003
1864	 9.0966796875e-001	-1.24299e-003
1865	 9.1015625000e-001	 1.00109e-002
1866	 9.1064453125e-001	 1.02124e-002
1867	 9.1113281250e-001	 1.40091e-003
1868	 9.1162109375e-001	-2.49520e-003
1869	 9.1210937500e-001	 3.23237e-004
1870	 9.1259765625e-001	 5.40178e-003
1871	 9.1308593750e-001	 7.22548e-003
1872	 9.1357421875e-001	 3.01746e-003
1873	 9.1406250000e-001	 2.58866e-003
1874	 9.1455078125e-001	 6.63363e-004
1875	 9.1503906250e-001	-8.93791e-003
1876	 9.1552734375e-001	-8.07470e-003
1877	 9.1601562500e-001	 3.62638e-003
1878	 9.1650390625e-001	 4.13249e-003
1879	 9.1699218750e-001	-4.63310e-003
1880	 9.1748046875e-001	-6.10300e-003
1881	 9.1796875000e-001	-6.22942e-003
1882	 9.1845703125e-001	 5.28345e-003
1883	 9.1894531250e-001	 1.17944e-002
1884	 9.1943359375e-001	-1.84720e-003
1885	 9.1992187500e-001	 1.29769e-003
1886	 9.2041015625e-001	 9.70783e-003
1887	 9.2089843750e-001	 1.00842e-003
1888	 9.2138671875e-001	 2.42399e-003
1889	 9.2187500000e-001	 1.34317e-002
1890	 9.2236328125e-001	 3.83966e-003
1891	 9.2285156250e-001	-5.66501e-003
1892	 9.2333984375e-001	-2.07514e-004
1893	 9.2382812500e-001	-4.73432e-003
1894	 9.2431640625e-001	-2.20160e-003
1895	 9.2480468750e-001	 1.03779e-002
1896	 9.2529296875e-001	-2.39741e-003
1897	 9.2578125000e-001	-1.33359e-002
1898	 9.2626953125e-001	-1.22564e-003
1899	 9.2675781250e-001	-7.38976e-004
1900	 9.2724609375e-001	-4.26936e-003
1901	 9.2773437500e-001	 3.52054e-003
1902	 9.2822265625e-001	-4.26906e-003
1903	 9.2871093750e-001	-1.33514e-002
1904	 9.2919921875e-001	 4.03486e-003
1905	 9.2968750000e-001	 6.64193e-003
1906	 9.3017578125e-001	 6.85843e-004
1907	 9.3066406250e-001	 8.79134e-003
1908	 9.3115234375e-001	-3.51282e-003
1909	 9.3164062500e-001	-1.03153e-002
1910	 9.3212890625e-001	-4.75962e-004
1911	 9.3261718750e-001	 3.74405e-004
1912	 9.3310546875e-001	 3.33842e-003
1913	 9.3359375000e-001	 5.71578e-003
1914	 9.3408203125e-001	-6.76460e-003
1915	 9.3457031250e-001	-1.21259e-002
1916	 9.3505859375e-001	 7.31144e-003
1917	 9.3554687500e-001	 7.91796e-003
1918	 9.3603515625e-001	-8.82360e-004
1919	 9.3652343750e-001	 2.84301e-003
1920	 9.3701171875e-001	-9.06899e-005
1921	 9.3750000000e-001	 8.66321e-003
1922	 9.3798828125e-001	 1.06552e-002
1923	 9.3847656250e-001	 5.26742e-003
1924	 9.3896484375e-001	 1.05891e-002
1925	 9.3945312500e-001	 4.64630e-003
1926	 9.3994140625e-001	-1.58613e-003
1927	 9.4042968750e-001	 1.60099e-003
1928	 9.4091796875e-001	 5.80269e-003
1929	 9.4140625000e-001	 1.21043e-002
1930	 9.4189453125e-001	 1.06896e-002
1931	 9.4238281250e-001	-7.16491e-003
1932	 9.4287109375e-001	-8.15245e-003
1933	 9.4335937500e-001	 9.50725e-003
1934	 9.4384765625e-001	 1.24018e-003
1935	 9.4433593750e-001	-4.87811e-003
1936	 9.4482421875e-001	-4.47003e-004
1937	 9.4531250000e-001	-1.11944e-002
1938	 9.4580078125e-001	-6.65647e-003
1939	 9.4628906250e-001	 4.39474e-003
1940	 9.4677734375e-001	 9.24587e-004
1941	 9.4726562500e-001	-7.48002e-005
1942	 9.4775390625e-001	-1.79441e-003
1943	 9.4824218750e-001	-7.73730e-003
1944	 9.4873046875e-001	-5.55187e-003
1945	 9.4921875000e-001	 2.30608e-003
1946	 9.4970703125e-001	 3.89680e-003
1947	 9.5019531250e-001	 2.45635e-003
1948	 9.5068359375e-001	-6.12694e-003
1949	 9.5117187500e-001	-1.05204e-002
1950	 9.5166015625e-001	 6.65634e-003
1951	 9.5214843750e-001	 9.99556e-003
1952	 9.5263671875e-001	-7.49871e-004
1953	 9.5312500000e-001	-2.96725e-005
1954	 9.5361328125e-001	-5.52097e-004
1955	 9.5410156250e-001	 2.33593e-003
1956	 9.5458984375e-001	 7.32046e-003
1957	 9.5507812500e-001	 3.37846e-003
1958	 9.5556640625e-001	 6.92122e-004
1959	 9.5605468750e-001	 3.12789e-003
1960	 9.5654296875e-001	-2.58000e-003
1961	 9.5703125000e-001	-5.44129e-003
1962	 9.5751953125e-001	 3.35431e-003
1963	 9.5800781250e-001	 6.75346e-003
1964	 9.5849609375e-001	 6.99853e-003
1965	 9.5898437500e-001	-1.39414e-003
1966	 9.5947265625e-001	-9.83130e-003
1967	 9.5996093750e-001	 3.46304e-003
1968	 9.6044921875e-001	 8.46863e-003
1969	 9.6093750000e-001	-3.47644e-003
1970	 9.6142578125e-001	-2.14530e-003
1971	 9.6191406250e-001	 3.00955e-005
1972	 9.6240234375e-001	-3.72173e-003
1973	 9.6289062500e-001	 2.57222e-003
1974	 9.6337890625e-001	 4.13937e-003
1975	 9.6386718750e-001	-1.59700e-003
1976	 9.6435546875e-001	-3.37550e-003
1977	 9.6484375000e-001	-9.48389e-003
1978	 9.6533203125e-001	-1.31997e-002
1979	 9.6582031250e-001	-4.08246e-003
1980	 9.6630859375e-001	 2.23620e-003
1981	 9.6679687500e-001	-2.78284e-003
1982	 9.6728515625e-001	-9.98940e-003
1983	 9.6777343750e-001	-1.31835e-002
1984	 9.6826171875e-001	-3.77984e-003
1985	 9.6875000000e-001	 8.67890e-003
1986	 9.6923828125e-001	 3.02514e-003
1987	 9.6972656250e-001	-4.11645e-003
1988	 9.7021484375e-001	-1.34178e-003
1989	 9.7070312500e-001	 3.27562e-003
1990	 9.7119140625e-001	 8.47946e-003
1991	 9.7167968750e-001	 5.08968e-003
1992	 9.7216796875e-001	 1.32282e-003
1993	 9.7265625000e-001	 3.10886e-003
1994	 9.7314453125e-001	-1.64708e-003
1995	 9.7363281250e-001	-7.59185e-003
1996	 9.7412109375e-001	-1.04148e-003
1997	 9.7460937500e-001	 8.13149e-003
1998	 9.7509765625e-001	 2.24753e-003
1999	 9.7558593750e-001	-5.98995e-003
2000	 9.7607421875e-001	-1.12088e-002
2001	 9.7656250000e-001	-6.83331e-003
2002	 9.7705078125e-001	 5.79139e-003
2003	 9.7753906250e-001	-1.74491e-003
2004	 9.7802734375e-001	-9.96308e-003
2005	 9.7851562500e-001	-2.89834e-003
2006	 9.7900390625e-001	 1.83255e-003
2007	 9.7949218750e-001	-1.41304e-003
2008	 9.7998046875e-001	 2.51311e-003
2009	 9.8046875000e-001	 1.11091e-002
2010	 9.8095703125e-001	-2.49052e-003
2011	 9.8144531250e-001	-6.08162e-003
2012	 9.8193359375e-001	 2.50904e-004
2013	 9.8242187500e-001	-6.52860e-003
2014	 9.8291015625e-001	 4.51366e-003
2015	 9.8339843750e-001	 8.12455e-003
2016	 9.8388671875e-001	-1.02461e-002
2017	 9.8437500000e-001	-1.18250e-002
2018	 9.8486328125e-001	 3.53609e-003
2019	 9.8535156250e-001	 5.40809e-003
2020	 9.8583984375e-001	 4.06056e-004
2021	 9.8632812500e-001	 6.15583e-003
2022	 9.8681640625e-001	-3.00242e-003
2023	 9.8730468750e-001	-2.02401e-003
2024	 9.8779296875e-001	 1.46139e-002
2025	 9.8828125000e-001	 8.31532e-003
2026	 9.8876953125e-001	 4.01751e-003
2027	 9.8925781250e-001	 6.99354e-003
2028	 9.8974609375e-001	 1.43008e-003
2029	 9.9023437500e-001	-3.97279e-003
2030	 9.9072265625e-001	 3.71677e-003
2031	 9.9121093750e-001	 1.20505e-002
2032	 9.9169921875e-001	 5.00264e-003
2033	 9.9218750000e-001	-3.51343e-003
2034	 9.9267578125e-001	-9.92609e-003
2035	 9.9316406250e-001	-3.81162e-003
2036	 9.9365234375e-001	 4.12013e-003
2037	 9.9414062500e-001	-3.85073e-003
2038	 9.9462890625e-001	-1.13270e-002
2039	 9.9511718750e-001	-1.34276e-002
2040	 9.9560546875e-001	-2.75568e-003
2041	 9.9609375000e-001	-2.03655e-003
2042	 9.9658203125e-001	-1.14029e-002
2043	 9.9707031250e-001	 8.66996e-004
2044	 9.9755859375e-001	-1.75621e-003
2045	 9.9804687500e-001	-1.38503e-002
2046	 9.9853515625e-001	-7.63968e-003
2047	 9.9902343750e-001	-6.11516e-003
2048	 9.9951171875e-001	-2.63106e-003
TagsBegin:	 	 
OverLoad:	 	False
OverLoadRatio: []	 	 0.00000e+000
TagsEnd:	 	 
TagScalesBegin:	 	 
TagScalesEnd:	 	 



Header Size:	 79	 
Pulse Version:	 80	 
Running Pulse Version:	PULSE LabShop  Version 21.0.0.671 - 2017-10-20	 
Decimal Symbol:	.	 
Date Format:	yyyy-MM-dd	 
Time Format:	HH:mm:ss:mmm	 
Data Type:	Real	 
Slice:	False	 
Z-Axis type:	Linear	 
Z-Axis size:	1	 
Z-Axis unit:	 	 
Z-Axis first value:	 0.0000000000e+000	 
Z-Axis delta:	 1.0000000000e+000	 
X-Axis type:	Linear	 
X-Axis size:	2048	 
X-Axis unit:	s	 
X-Axis first value:	 0.0000000000e+000	 
X-Axis delta:	 4.8828125000e-004	 
	 	 
AmplitudeUnit:	m/s^2	 
Analyzer:	FFT_Spectrum_Averaging	 
AnalyzerName:	FFT	 
	 	 
	 	 
Bipolar:	True	 
CenterFrequency:	 4.0000000000e+002	 
	 	 
	 	 
	 	 
	 	 
	 	 
	 	 
	 	 
	 	 
Domain:	0	 
Function:	Time	 
	 	 
InputRange:	 9.9009900990e+001	 
	 	 
	 	 
MultiBufferName:	Input	 
NBW:	 1.5000000000e+000	 
	 	 
OverlapFailed:	False	 
	 	 
Power:	False	 
PowerUnit:	(m/s^2)^2	 
	 	 
RecordLength:	 1.0000000000e+000	 
	 	 
	 	 
	 	 
	 	 
	 	 
	 	 
SamplingRatio:	 2.5600000000e+000	 
Signal:	Acc_1_z	 
	 	 
SignalUnit:	m/s^2	 
	 	 
	 	 
	 	 
Title:	Time(Acc_1_z)	 
Title1:	Working : 1mVpp : Input : FFT	 
	 	 
	 	 
Weight:	0	 
ZoomOn:	False	 
	 	 
TemplateName:	Working	 
MeasurementName:	1mVpp	 
MeasurementSlice:	False	 
	 	 
	 	 
	 	 
EnvelopeOn:	False	 
	 	 
	 	 
	 	 
Z-index:	 	1
Date:	 	2025-03-07
Time:	 	17:02:05:603
Relative time:	 	 0.00000e+000
Z-axis:	 	 0.0000000000e+000
1	 0.0000000000e+000	-6.88552e-005
2	 4.8828125000e-004	-3.68124e-002
3	 9.7656250000e-004	-6.79246e-002
4	 1.4648437500e-003	-9.11392e-002
5	 1.9531250000e-003	-9.69699e-002
6	 2.4414062500e-003	-9.76409e-002
7	 2.9296875000e-003	-9.97235e-002
8	 3.4179687500e-003	-9.61500e-002
9	 3.9062500000e-003	-9.73913e-002
10	 4.3945312500e-003	-9.70439e-002
11	 4.8828125000e-003	-8.66148e-002
12	 5.3710937500e-003	-8.38208e-002
13	 5.8593750000e-003	-7.52828e-002
14	 6.3476562500e-003	-6.39280e-002
15	 6.8359375000e-003	-6.32209e-002
16	 7.3242187500e-003	-6.48471e-002
17	 7.8125000000e-003	-6.95959e-002
18	 8.3007812500e-003	-7.04355e-002
19	 8.7890625000e-003	-7.50345e-002
20	 9.2773437500e-003	-7.61402e-002
21	 9.7656250000e-003	-6.81695e-002
22	 1.0253906250e-002	-5.01044e-002
23	 1.0742187500e-002	-2.54142e-002
24	 1.1230468750e-002	-5.82923e-003
25	 1.1718750000e-002	 2.27911e-002
26	 1.2207031250e-002	 5.19503e-002
27	 1.2695312500e-002	 8.86926e-002
28	 1.3183593750e-002	 1.27015e-001
29	 1.3671875000e-002	 1.58496e-001
30	 1.4160156250e-002	 1.88220e-001
31	 1.4648437500e-002	 2.01332e-001
32	 1.5136718750e-002	 2.02932e-001
33	 1.5625000000e-002	 1.92424e-001
34	 1.6113281250e-002	 1.74266e-001
35	 1.6601562500e-002	 1.41589e-001
36	 1.7089843750e-002	 9.72061e-002
37	 1.7578125000e-002	 5.23769e-002
38	 1.8066406250e-002	 1.50712e-003
39	 1.8554687500e-002	-4.35346e-002
40	 1.9042968750e-002	-8.46728e-002
41	 1.9531250000e-002	-1.28795e-001
42	 2.0019531250e-002	-1.66936e-001
43	 2.0507812500e-002	-1.95258e-001
44	 2.0996093750e-002	-2.14306e-001
45	 2.1484375000e-002	-2.15614e-001
46	 2.1972656250e-002	-2.02945e-001
47	 2.2460937500e-002	-1.79474e-001
48	 2.2949218750e-002	-1.47267e-001
49	 2.3437500000e-002	-1.11491e-001
50	 2.3925781250e-002	-7.29266e-002
51	 2.4414062500e-002	-3.25618e-002
52	 2.4902343750e-002	 8.12184e-003
53	 2.5390625000e-002	 3.84810e-002
54	 2.5878906250e-002	 6.28514e-002
55	 2.6367187500e-002	 8.30179e-002
56	 2.6855468750e-002	 9.78121e-002
57	 2.7343750000e-002	 1.07274e-001
58	 2.7832031250e-002	 1.04713e-001
59	 2.8320312500e-002	 9.81414e-002
60	 2.8808593750e-002	 8.62790e-002
61	 2.9296875000e-002	 7.82619e-002
62	 2.9785156250e-002	 7.38142e-002
63	 3.0273437500e-002	 6.68076e-002
64	 3.0761718750e-002	 6.52492e-002
65	 3.1250000000e-002	 6.36622e-002
66	 3.1738281250e-002	 6.34168e-002
67	 3.2226562500e-002	 6.38105e-002
68	 3.2714843750e-002	 6.75701e-002
69	 3.3203125000e-002	 6.75882e-002
70	 3.3691406250e-002	 6.16438e-002
71	 3.4179687500e-002	 5.60425e-002
72	 3.4667968750e-002	 4.39139e-002
73	 3.5156250000e-002	 3.48494e-002
74	 3.5644531250e-002	 2.23045e-002
75	 3.6132812500e-002	-2.62574e-003
76	 3.6621093750e-002	-3.49916e-002
77	 3.7109375000e-002	-7.23711e-002
78	 3.7597656250e-002	-1.12144e-001
79	 3.8085937500e-002	-1.48731e-001
80	 3.8574218750e-002	-1.77010e-001
81	 3.9062500000e-002	-1.96705e-001
82	 3.9550781250e-002	-2.06370e-001
83	 4.0039062500e-002	-2.06655e-001
84	 4.0527343750e-002	-1.99251e-001
85	 4.1015625000e-002	-1.82397e-001
86	 4.1503906250e-002	-1.50410e-001
87	 4.1992187500e-002	-1.13906e-001
88	 4.2480468750e-002	-7.22395e-002
89	 4.2968750000e-002	-2.09578e-002
90	 4.3457031250e-002	 2.92988e-002
91	 4.3945312500e-002	 8.29411e-002
92	 4.4433593750e-002	 1.24591e-001
93	 4.4921875000e-002	 1.56058e-001
94	 4.5410156250e-002	 1.83604e-001
95	 4.5898437500e-002	 1.99986e-001
96	 4.6386718750e-002	 2.11317e-001
97	 4.6875000000e-002	 2.09670e-001
98	 4.7363281250e-002	 1.96196e-001
99	 4.7851562500e-002	 1.74197e-001
100	 4.8339843750e-002	 1.38452e-001
101	 4.8828125000e-002	 9.94412e-002
102	 4.9316406250e-002	 6.09089e-002
103	 4.9804687500e-002	 2.04086e-002
104	 5.0292968750e-002	-1.89845e-002
105	 5.0781250000e-002	-5.11651e-002
106	 5.1269531250e-002	-7.61813e-002
107	 5.1757812500e-002	-8.76078e-002
108	 5.2246093750e-002	-8.82643e-002
109	 5.2734375000e-002	-8.84120e-002
110	 5.3222656250e-002	-8.70394e-002
111	 5.3710937500e-002	-8.59572e-002
112	 5.4199218750e-002	-8.41013e-002
113	 5.4687500000e-002	-8.07085e-002
114	 5.5175781250e-002	-7.66554e-002
115	 5.5664062500e-002	-6.54099e-002
116	 5.6152343750e-002	-5.79067e-002
117	 5.6640625000e-002	-5.58701e-002
118	 5.7128906250e-002	-5.21041e-002
119	 5.7617187500e-002	-5.96220e-002
120	 5.8105468750e-002	-5.99457e-002
121	 5.8593750000e-002	-6.16912e-002
122	 5.9082031250e-002	-6.96647e-002
123	 5.9570312500e-002	-6.22924e-002
124	 6.0058593750e-002	-5.09574e-002
125	 6.0546875000e-002	-2.91748e-002
126	 6.1035156250e-002	-9.35240e-003
127	 6.1523437500e-002	 1.42060e-002
128	 6.2011718750e-002	 4.47939e-002
129	 6.2500000000e-002	 7.54319e-002
130	 6.2988281250e-002	 1.15264e-001
131	 6.3476562500e-002	 1.47163e-001
132	 6.3964843750e-002	 1.74622e-001
133	 6.4453125000e-002	 1.95073e-001
134	 6.4941406250e-002	 2.00820e-001
135	 6.5429687500e-002	 1.93701e-001
136	 6.5917968750e-002	 1.77052e-001
137	 6.6406250000e-002	 1.49934e-001
138	 6.6894531250e-002	 1.08451e-001
139	 6.7382812500e-002	 6.52100e-002
140	 6.7871093750e-002	 1.39164e-002
141	 6.8359375000e-002	-3.21854e-002
142	 6.8847656250e-002	-7.13119e-002
143	 6.9335937500e-002	-1.18158e-001
144	 6.9824218750e-002	-1.59251e-001
145	 7.0312500000e-002	-1.95521e-001
146	 7.0800781250e-002	-2.19349e-001
147	 7.1289062500e-002	-2.24115e-001
148	 7.1777343750e-002	-2.21626e-001
149	 7.2265625000e-002	-2.01451e-001
150	 7.2753906250e-002	-1.66929e-001
151	 7.3242187500e-002	-1.33787e-001
152	 7.3730468750e-002	-9.60513e-002
153	 7.4218750000e-002	-5.72092e-002
154	 7.4707031250e-002	-1.40415e-002
155	 7.5195312500e-002	 2.25524e-002
156	 7.5683593750e-002	 4.63373e-002
157	 7.6171875000e-002	 6.93179e-002
158	 7.6660156250e-002	 8.48759e-002
159	 7.7148437500e-002	 9.86923e-002
160	 7.7636718750e-002	 1.02932e-001
161	 7.8125000000e-002	 9.86959e-002
162	 7.8613281250e-002	 9.45092e-002
163	 7.9101562500e-002	 8.62838e-002
164	 7.9589843750e-002	 7.80430e-002
165	 8.0078125000e-002	 7.36391e-002
166	 8.0566406250e-002	 7.14503e-002
167	 8.1054687500e-002	 6.88129e-002
168	 8.1542968750e-002	 6.84006e-002
169	 8.2031250000e-002	 6.53430e-002
170	 8.2519531250e-002	 6.82369e-002
171	 8.3007812500e-002	 7.28143e-002
172	 8.3496093750e-002	 6.66657e-002
173	 8.3984375000e-002	 6.44163e-002
174	 8.4472656250e-002	 5.85190e-002
175	 8.4960937500e-002	 4.92923e-002
176	 8.5449218750e-002	 4.04560e-002
177	 8.5937500000e-002	 1.86098e-002
178	 8.6425781250e-002	-1.29088e-002
179	 8.6914062500e-002	-5.02634e-002
180	 8.7402343750e-002	-9.11882e-002
181	 8.7890625000e-002	-1.27933e-001
182	 8.8378906250e-002	-1.59127e-001
183	 8.8867187500e-002	-1.81920e-001
184	 8.9355468750e-002	-1.93250e-001
185	 8.9843750000e-002	-1.98925e-001
186	 9.0332031250e-002	-1.98096e-001
187	 9.0820312500e-002	-1.83866e-001
188	 9.1308593750e-002	-1.58766e-001
189	 9.1796875000e-002	-1.25228e-001
190	 9.2285156250e-002	-8.68329e-002
191	 9.2773437500e-002	-4.19145e-002
192	 9.3261718750e-002	 8.29284e-003
193	 9.3750000000e-002	 6.21285e-002
194	 9.4238281250e-002	 1.09025e-001
195	 9.4726562500e-002	 1.44642e-001
196	 9.5214843750e-002	 1.76023e-001
197	 9.5703125000e-002	 1.94711e-001
198	 9.6191406250e-002	 2.06013e-001
199	 9.6679687500e-002	 2.09883e-001
200	 9.7167968750e-002	 2.00367e-001
201	 9.7656250000e-002	 1.80247e-001
202	 9.8144531250e-002	 1.50273e-001
203	 9.8632812500e-002	 1.12792e-001
204	 9.9121093750e-002	 7.28495e-002
205	 9.9609375000e-002	 3.40627e-002
206	 1.0009765625e-001	-7.87064e-003
207	 1.0058593750e-001	-4.46466e-002
208	 1.0107421875e-001	-6.97090e-002
209	 1.0156250000e-001	-8.61515e-002
210	 1.0205078125e-001	-9.07887e-002
211	 1.0253906250e-001	-9.13862e-002
212	 1.0302734375e-001	-9.20481e-002
213	 1.0351562500e-001	-9.19057e-002
214	 1.0400390625e-001	-9.16448e-002
215	 1.0449218750e-001	-8.76977e-002
216	 1.0498046875e-001	-7.84454e-002
217	 1.0546875000e-001	-7.06098e-002
218	 1.0595703125e-001	-6.44156e-002
219	 1.0644531250e-001	-5.90367e-002
220	 1.0693359375e-001	-5.86921e-002
221	 1.0742187500e-001	-6.20141e-002
222	 1.0791015625e-001	-6.42389e-002
223	 1.0839843750e-001	-6.54182e-002
224	 1.0888671875e-001	-7.12791e-002
225	 1.0937500000e-001	-6.81796e-002
226	 1.0986328125e-001	-5.92001e-002
227	 1.1035156250e-001	-4.14588e-002
228	 1.1083984375e-001	-1.76476e-002
229	 1.1132812500e-001	 2.89868e-003
230	 1.1181640625e-001	 3.07587e-002
231	 1.1230468750e-001	 5.91880e-002
232	 1.1279296875e-001	 9.71261e-002
233	 1.1328125000e-001	 1.32897e-001
234	 1.1376953125e-001	 1.61768e-001
235	 1.1425781250e-001	 1.88726e-001
236	 1.1474609375e-001	 2.00390e-001
237	 1.1523437500e-001	 2.00839e-001
238	 1.1572265625e-001	 1.88406e-001
239	 1.1621093750e-001	 1.64272e-001
240	 1.1669921875e-001	 1.30964e-001
241	 1.1718750000e-001	 8.63088e-002
242	 1.1767578125e-001	 3.65138e-002
243	 1.1816406250e-001	-1.28546e-002
244	 1.1865234375e-001	-5.72195e-002
245	 1.1914062500e-001	-9.96271e-002
246	 1.1962890625e-001	-1.41202e-001
247	 1.2011718750e-001	-1.79500e-001
248	 1.2060546875e-001	-2.08880e-001
249	 1.2109375000e-001	-2.22326e-001
250	 1.2158203125e-001	-2.22038e-001
251	 1.2207031250e-001	-2.09269e-001
252	 1.2255859375e-001	-1.83131e-001
253	 1.2304687500e-001	-1.47458e-001
254	 1.2353515625e-001	-1.09236e-001
255	 1.2402343750e-001	-7.34356e-002
256	 1.2451171875e-001	-3.11116e-002
257	 1.2500000000e-001	 9.01964e-003
258	 1.2548828125e-001	 3.67292e-002
259	 1.2597656250e-001	 6.19657e-002
260	 1.2646484375e-001	 8.06056e-002
261	 1.2695312500e-001	 9.81283e-002
262	 1.2744140625e-001	 1.07060e-001
263	 1.2792968750e-001	 1.02056e-001
264	 1.2841796875e-001	 9.65763e-002
265	 1.2890625000e-001	 8.49416e-002
266	 1.2939453125e-001	 7.93929e-002
267	 1.2988281250e-001	 7.71870e-002
268	 1.3037109375e-001	 7.16513e-002
269	 1.3085937500e-001	 7.46189e-002
270	 1.3134765625e-001	 7.51335e-002
271	 1.3183593750e-001	 7.18816e-002
272	 1.3232421875e-001	 7.12873e-002
273	 1.3281250000e-001	 7.51726e-002
274	 1.3330078125e-001	 7.29830e-002
275	 1.3378906250e-001	 6.65897e-002
276	 1.3427734375e-001	 6.05091e-002
277	 1.3476562500e-001	 5.06237e-002
278	 1.3525390625e-001	 4.42878e-002
279	 1.3574218750e-001	 2.71544e-002
280	 1.3623046875e-001	-1.09279e-003
281	 1.3671875000e-001	-3.62231e-002
282	 1.3720703125e-001	-7.54852e-002
283	 1.3769531250e-001	-1.14218e-001
284	 1.3818359375e-001	-1.51067e-001
285	 1.3867187500e-001	-1.78405e-001
286	 1.3916015625e-001	-1.98087e-001
287	 1.3964843750e-001	-2.07141e-001
288	 1.4013671875e-001	-2.05262e-001
289	 1.4062500000e-001	-1.98221e-001
290	 1.4111328125e-001	-1.76521e-001
291	 1.4160156250e-001	-1.40166e-001
292	 1.4208984375e-001	-1.07633e-001
293	 1.4257812500e-001	-6.48076e-002
294	 1.4306640625e-001	-1.56796e-002
295	 1.4355468750e-001	 3.46970e-002
296	 1.4404296875e-001	 8.85902e-002
297	 1.4453125000e-001	 1.28370e-001
298	 1.4501953125e-001	 1.61421e-001
299	 1.4550781250e-001	 1.84910e-001
300	 1.4599609375e-001	 1.99183e-001
301	 1.4648437500e-001	 2.08410e-001
302	 1.4697265625e-001	 2.01724e-001
303	 1.4746093750e-001	 1.87003e-001
304	 1.4794921875e-001	 1.65849e-001
305	 1.4843750000e-001	 1.29433e-001
306	 1.4892578125e-001	 8.68650e-002
307	 1.4941406250e-001	 4.63636e-002
308	 1.4990234375e-001	 4.22558e-003
309	 1.5039062500e-001	-3.06031e-002
310	 1.5087890625e-001	-5.81427e-002
311	 1.5136718750e-001	-7.96196e-002
312	 1.5185546875e-001	-8.51927e-002
313	 1.5234375000e-001	-8.69042e-002
314	 1.5283203125e-001	-8.96503e-002
315	 1.5332031250e-001	-9.24066e-002
316	 1.5380859375e-001	-9.05646e-002
317	 1.5429687500e-001	-8.35826e-002
318	 1.5478515625e-001	-7.86132e-002
319	 1.5527343750e-001	-7.09768e-002
320	 1.5576171875e-001	-6.06773e-002
321	 1.5625000000e-001	-5.59382e-002
322	 1.5673828125e-001	-5.35738e-002
323	 1.5722656250e-001	-5.22233e-002
324	 1.5771484375e-001	-5.60427e-002
325	 1.5820312500e-001	-5.45484e-002
326	 1.5869140625e-001	-5.98817e-002
327	 1.5917968750e-001	-6.54440e-002
328	 1.5966796875e-001	-5.79185e-002
329	 1.6015625000e-001	-4.49077e-002
330	 1.6064453125e-001	-2.25977e-002
331	 1.6113281250e-001	-1.61350e-004
332	 1.6162109375e-001	 2.82709e-002
333	 1.6210937500e-001	 5.74773e-002
334	 1.6259765625e-001	 8.96994e-002
335	 1.6308593750e-001	 1.28384e-001
336	 1.6357421875e-001	 1.58476e-001
337	 1.6406250000e-001	 1.85165e-001
338	 1.6455078125e-001	 2.01551e-001
339	 1.6503906250e-001	 2.02922e-001
340	 1.6552734375e-001	 1.92542e-001
341	 1.6601562500e-001	 1.74472e-001
342	 1.6650390625e-001	 1.43505e-001
343	 1.6699218750e-001	 9.94060e-002
344	 1.6748046875e-001	 5.50983e-002
345	 1.6796875000e-001	 4.97288e-003
346	 1.6845703125e-001	-4.26763e-002
347	 1.6894531250e-001	-8.42672e-002
348	 1.6943359375e-001	-1.29525e-001
349	 1.6992187500e-001	-1.70953e-001
350	 1.7041015625e-001	-2.05471e-001
351	 1.7089843750e-001	-2.28324e-001
352	 1.7138671875e-001	-2.32605e-001
353	 1.7187500000e-001	-2.26156e-001
354	 1.7236328125e-001	-2.03130e-001
355	 1.7285156250e-001	-1.67395e-001
356	 1.7333984375e-001	-1.29212e-001
357	 1.7382812500e-001	-8.88469e-002
358	 1.7431640625e-001	-5.11580e-002
359	 1.7480468750e-001	-9.77155e-003
360	 1.7529296875e-001	 2.31964e-002
361	 1.7578125000e-001	 4.52601e-002
362	 1.7626953125e-001	 7.03569e-002
363	 1.7675781250e-001	 8.81527e-002
364	 1.7724609375e-001	 9.99999e-002
365	 1.7773437500e-001	 1.04175e-001
366	 1.7822265625e-001	 9.72135e-002
367	 1.7871093750e-001	 8.74458e-002
368	 1.7919921875e-001	 8.35453e-002
369	 1.7968750000e-001	 8.08192e-002
370	 1.8017578125e-001	 7.80012e-002
371	 1.8066406250e-001	 7.96171e-002
372	 1.8115234375e-001	 7.59830e-002
373	 1.8164062500e-001	 7.47692e-002
374	 1.8212890625e-001	 7.30818e-002
375	 1.8261718750e-001	 7.41964e-002
376	 1.8310546875e-001	 7.74061e-002
377	 1.8359375000e-001	 7.53503e-002
378	 1.8408203125e-001	 7.19563e-002
379	 1.8457031250e-001	 6.10106e-002
380	 1.8505859375e-001	 5.29094e-002
381	 1.8554687500e-001	 4.05004e-002
382	 1.8603515625e-001	 1.67601e-002
383	 1.8652343750e-001	-1.27667e-002
384	 1.8701171875e-001	-5.18852e-002
385	 1.8750000000e-001	-9.40884e-002
386	 1.8798828125e-001	-1.28276e-001
387	 1.8847656250e-001	-1.62227e-001
388	 1.8896484375e-001	-1.86809e-001
389	 1.8945312500e-001	-1.93758e-001
390	 1.8994140625e-001	-1.98645e-001
391	 1.9042968750e-001	-1.93483e-001
392	 1.9091796875e-001	-1.76267e-001
393	 1.9140625000e-001	-1.51634e-001
394	 1.9189453125e-001	-1.18810e-001
395	 1.9238281250e-001	-8.07141e-002
396	 1.9287109375e-001	-3.56421e-002
397	 1.9335937500e-001	 1.75507e-002
398	 1.9384765625e-001	 7.42622e-002
399	 1.9433593750e-001	 1.14927e-001
400	 1.9482421875e-001	 1.48730e-001
401	 1.9531250000e-001	 1.76101e-001
402	 1.9580078125e-001	 1.92818e-001
403	 1.9628906250e-001	 2.02408e-001
404	 1.9677734375e-001	 2.01770e-001
405	 1.9726562500e-001	 1.94457e-001
406	 1.9775390625e-001	 1.72128e-001
407	 1.9824218750e-001	 1.40326e-001
408	 1.9873046875e-001	 1.00229e-001
409	 1.9921875000e-001	 5.99954e-002
410	 1.9970703125e-001	 2.19147e-002
411	 2.0019531250e-001	-2.00216e-002
412	 2.0068359375e-001	-5.17739e-002
413	 2.0117187500e-001	-7.75678e-002
414	 2.0166015625e-001	-9.24421e-002
415	 2.0214843750e-001	-9.65266e-002
416	 2.0263671875e-001	-9.78823e-002
417	 2.0312500000e-001	-9.64907e-002
418	 2.0361328125e-001	-9.32971e-002
419	 2.0410156250e-001	-9.04606e-002
420	 2.0458984375e-001	-8.41850e-002
421	 2.0507812500e-001	-7.51038e-002
422	 2.0556640625e-001	-6.78286e-002
423	 2.0605468750e-001	-6.00658e-002
424	 2.0654296875e-001	-5.67842e-002
425	 2.0703125000e-001	-5.67917e-002
426	 2.0751953125e-001	-6.06472e-002
427	 2.0800781250e-001	-6.00582e-002
428	 2.0849609375e-001	-6.18038e-002
429	 2.0898437500e-001	-6.67706e-002
430	 2.0947265625e-001	-6.20581e-002
431	 2.0996093750e-001	-5.14917e-002
432	 2.1044921875e-001	-2.91929e-002
433	 2.1093750000e-001	-8.48122e-003
434	 2.1142578125e-001	 1.42425e-002
435	 2.1191406250e-001	 4.30063e-002
436	 2.1240234375e-001	 7.36468e-002
437	 2.1289062500e-001	 1.11360e-001
438	 2.1337890625e-001	 1.42683e-001
439	 2.1386718750e-001	 1.72682e-001
440	 2.1435546875e-001	 1.95626e-001
441	 2.1484375000e-001	 2.04140e-001
442	 2.1533203125e-001	 2.03066e-001
443	 2.1582031250e-001	 1.89411e-001
444	 2.1630859375e-001	 1.62674e-001
445	 2.1679687500e-001	 1.19550e-001
446	 2.1728515625e-001	 7.44943e-002
447	 2.1777343750e-001	 2.59917e-002
448	 2.1826171875e-001	-2.56721e-002
449	 2.1875000000e-001	-6.76191e-002
450	 2.1923828125e-001	-1.12398e-001
451	 2.1972656250e-001	-1.54684e-001
452	 2.2021484375e-001	-1.86946e-001
453	 2.2070312500e-001	-2.15357e-001
454	 2.2119140625e-001	-2.30294e-001
455	 2.2167968750e-001	-2.25463e-001
456	 2.2216796875e-001	-2.07390e-001
457	 2.2265625000e-001	-1.80372e-001
458	 2.2314453125e-001	-1.42739e-001
459	 2.2363281250e-001	-1.03627e-001
460	 2.2412109375e-001	-6.74787e-002
461	 2.2460937500e-001	-2.52132e-002
462	 2.2509765625e-001	 1.03261e-002
463	 2.2558593750e-001	 3.66270e-002
464	 2.2607421875e-001	 6.50248e-002
465	 2.2656250000e-001	 8.36222e-002
466	 2.2705078125e-001	 1.00534e-001
467	 2.2753906250e-001	 1.07958e-001
468	 2.2802734375e-001	 1.00511e-001
469	 2.2851562500e-001	 9.19787e-002
470	 2.2900390625e-001	 8.34373e-002
471	 2.2949218750e-001	 7.97903e-002
472	 2.2998046875e-001	 7.53603e-002
473	 2.3046875000e-001	 7.48923e-002
474	 2.3095703125e-001	 7.47477e-002
475	 2.3144531250e-001	 7.34666e-002
476	 2.3193359375e-001	 7.40546e-002
477	 2.3242187500e-001	 7.21058e-002
478	 2.3291015625e-001	 7.52413e-002
479	 2.3339843750e-001	 7.50090e-002
480	 2.3388671875e-001	 7.06260e-002
481	 2.3437500000e-001	 6.26507e-002
482	 2.3486328125e-001	 5.28840e-002
483	 2.3535156250e-001	 4.29461e-002
484	 2.3583984375e-001	 2.24610e-002
485	 2.3632812500e-001	-6.19352e-003
486	 2.3681640625e-001	-4.19591e-002
487	 2.3730468750e-001	-8.01238e-002
488	 2.3779296875e-001	-1.17831e-001
489	 2.3828125000e-001	-1.56010e-001
490	 2.3876953125e-001	-1.78341e-001
491	 2.3925781250e-001	-1.91721e-001
492	 2.3974609375e-001	-2.01451e-001
493	 2.4023437500e-001	-1.97474e-001
494	 2.4072265625e-001	-1.88564e-001
495	 2.4121093750e-001	-1.64730e-001
496	 2.4169921875e-001	-1.30346e-001
497	 2.4218750000e-001	-9.89854e-002
498	 2.4267578125e-001	-5.40126e-002
499	 2.4316406250e-001	-2.61004e-003
500	 2.4365234375e-001	 5.18736e-002
501	 2.4414062500e-001	 1.01287e-001
502	 2.4462890625e-001	 1.36672e-001
503	 2.4511718750e-001	 1.67982e-001
504	 2.4560546875e-001	 1.88114e-001
505	 2.4609375000e-001	 2.02145e-001
506	 2.4658203125e-001	 2.07318e-001
507	 2.4707031250e-001	 1.98617e-001
508	 2.4755859375e-001	 1.82866e-001
509	 2.4804687500e-001	 1.54250e-001
510	 2.4853515625e-001	 1.14095e-001
511	 2.4902343750e-001	 7.61594e-002
512	 2.4951171875e-001	 3.75545e-002
513	 2.5000000000e-001	-5.26891e-003
514	 2.5048828125e-001	-3.97926e-002
515	 2.5097656250e-001	-6.97415e-002
516	 2.5146484375e-001	-8.78312e-002
517	 2.5195312500e-001	-9.05997e-002
518	 2.5244140625e-001	-9.43990e-002
519	 2.5292968750e-001	-9.58757e-002
520	 2.5341796875e-001	-9.44178e-002
521	 2.5390625000e-001	-9.39761e-002
522	 2.5439453125e-001	-8.82768e-002
523	 2.5488281250e-001	-8.02405e-002
524	 2.5537109375e-001	-7.16178e-002
525	 2.5585937500e-001	-5.99328e-002
526	 2.5634765625e-001	-5.54613e-002
527	 2.5683593750e-001	-5.43136e-002
528	 2.5732421875e-001	-5.54267e-002
529	 2.5781250000e-001	-5.87221e-002
530	 2.5830078125e-001	-5.84645e-002
531	 2.5878906250e-001	-6.45491e-002
532	 2.5927734375e-001	-6.25617e-002
533	 2.5976562500e-001	-5.36275e-002
534	 2.6025390625e-001	-4.01475e-002
535	 2.6074218750e-001	-1.68429e-002
536	 2.6123046875e-001	 4.50036e-003
537	 2.6171875000e-001	 3.39259e-002
538	 2.6220703125e-001	 6.55438e-002
539	 2.6269531250e-001	 1.00299e-001
540	 2.6318359375e-001	 1.37893e-001
541	 2.6367187500e-001	 1.67574e-001
542	 2.6416015625e-001	 1.91445e-001
543	 2.6464843750e-001	 2.04960e-001
544	 2.6513671875e-001	 2.05173e-001
545	 2.6562500000e-001	 1.95596e-001
546	 2.6611328125e-001	 1.77194e-001
547	 2.6660156250e-001	 1.41177e-001
548	 2.6708984375e-001	 9.63129e-002
549	 2.6757812500e-001	 4.89725e-002
550	 2.6806640625e-001	-3.01524e-003
551	 2.6855468750e-001	-4.55061e-002
552	 2.6904296875e-001	-8.88514e-002
553	 2.6953125000e-001	-1.34755e-001
554	 2.7001953125e-001	-1.71718e-001
555	 2.7050781250e-001	-2.06834e-001
556	 2.7099609375e-001	-2.24248e-001
557	 2.7148437500e-001	-2.27047e-001
558	 2.7197265625e-001	-2.18894e-001
559	 2.7246093750e-001	-1.91963e-001
560	 2.7294921875e-001	-1.60858e-001
561	 2.7343750000e-001	-1.23425e-001
562	 2.7392578125e-001	-8.35383e-002
563	 2.7441406250e-001	-4.50665e-002
564	 2.7490234375e-001	-4.37692e-003
565	 2.7539062500e-001	 2.42363e-002
566	 2.7587890625e-001	 5.06738e-002
567	 2.7636718750e-001	 7.21731e-002
568	 2.7685546875e-001	 8.73924e-002
569	 2.7734375000e-001	 9.76090e-002
570	 2.7783203125e-001	 9.53499e-002
571	 2.7832031250e-001	 9.15084e-002
572	 2.7880859375e-001	 8.32973e-002
573	 2.7929687500e-001	 7.64363e-002
574	 2.7978515625e-001	 7.32618e-002
575	 2.8027343750e-001	 7.13657e-002
576	 2.8076171875e-001	 7.02221e-002
577	 2.8125000000e-001	 7.21383e-002
578	 2.8173828125e-001	 7.39509e-002
579	 2.8222656250e-001	 7.23410e-002
580	 2.8271484375e-001	 7.56534e-002
581	 2.8320312500e-001	 7.23448e-002
582	 2.8369140625e-001	 6.71126e-002
583	 2.8417968750e-001	 6.66343e-002
584	 2.8466796875e-001	 5.58363e-002
585	 2.8515625000e-001	 4.85828e-002
586	 2.8564453125e-001	 3.68545e-002
587	 2.8613281250e-001	 1.17366e-002
588	 2.8662109375e-001	-2.10976e-002
589	 2.8710937500e-001	-6.17132e-002
590	 2.8759765625e-001	-1.00239e-001
591	 2.8808593750e-001	-1.34728e-001
592	 2.8857421875e-001	-1.64825e-001
593	 2.8906250000e-001	-1.85644e-001
594	 2.8955078125e-001	-1.93950e-001
595	 2.9003906250e-001	-1.95022e-001
596	 2.9052734375e-001	-1.90193e-001
597	 2.9101562500e-001	-1.72922e-001
598	 2.9150390625e-001	-1.41623e-001
599	 2.9199218750e-001	-1.07867e-001
600	 2.9248046875e-001	-6.77104e-002
601	 2.9296875000e-001	-2.11743e-002
602	 2.9345703125e-001	 3.04150e-002
603	 2.9394531250e-001	 8.37536e-002
604	 2.9443359375e-001	 1.23407e-001
605	 2.9492187500e-001	 1.56083e-001
606	 2.9541015625e-001	 1.81148e-001
607	 2.9589843750e-001	 1.99099e-001
608	 2.9638671875e-001	 2.04785e-001
609	 2.9687500000e-001	 2.01905e-001
610	 2.9736328125e-001	 1.89512e-001
611	 2.9785156250e-001	 1.64010e-001
612	 2.9833984375e-001	 1.32536e-001
613	 2.9882812500e-001	 9.13864e-002
614	 2.9931640625e-001	 4.99410e-002
615	 2.9980468750e-001	 1.01659e-002
616	 3.0029296875e-001	-3.02699e-002
617	 3.0078125000e-001	-6.47121e-002
618	 3.0126953125e-001	-8.60603e-002
619	 3.0175781250e-001	-9.57653e-002
620	 3.0224609375e-001	-1.01458e-001
621	 3.0273437500e-001	-1.00477e-001
622	 3.0322265625e-001	-1.00865e-001
623	 3.0371093750e-001	-1.01370e-001
624	 3.0419921875e-001	-9.63978e-002
625	 3.0468750000e-001	-8.86847e-002
626	 3.0517578125e-001	-8.05410e-002
627	 3.0566406250e-001	-7.07594e-002
628	 3.0615234375e-001	-6.01171e-002
629	 3.0664062500e-001	-5.83500e-002
630	 3.0712890625e-001	-6.01780e-002
631	 3.0761718750e-001	-6.38633e-002
632	 3.0810546875e-001	-6.27805e-002
633	 3.0859375000e-001	-6.34916e-002
634	 3.0908203125e-001	-6.60775e-002
635	 3.0957031250e-001	-6.05860e-002
636	 3.1005859375e-001	-4.58445e-002
637	 3.1054687500e-001	-2.19822e-002
638	 3.1103515625e-001	-3.11943e-003
639	 3.1152343750e-001	 2.41116e-002
640	 3.1201171875e-001	 5.39147e-002
641	 3.1250000000e-001	 8.90593e-002
642	 3.1298828125e-001	 1.27730e-001
643	 3.1347656250e-001	 1.56709e-001
644	 3.1396484375e-001	 1.88356e-001
645	 3.1445312500e-001	 2.08081e-001
646	 3.1494140625e-001	 2.12752e-001
647	 3.1542968750e-001	 2.07427e-001
648	 3.1591796875e-001	 1.90554e-001
649	 3.1640625000e-001	 1.62239e-001
650	 3.1689453125e-001	 1.21369e-001
651	 3.1738281250e-001	 7.52583e-002
652	 3.1787109375e-001	 2.43159e-002
653	 3.1835937500e-001	-2.38493e-002
654	 3.1884765625e-001	-6.89778e-002
655	 3.1933593750e-001	-1.16505e-001
656	 3.1982421875e-001	-1.58341e-001
657	 3.2031250000e-001	-1.89586e-001
658	 3.2080078125e-001	-2.13310e-001
659	 3.2128906250e-001	-2.24321e-001
660	 3.2177734375e-001	-2.19451e-001
661	 3.2226562500e-001	-1.99492e-001
662	 3.2275390625e-001	-1.68454e-001
663	 3.2324218750e-001	-1.33707e-001
664	 3.2373046875e-001	-9.53173e-002
665	 3.2421875000e-001	-5.67794e-002
666	 3.2470703125e-001	-1.70169e-002
667	 3.2519531250e-001	 1.30818e-002
668	 3.2568359375e-001	 3.53807e-002
669	 3.2617187500e-001	 5.96796e-002
670	 3.2666015625e-001	 7.81388e-002
671	 3.2714843750e-001	 9.45467e-002
672	 3.2763671875e-001	 9.61780e-002
673	 3.2812500000e-001	 9.13355e-002
674	 3.2861328125e-001	 8.30370e-002
675	 3.2910156250e-001	 7.09289e-002
676	 3.2958984375e-001	 6.80365e-002
677	 3.3007812500e-001	 6.24740e-002
678	 3.3056640625e-001	 6.13409e-002
679	 3.3105468750e-001	 6.39904e-002
680	 3.3154296875e-001	 6.16460e-002
681	 3.3203125000e-001	 6.14422e-002
682	 3.3251953125e-001	 6.50559e-002
683	 3.3300781250e-001	 6.46598e-002
684	 3.3349609375e-001	 6.25288e-002
685	 3.3398437500e-001	 6.14558e-002
686	 3.3447265625e-001	 5.32886e-002
687	 3.3496093750e-001	 4.75782e-002
688	 3.3544921875e-001	 3.58874e-002
689	 3.3593750000e-001	 1.30200e-002
690	 3.3642578125e-001	-1.53235e-002
691	 3.3691406250e-001	-5.06374e-002
692	 3.3740234375e-001	-8.64320e-002
693	 3.3789062500e-001	-1.22394e-001
694	 3.3837890625e-001	-1.51832e-001
695	 3.3886718750e-001	-1.73486e-001
696	 3.3935546875e-001	-1.88394e-001
697	 3.3984375000e-001	-1.92334e-001
698	 3.4033203125e-001	-1.88319e-001
699	 3.4082031250e-001	-1.75806e-001
700	 3.4130859375e-001	-1.49425e-001
701	 3.4179687500e-001	-1.16851e-001
702	 3.4228515625e-001	-7.98986e-002
703	 3.4277343750e-001	-3.42552e-002
704	 3.4326171875e-001	 1.41374e-002
705	 3.4375000000e-001	 7.02493e-002
706	 3.4423828125e-001	 1.18039e-001
707	 3.4472656250e-001	 1.55996e-001
708	 3.4521484375e-001	 1.84849e-001
709	 3.4570312500e-001	 1.99334e-001
710	 3.4619140625e-001	 2.12434e-001
711	 3.4667968750e-001	 2.13547e-001
712	 3.4716796875e-001	 2.00644e-001
713	 3.4765625000e-001	 1.81831e-001
714	 3.4814453125e-001	 1.52483e-001
715	 3.4863281250e-001	 1.12449e-001
716	 3.4912109375e-001	 7.42185e-002
717	 3.4960937500e-001	 3.48042e-002
718	 3.5009765625e-001	-9.50831e-003
719	 3.5058593750e-001	-4.32064e-002
720	 3.5107421875e-001	-7.05260e-002
721	 3.5156250000e-001	-8.69460e-002
722	 3.5205078125e-001	-9.23560e-002
723	 3.5253906250e-001	-9.70792e-002
724	 3.5302734375e-001	-1.00469e-001
725	 3.5351562500e-001	-1.01236e-001
726	 3.5400390625e-001	-9.68239e-002
727	 3.5449218750e-001	-9.11483e-002
728	 3.5498046875e-001	-8.33756e-002
729	 3.5546875000e-001	-7.27235e-002
730	 3.5595703125e-001	-6.43094e-002
731	 3.5644531250e-001	-6.03154e-002
732	 3.5693359375e-001	-5.91662e-002
733	 3.5742187500e-001	-6.30771e-002
734	 3.5791015625e-001	-6.24389e-002
735	 3.5839843750e-001	-6.40571e-002
736	 3.5888671875e-001	-7.35222e-002
737	 3.5937500000e-001	-6.90886e-002
738	 3.5986328125e-001	-5.90397e-002
739	 3.6035156250e-001	-4.09423e-002
740	 3.6083984375e-001	-1.79972e-002
741	 3.6132812500e-001	 5.94740e-003
742	 3.6181640625e-001	 3.52305e-002
743	 3.6230468750e-001	 6.63409e-002
744	 3.6279296875e-001	 1.05273e-001
745	 3.6328125000e-001	 1.43123e-001
746	 3.6376953125e-001	 1.76238e-001
747	 3.6425781250e-001	 1.97585e-001
748	 3.6474609375e-001	 2.05433e-001
749	 3.6523437500e-001	 2.03998e-001
750	 3.6572265625e-001	 1.90997e-001
751	 3.6621093750e-001	 1.68420e-001
752	 3.6669921875e-001	 1.32599e-001
753	 3.6718750000e-001	 8.84767e-002
754	 3.6767578125e-001	 4.03966e-002
755	 3.6816406250e-001	-8.68527e-003
756	 3.6865234375e-001	-5.23639e-002
757	 3.6914062500e-001	-9.73841e-002
758	 3.6962890625e-001	-1.41159e-001
759	 3.7011718750e-001	-1.78792e-001
760	 3.7060546875e-001	-2.08007e-001
761	 3.7109375000e-001	-2.21021e-001
762	 3.7158203125e-001	-2.23837e-001
763	 3.7207031250e-001	-2.12741e-001
764	 3.7255859375e-001	-1.82550e-001
765	 3.7304687500e-001	-1.48810e-001
766	 3.7353515625e-001	-1.10289e-001
767	 3.7402343750e-001	-7.12131e-002
768	 3.7451171875e-001	-3.42616e-002
769	 3.7500000000e-001	 3.62422e-003
770	 3.7548828125e-001	 3.06410e-002
771	 3.7597656250e-001	 5.44678e-002
772	 3.7646484375e-001	 7.65324e-002
773	 3.7695312500e-001	 9.36368e-002
774	 3.7744140625e-001	 9.94687e-002
775	 3.7792968750e-001	 9.42850e-002
776	 3.7841796875e-001	 8.60224e-002
777	 3.7890625000e-001	 7.68846e-002
778	 3.7939453125e-001	 7.39803e-002
779	 3.7988281250e-001	 7.03645e-002
780	 3.8037109375e-001	 6.99082e-002
781	 3.8085937500e-001	 6.93811e-002
782	 3.8134765625e-001	 6.73105e-002
783	 3.8183593750e-001	 6.66312e-002
784	 3.8232421875e-001	 6.51290e-002
785	 3.8281250000e-001	 7.04090e-002
786	 3.8330078125e-001	 6.94805e-002
787	 3.8378906250e-001	 6.77379e-002
788	 3.8427734375e-001	 6.33103e-002
789	 3.8476562500e-001	 5.29154e-002
790	 3.8525390625e-001	 4.76506e-002
791	 3.8574218750e-001	 3.03835e-002
792	 3.8623046875e-001	 2.74179e-003
793	 3.8671875000e-001	-2.86553e-002
794	 3.8720703125e-001	-6.91756e-002
795	 3.8769531250e-001	-1.06011e-001
796	 3.8818359375e-001	-1.37550e-001
797	 3.8867187500e-001	-1.67925e-001
798	 3.8916015625e-001	-1.82592e-001
799	 3.8964843750e-001	-1.89325e-001
800	 3.9013671875e-001	-1.91962e-001
801	 3.9062500000e-001	-1.81470e-001
802	 3.9111328125e-001	-1.62537e-001
803	 3.9160156250e-001	-1.32242e-001
804	 3.9208984375e-001	-9.67960e-002
805	 3.9257812500e-001	-5.53497e-002
806	 3.9306640625e-001	-6.58650e-003
807	 3.9355468750e-001	 4.63518e-002
808	 3.9404296875e-001	 9.56786e-002
809	 3.9453125000e-001	 1.33611e-001
810	 3.9501953125e-001	 1.64429e-001
811	 3.9550781250e-001	 1.89343e-001
812	 3.9599609375e-001	 2.06069e-001
813	 3.9648437500e-001	 2.07737e-001
814	 3.9697265625e-001	 2.02161e-001
815	 3.9746093750e-001	 1.85967e-001
816	 3.9794921875e-001	 1.56880e-001
817	 3.9843750000e-001	 1.22709e-001
818	 3.9892578125e-001	 8.03612e-002
819	 3.9941406250e-001	 4.07767e-002
820	 3.9990234375e-001	 1.39030e-003
821	 4.0039062500e-001	-3.73272e-002
822	 4.0087890625e-001	-6.95820e-002
823	 4.0136718750e-001	-9.25074e-002
824	 4.0185546875e-001	-9.84813e-002
825	 4.0234375000e-001	-1.00239e-001
826	 4.0283203125e-001	-1.02759e-001
827	 4.0332031250e-001	-1.01012e-001
828	 4.0380859375e-001	-9.93259e-002
829	 4.0429687500e-001	-9.86587e-002
830	 4.0478515625e-001	-9.01880e-002
831	 4.0527343750e-001	-8.17029e-002
832	 4.0576171875e-001	-7.22650e-002
833	 4.0625000000e-001	-6.17708e-002
834	 4.0673828125e-001	-6.15757e-002
835	 4.0722656250e-001	-6.31092e-002
836	 4.0771484375e-001	-6.45595e-002
837	 4.0820312500e-001	-6.69184e-002
838	 4.0869140625e-001	-7.05136e-002
839	 4.0917968750e-001	-6.81182e-002
840	 4.0966796875e-001	-6.03097e-002
841	 4.1015625000e-001	-4.40436e-002
842	 4.1064453125e-001	-2.03746e-002
843	 4.1113281250e-001	-1.35789e-003
844	 4.1162109375e-001	 2.46555e-002
845	 4.1210937500e-001	 5.64974e-002
846	 4.1259765625e-001	 9.40638e-002
847	 4.1308593750e-001	 1.32250e-001
848	 4.1357421875e-001	 1.65154e-001
849	 4.1406250000e-001	 1.94415e-001
850	 4.1455078125e-001	 2.08384e-001
851	 4.1503906250e-001	 2.12847e-001
852	 4.1552734375e-001	 2.04488e-001
853	 4.1601562500e-001	 1.84826e-001
854	 4.1650390625e-001	 1.56490e-001
855	 4.1699218750e-001	 1.13450e-001
856	 4.1748046875e-001	 6.55766e-002
857	 4.1796875000e-001	 1.82156e-002
858	 4.1845703125e-001	-2.80347e-002
859	 4.1894531250e-001	-7.54391e-002
860	 4.1943359375e-001	-1.19804e-001
861	 4.1992187500e-001	-1.59792e-001
862	 4.2041015625e-001	-1.92452e-001
863	 4.2089843750e-001	-2.12932e-001
864	 4.2138671875e-001	-2.21256e-001
865	 4.2187500000e-001	-2.11773e-001
866	 4.2236328125e-001	-1.87787e-001
867	 4.2285156250e-001	-1.58767e-001
868	 4.2333984375e-001	-1.20642e-001
869	 4.2382812500e-001	-8.23685e-002
870	 4.2431640625e-001	-4.60153e-002
871	 4.2480468750e-001	-5.76407e-003
872	 4.2529296875e-001	 2.32699e-002
873	 4.2578125000e-001	 4.81052e-002
874	 4.2626953125e-001	 6.97586e-002
875	 4.2675781250e-001	 8.78667e-002
876	 4.2724609375e-001	 1.00829e-001
877	 4.2773437500e-001	 1.01562e-001
878	 4.2822265625e-001	 9.70508e-002
879	 4.2871093750e-001	 8.27899e-002
880	 4.2919921875e-001	 7.57057e-002
881	 4.2968750000e-001	 7.38178e-002
882	 4.3017578125e-001	 6.62988e-002
883	 4.3066406250e-001	 6.74269e-002
884	 4.3115234375e-001	 6.72615e-002
885	 4.3164062500e-001	 6.42869e-002
886	 4.3212890625e-001	 6.59223e-002
887	 4.3261718750e-001	 6.71290e-002
888	 4.3310546875e-001	 6.70299e-002
889	 4.3359375000e-001	 6.68018e-002
890	 4.3408203125e-001	 6.30040e-002
891	 4.3457031250e-001	 5.43445e-002
892	 4.3505859375e-001	 4.90635e-002
893	 4.3554687500e-001	 3.44855e-002
894	 4.3603515625e-001	 7.67876e-003
895	 4.3652343750e-001	-2.13333e-002
896	 4.3701171875e-001	-6.02792e-002
897	 4.3750000000e-001	-1.00229e-001
898	 4.3798828125e-001	-1.34812e-001
899	 4.3847656250e-001	-1.60928e-001
900	 4.3896484375e-001	-1.77866e-001
901	 4.3945312500e-001	-1.91124e-001
902	 4.3994140625e-001	-1.94576e-001
903	 4.4042968750e-001	-1.91786e-001
904	 4.4091796875e-001	-1.77798e-001
905	 4.4140625000e-001	-1.47884e-001
906	 4.4189453125e-001	-1.16302e-001
907	 4.4238281250e-001	-7.54817e-002
908	 4.4287109375e-001	-2.82890e-002
909	 4.4335937500e-001	 2.17867e-002
910	 4.4384765625e-001	 7.60410e-002
911	 4.4433593750e-001	 1.18945e-001
912	 4.4482421875e-001	 1.54231e-001
913	 4.4531250000e-001	 1.81714e-001
914	 4.4580078125e-001	 2.01990e-001
915	 4.4628906250e-001	 2.14776e-001
916	 4.4677734375e-001	 2.13256e-001
917	 4.4726562500e-001	 1.97212e-001
918	 4.4775390625e-001	 1.73602e-001
919	 4.4824218750e-001	 1.41229e-001
920	 4.4873046875e-001	 1.01403e-001
921	 4.4921875000e-001	 6.43542e-002
922	 4.4970703125e-001	 2.25101e-002
923	 4.5019531250e-001	-1.85902e-002
924	 4.5068359375e-001	-5.18108e-002
925	 4.5117187500e-001	-7.88804e-002
926	 4.5166015625e-001	-9.13254e-002
927	 4.5214843750e-001	-9.36276e-002
928	 4.5263671875e-001	-9.44727e-002
929	 4.5312500000e-001	-9.76853e-002
930	 4.5361328125e-001	-9.68534e-002
931	 4.5410156250e-001	-9.28572e-002
932	 4.5458984375e-001	-8.84088e-002
933	 4.5507812500e-001	-8.30501e-002
934	 4.5556640625e-001	-7.14743e-002
935	 4.5605468750e-001	-6.08594e-002
936	 4.5654296875e-001	-5.66639e-002
937	 4.5703125000e-001	-5.39883e-002
938	 4.5751953125e-001	-6.00761e-002
939	 4.5800781250e-001	-5.98596e-002
940	 4.5849609375e-001	-6.13183e-002
941	 4.5898437500e-001	-6.59431e-002
942	 4.5947265625e-001	-6.08548e-002
943	 4.5996093750e-001	-5.02230e-002
944	 4.6044921875e-001	-2.74623e-002
945	 4.6093750000e-001	-1.02266e-002
946	 4.6142578125e-001	 1.21349e-002
947	 4.6191406250e-001	 4.39384e-002
948	 4.6240234375e-001	 7.55379e-002
949	 4.6289062500e-001	 1.14851e-001
950	 4.6337890625e-001	 1.51202e-001
951	 4.6386718750e-001	 1.80321e-001
952	 4.6435546875e-001	 2.02130e-001
953	 4.6484375000e-001	 2.11131e-001
954	 4.6533203125e-001	 2.04700e-001
955	 4.6582031250e-001	 1.92058e-001
956	 4.6630859375e-001	 1.67119e-001
957	 4.6679687500e-001	 1.27061e-001
958	 4.6728515625e-001	 8.26860e-002
959	 4.6777343750e-001	 3.17991e-002
960	 4.6826171875e-001	-1.42812e-002
961	 4.6875000000e-001	-5.73453e-002
962	 4.6923828125e-001	-1.03253e-001
963	 4.6972656250e-001	-1.44353e-001
964	 4.7021484375e-001	-1.80830e-001
965	 4.7070312500e-001	-2.07350e-001
966	 4.7119140625e-001	-2.18049e-001
967	 4.7167968750e-001	-2.18477e-001
968	 4.7216796875e-001	-2.03098e-001
969	 4.7265625000e-001	-1.72609e-001
970	 4.7314453125e-001	-1.39091e-001
971	 4.7363281250e-001	-1.01730e-001
972	 4.7412109375e-001	-6.22843e-002
973	 4.7460937500e-001	-1.93649e-002
974	 4.7509765625e-001	 1.30209e-002
975	 4.7558593750e-001	 3.65674e-002
976	 4.7607421875e-001	 6.43563e-002
977	 4.7656250000e-001	 7.98991e-002
978	 4.7705078125e-001	 9.48714e-002
979	 4.7753906250e-001	 9.93438e-002
980	 4.7802734375e-001	 9.15306e-002
981	 4.7851562500e-001	 8.61216e-002
982	 4.7900390625e-001	 7.44221e-002
983	 4.7949218750e-001	 6.90167e-002
984	 4.7998046875e-001	 6.73336e-002
985	 4.8046875000e-001	 6.53332e-002
986	 4.8095703125e-001	 6.55291e-002
987	 4.8144531250e-001	 6.59874e-002
988	 4.8193359375e-001	 6.71089e-002
989	 4.8242187500e-001	 6.71073e-002
990	 4.8291015625e-001	 6.58845e-002
991	 4.8339843750e-001	 6.28399e-002
992	 4.8388671875e-001	 6.00376e-002
993	 4.8437500000e-001	 5.37079e-002
994	 4.8486328125e-001	 4.82448e-002
995	 4.8535156250e-001	 4.16260e-002
996	 4.8583984375e-001	 2.43607e-002
997	 4.8632812500e-001	-4.06109e-003
998	 4.8681640625e-001	-4.31149e-002
999	 4.8730468750e-001	-8.14746e-002
1000	 4.8779296875e-001	-1.15270e-001
1001	 4.8828125000e-001	-1.48423e-001
1002	 4.8876953125e-001	-1.71628e-001
1003	 4.8925781250e-001	-1.86268e-001
1004	 4.8974609375e-001	-1.93882e-001
1005	 4.9023437500e-001	-1.92959e-001
1006	 4.9072265625e-001	-1.85363e-001
1007	 4.9121093750e-001	-1.59000e-001
1008	 4.9169921875e-001	-1.26433e-001
1009	 4.9218750000e-001	-9.18692e-002
1010	 4.9267578125e-001	-4.47363e-002
1011	 4.9316406250e-001	 4.52778e-003
1012	 4.9365234375e-001	 5.79701e-002
1013	 4.9414062500e-001	 1.03584e-001
1014	 4.9462890625e-001	 1.40664e-001
1015	 4.9511718750e-001	 1.72491e-001
1016	 4.9560546875e-001	 1.94522e-001
1017	 4.9609375000e-001	 2.11764e-001
1018	 4.9658203125e-001	 2.14498e-001
1019	 4.9707031250e-001	 2.08453e-001
1020	 4.9755859375e-001	 1.92370e-001
1021	 4.9804687500e-001	 1.59400e-001
1022	 4.9853515625e-001	 1.22228e-001
1023	 4.9902343750e-001	 8.26548e-002
1024	 4.9951171875e-001	 4.29171e-002
1025	 5.0000000000e-001	 3.38493e-003
1026	 5.0048828125e-001	-3.32479e-002
1027	 5.0097656250e-001	-6.31524e-002
1028	 5.0146484375e-001	-8.25308e-002
1029	 5.0195312500e-001	-8.87685e-002
1030	 5.0244140625e-001	-9.22018e-002
1031	 5.0292968750e-001	-9.55830e-002
1032	 5.0341796875e-001	-9.44846e-002
1033	 5.0390625000e-001	-9.25947e-002
1034	 5.0439453125e-001	-9.00102e-002
1035	 5.0488281250e-001	-8.31666e-002
1036	 5.0537109375e-001	-7.33686e-002
1037	 5.0585937500e-001	-6.44367e-002
1038	 5.0634765625e-001	-5.88697e-002
1039	 5.0683593750e-001	-5.79238e-002
1040	 5.0732421875e-001	-6.21551e-002
1041	 5.0781250000e-001	-6.42385e-002
1042	 5.0830078125e-001	-6.79657e-002
1043	 5.0878906250e-001	-7.47803e-002
1044	 5.0927734375e-001	-7.27733e-002
1045	 5.0976562500e-001	-6.17595e-002
1046	 5.1025390625e-001	-4.14467e-002
1047	 5.1074218750e-001	-2.22534e-002
1048	 5.1123046875e-001	-8.80850e-004
1049	 5.1171875000e-001	 2.84151e-002
1050	 5.1220703125e-001	 5.62308e-002
1051	 5.1269531250e-001	 9.49025e-002
1052	 5.1318359375e-001	 1.30723e-001
1053	 5.1367187500e-001	 1.60825e-001
1054	 5.1416015625e-001	 1.90921e-001
1055	 5.1464843750e-001	 2.02654e-001
1056	 5.1513671875e-001	 2.01576e-001
1057	 5.1562500000e-001	 1.92785e-001
1058	 5.1611328125e-001	 1.72731e-001
1059	 5.1660156250e-001	 1.40537e-001
1060	 5.1708984375e-001	 9.88194e-002
1061	 5.1757812500e-001	 5.11399e-002
1062	 5.1806640625e-001	 1.94524e-003
1063	 5.1855468750e-001	-4.42681e-002
1064	 5.1904296875e-001	-9.03252e-002
1065	 5.1953125000e-001	-1.35524e-001
1066	 5.2001953125e-001	-1.73454e-001
1067	 5.2050781250e-001	-2.02163e-001
1068	 5.2099609375e-001	-2.20011e-001
1069	 5.2148437500e-001	-2.22268e-001
1070	 5.2197265625e-001	-2.10498e-001
1071	 5.2246093750e-001	-1.87332e-001
1072	 5.2294921875e-001	-1.52378e-001
1073	 5.2343750000e-001	-1.13925e-001
1074	 5.2392578125e-001	-7.63434e-002
1075	 5.2441406250e-001	-3.50986e-002
1076	 5.2490234375e-001	 1.52641e-003
1077	 5.2539062500e-001	 2.84314e-002
1078	 5.2587890625e-001	 5.59521e-002
1079	 5.2636718750e-001	 7.72015e-002
1080	 5.2685546875e-001	 9.49287e-002
1081	 5.2734375000e-001	 1.05180e-001
1082	 5.2783203125e-001	 1.02534e-001
1083	 5.2832031250e-001	 9.92924e-002
1084	 5.2880859375e-001	 8.69407e-002
1085	 5.2929687500e-001	 8.14502e-002
1086	 5.2978515625e-001	 7.94166e-002
1087	 5.3027343750e-001	 7.25920e-002
1088	 5.3076171875e-001	 7.31290e-002
1089	 5.3125000000e-001	 7.18580e-002
1090	 5.3173828125e-001	 6.89191e-002
1091	 5.3222656250e-001	 7.05986e-002
1092	 5.3271484375e-001	 7.31996e-002
1093	 5.3320312500e-001	 7.06339e-002
1094	 5.3369140625e-001	 6.89107e-002
1095	 5.3417968750e-001	 6.38932e-002
1096	 5.3466796875e-001	 5.42927e-002
1097	 5.3515625000e-001	 4.82878e-002
1098	 5.3564453125e-001	 3.47117e-002
1099	 5.3613281250e-001	 9.38508e-003
1100	 5.3662109375e-001	-2.66378e-002
1101	 5.3710937500e-001	-6.70434e-002
1102	 5.3759765625e-001	-1.05490e-001
1103	 5.3808593750e-001	-1.39706e-001
1104	 5.3857421875e-001	-1.64764e-001
1105	 5.3906250000e-001	-1.82855e-001
1106	 5.3955078125e-001	-1.92765e-001
1107	 5.4003906250e-001	-1.94255e-001
1108	 5.4052734375e-001	-1.90889e-001
1109	 5.4101562500e-001	-1.73246e-001
1110	 5.4150390625e-001	-1.41691e-001
1111	 5.4199218750e-001	-1.10918e-001
1112	 5.4248046875e-001	-6.69676e-002
1113	 5.4296875000e-001	-1.82047e-002
1114	 5.4345703125e-001	 3.07938e-002
1115	 5.4394531250e-001	 8.28290e-002
1116	 5.4443359375e-001	 1.22756e-001
1117	 5.4492187500e-001	 1.55982e-001
1118	 5.4541015625e-001	 1.81143e-001
1119	 5.4589843750e-001	 2.01626e-001
1120	 5.4638671875e-001	 2.11200e-001
1121	 5.4687500000e-001	 2.05385e-001
1122	 5.4736328125e-001	 1.91816e-001
1123	 5.4785156250e-001	 1.65305e-001
1124	 5.4833984375e-001	 1.29217e-001
1125	 5.4882812500e-001	 9.08903e-002
1126	 5.4931640625e-001	 4.99341e-002
1127	 5.4980468750e-001	 7.77803e-003
1128	 5.5029296875e-001	-2.96460e-002
1129	 5.5078125000e-001	-6.28889e-002
1130	 5.5126953125e-001	-8.50513e-002
1131	 5.5175781250e-001	-9.20347e-002
1132	 5.5224609375e-001	-9.69559e-002
1133	 5.5273437500e-001	-9.95566e-002
1134	 5.5322265625e-001	-9.94323e-002
1135	 5.5371093750e-001	-9.86262e-002
1136	 5.5419921875e-001	-9.21616e-002
1137	 5.5468750000e-001	-8.64454e-002
1138	 5.5517578125e-001	-7.95345e-002
1139	 5.5566406250e-001	-6.68546e-002
1140	 5.5615234375e-001	-5.90838e-002
1141	 5.5664062500e-001	-5.73625e-002
1142	 5.5712890625e-001	-5.99031e-002
1143	 5.5761718750e-001	-6.37460e-002
1144	 5.5810546875e-001	-6.28171e-002
1145	 5.5859375000e-001	-6.78068e-002
1146	 5.5908203125e-001	-6.93708e-002
1147	 5.5957031250e-001	-6.13334e-002
1148	 5.6005859375e-001	-4.71774e-002
1149	 5.6054687500e-001	-2.60738e-002
1150	 5.6103515625e-001	-7.03922e-003
1151	 5.6152343750e-001	 1.89570e-002
1152	 5.6201171875e-001	 4.84327e-002
1153	 5.6250000000e-001	 8.42596e-002
1154	 5.6298828125e-001	 1.24494e-001
1155	 5.6347656250e-001	 1.58768e-001
1156	 5.6396484375e-001	 1.88253e-001
1157	 5.6445312500e-001	 2.06885e-001
1158	 5.6494140625e-001	 2.11092e-001
1159	 5.6542968750e-001	 2.03686e-001
1160	 5.6591796875e-001	 1.89871e-001
1161	 5.6640625000e-001	 1.62146e-001
1162	 5.6689453125e-001	 1.21202e-001
1163	 5.6738281250e-001	 7.62630e-002
1164	 5.6787109375e-001	 2.70822e-002
1165	 5.6835937500e-001	-1.84714e-002
1166	 5.6884765625e-001	-6.19272e-002
1167	 5.6933593750e-001	-1.08744e-001
1168	 5.6982421875e-001	-1.49203e-001
1169	 5.7031250000e-001	-1.83261e-001
1170	 5.7080078125e-001	-2.07959e-001
1171	 5.7128906250e-001	-2.17042e-001
1172	 5.7177734375e-001	-2.13232e-001
1173	 5.7226562500e-001	-1.91044e-001
1174	 5.7275390625e-001	-1.59442e-001
1175	 5.7324218750e-001	-1.24454e-001
1176	 5.7373046875e-001	-8.55957e-002
1177	 5.7421875000e-001	-4.91738e-002
1178	 5.7470703125e-001	-8.47927e-003
1179	 5.7519531250e-001	 2.45697e-002
1180	 5.7568359375e-001	 4.87194e-002
1181	 5.7617187500e-001	 7.19077e-002
1182	 5.7666015625e-001	 9.10791e-002
1183	 5.7714843750e-001	 1.03182e-001
1184	 5.7763671875e-001	 1.01725e-001
1185	 5.7812500000e-001	 9.76377e-002
1186	 5.7861328125e-001	 9.03484e-002
1187	 5.7910156250e-001	 8.30866e-002
1188	 5.7958984375e-001	 7.63862e-002
1189	 5.8007812500e-001	 7.34054e-002
1190	 5.8056640625e-001	 7.34802e-002
1191	 5.8105468750e-001	 6.84294e-002
1192	 5.8154296875e-001	 6.64312e-002
1193	 5.8203125000e-001	 6.58832e-002
1194	 5.8251953125e-001	 6.81992e-002
1195	 5.8300781250e-001	 6.84447e-002
1196	 5.8349609375e-001	 6.37965e-002
1197	 5.8398437500e-001	 5.96023e-002
1198	 5.8447265625e-001	 5.05550e-002
1199	 5.8496093750e-001	 4.50515e-002
1200	 5.8544921875e-001	 3.43155e-002
1201	 5.8593750000e-001	 1.24100e-002
1202	 5.8642578125e-001	-1.43651e-002
1203	 5.8691406250e-001	-5.48386e-002
1204	 5.8740234375e-001	-9.68845e-002
1205	 5.8789062500e-001	-1.29895e-001
1206	 5.8837890625e-001	-1.62345e-001
1207	 5.8886718750e-001	-1.84830e-001
1208	 5.8935546875e-001	-1.94293e-001
1209	 5.8984375000e-001	-2.01367e-001
1210	 5.9033203125e-001	-1.97827e-001
1211	 5.9082031250e-001	-1.83064e-001
1212	 5.9130859375e-001	-1.58235e-001
1213	 5.9179687500e-001	-1.26208e-001
1214	 5.9228515625e-001	-8.64097e-002
1215	 5.9277343750e-001	-3.86979e-002
1216	 5.9326171875e-001	 1.14672e-002
1217	 5.9375000000e-001	 6.64998e-002
1218	 5.9423828125e-001	 1.09452e-001
1219	 5.9472656250e-001	 1.44094e-001
1220	 5.9521484375e-001	 1.75019e-001
1221	 5.9570312500e-001	 1.97893e-001
1222	 5.9619140625e-001	 2.11414e-001
1223	 5.9667968750e-001	 2.13802e-001
1224	 5.9716796875e-001	 2.05984e-001
1225	 5.9765625000e-001	 1.82760e-001
1226	 5.9814453125e-001	 1.54363e-001
1227	 5.9863281250e-001	 1.16777e-001
1228	 5.9912109375e-001	 7.50186e-002
1229	 5.9960937500e-001	 3.55849e-002
1230	 6.0009765625e-001	-5.98977e-003
1231	 6.0058593750e-001	-3.88023e-002
1232	 6.0107421875e-001	-6.70945e-002
1233	 6.0156250000e-001	-8.38655e-002
1234	 6.0205078125e-001	-8.67223e-002
1235	 6.0253906250e-001	-8.89060e-002
1236	 6.0302734375e-001	-8.94083e-002
1237	 6.0351562500e-001	-8.74957e-002
1238	 6.0400390625e-001	-8.62661e-002
1239	 6.0449218750e-001	-8.04753e-002
1240	 6.0498046875e-001	-7.17071e-002
1241	 6.0546875000e-001	-6.58432e-002
1242	 6.0595703125e-001	-5.79292e-002
1243	 6.0644531250e-001	-5.19586e-002
1244	 6.0693359375e-001	-5.20317e-002
1245	 6.0742187500e-001	-5.57691e-002
1246	 6.0791015625e-001	-5.56827e-002
1247	 6.0839843750e-001	-5.93613e-002
1248	 6.0888671875e-001	-6.72388e-002
1249	 6.0937500000e-001	-6.21098e-002
1250	 6.0986328125e-001	-5.35016e-002
1251	 6.1035156250e-001	-3.44645e-002
1252	 6.1083984375e-001	-1.23505e-002
1253	 6.1132812500e-001	 7.88144e-003
1254	 6.1181640625e-001	 3.47548e-002
1255	 6.1230468750e-001	 6.77716e-002
1256	 6.1279296875e-001	 1.06248e-001
1257	 6.1328125000e-001	 1.37644e-001
1258	 6.1376953125e-001	 1.69944e-001
1259	 6.1425781250e-001	 1.94347e-001
1260	 6.1474609375e-001	 2.04653e-001
1261	 6.1523437500e-001	 2.06444e-001
1262	 6.1572265625e-001	 1.91334e-001
1263	 6.1621093750e-001	 1.66777e-001
1264	 6.1669921875e-001	 1.29708e-001
1265	 6.1718750000e-001	 8.41521e-002
1266	 6.1767578125e-001	 3.66186e-002
1267	 6.1816406250e-001	-1.08678e-002
1268	 6.1865234375e-001	-5.39581e-002
1269	 6.1914062500e-001	-9.92959e-002
1270	 6.1962890625e-001	-1.43591e-001
1271	 6.2011718750e-001	-1.82652e-001
1272	 6.2060546875e-001	-2.11785e-001
1273	 6.2109375000e-001	-2.24583e-001
1274	 6.2158203125e-001	-2.24236e-001
1275	 6.2207031250e-001	-2.08907e-001
1276	 6.2255859375e-001	-1.80769e-001
1277	 6.2304687500e-001	-1.49385e-001
1278	 6.2353515625e-001	-1.10621e-001
1279	 6.2402343750e-001	-7.24861e-002
1280	 6.2451171875e-001	-3.05514e-002
1281	 6.2500000000e-001	 8.09780e-003
1282	 6.2548828125e-001	 3.50453e-002
1283	 6.2597656250e-001	 6.16652e-002
1284	 6.2646484375e-001	 8.02805e-002
1285	 6.2695312500e-001	 9.78482e-002
1286	 6.2744140625e-001	 1.02450e-001
1287	 6.2792968750e-001	 9.94897e-002
1288	 6.2841796875e-001	 9.47683e-002
1289	 6.2890625000e-001	 8.46707e-002
1290	 6.2939453125e-001	 8.38162e-002
1291	 6.2988281250e-001	 7.69311e-002
1292	 6.3037109375e-001	 7.08557e-002
1293	 6.3085937500e-001	 7.26280e-002
1294	 6.3134765625e-001	 7.15047e-002
1295	 6.3183593750e-001	 7.03064e-002
1296	 6.3232421875e-001	 7.41169e-002
1297	 6.3281250000e-001	 7.85045e-002
1298	 6.3330078125e-001	 7.52806e-002
1299	 6.3378906250e-001	 7.07157e-002
1300	 6.3427734375e-001	 6.29529e-002
1301	 6.3476562500e-001	 5.60669e-002
1302	 6.3525390625e-001	 5.12010e-002
1303	 6.3574218750e-001	 3.32285e-002
1304	 6.3623046875e-001	 6.80151e-003
1305	 6.3671875000e-001	-2.77861e-002
1306	 6.3720703125e-001	-6.78483e-002
1307	 6.3769531250e-001	-1.04692e-001
1308	 6.3818359375e-001	-1.40803e-001
1309	 6.3867187500e-001	-1.65779e-001
1310	 6.3916015625e-001	-1.81287e-001
1311	 6.3964843750e-001	-1.91651e-001
1312	 6.4013671875e-001	-1.92041e-001
1313	 6.4062500000e-001	-1.84002e-001
1314	 6.4111328125e-001	-1.62430e-001
1315	 6.4160156250e-001	-1.32170e-001
1316	 6.4208984375e-001	-9.80555e-002
1317	 6.4257812500e-001	-5.39685e-002
1318	 6.4306640625e-001	-5.14885e-003
1319	 6.4355468750e-001	 4.97926e-002
1320	 6.4404296875e-001	 9.82742e-002
1321	 6.4453125000e-001	 1.36151e-001
1322	 6.4501953125e-001	 1.68831e-001
1323	 6.4550781250e-001	 1.89934e-001
1324	 6.4599609375e-001	 2.08244e-001
1325	 6.4648437500e-001	 2.18283e-001
1326	 6.4697265625e-001	 2.09570e-001
1327	 6.4746093750e-001	 1.92123e-001
1328	 6.4794921875e-001	 1.65714e-001
1329	 6.4843750000e-001	 1.25072e-001
1330	 6.4892578125e-001	 8.55688e-002
1331	 6.4941406250e-001	 4.67490e-002
1332	 6.4990234375e-001	 3.59359e-003
1333	 6.5039062500e-001	-3.22978e-002
1334	 6.5087890625e-001	-6.38193e-002
1335	 6.5136718750e-001	-8.41519e-002
1336	 6.5185546875e-001	-9.23230e-002
1337	 6.5234375000e-001	-9.81187e-002
1338	 6.5283203125e-001	-9.98248e-002
1339	 6.5332031250e-001	-1.00529e-001
1340	 6.5380859375e-001	-9.85224e-002
1341	 6.5429687500e-001	-9.24787e-002
1342	 6.5478515625e-001	-8.71916e-002
1343	 6.5527343750e-001	-7.96144e-002
1344	 6.5576171875e-001	-6.79310e-002
1345	 6.5625000000e-001	-6.13201e-002
1346	 6.5673828125e-001	-5.93591e-002
1347	 6.5722656250e-001	-6.16429e-002
1348	 6.5771484375e-001	-6.38869e-002
1349	 6.5820312500e-001	-6.24222e-002
1350	 6.5869140625e-001	-6.92892e-002
1351	 6.5917968750e-001	-6.92568e-002
1352	 6.5966796875e-001	-5.93519e-002
1353	 6.6015625000e-001	-4.33504e-002
1354	 6.6064453125e-001	-2.25184e-002
1355	 6.6113281250e-001	-4.03941e-003
1356	 6.6162109375e-001	 2.25849e-002
1357	 6.6210937500e-001	 5.52829e-002
1358	 6.6259765625e-001	 9.12475e-002
1359	 6.6308593750e-001	 1.28765e-001
1360	 6.6357421875e-001	 1.62631e-001
1361	 6.6406250000e-001	 1.90035e-001
1362	 6.6455078125e-001	 2.06041e-001
1363	 6.6503906250e-001	 2.08437e-001
1364	 6.6552734375e-001	 2.02274e-001
1365	 6.6601562500e-001	 1.86159e-001
1366	 6.6650390625e-001	 1.53775e-001
1367	 6.6699218750e-001	 1.10562e-001
1368	 6.6748046875e-001	 6.35115e-002
1369	 6.6796875000e-001	 1.41787e-002
1370	 6.6845703125e-001	-3.02191e-002
1371	 6.6894531250e-001	-7.33568e-002
1372	 6.6943359375e-001	-1.17623e-001
1373	 6.6992187500e-001	-1.57282e-001
1374	 6.7041015625e-001	-1.90954e-001
1375	 6.7089843750e-001	-2.11146e-001
1376	 6.7138671875e-001	-2.17599e-001
1377	 6.7187500000e-001	-2.11380e-001
1378	 6.7236328125e-001	-1.86557e-001
1379	 6.7285156250e-001	-1.54146e-001
1380	 6.7333984375e-001	-1.18859e-001
1381	 6.7382812500e-001	-8.01061e-002
1382	 6.7431640625e-001	-4.03676e-002
1383	 6.7480468750e-001	 1.34272e-003
1384	 6.7529296875e-001	 3.24512e-002
1385	 6.7578125000e-001	 6.08949e-002
1386	 6.7626953125e-001	 8.28083e-002
1387	 6.7675781250e-001	 9.82805e-002
1388	 6.7724609375e-001	 1.07039e-001
1389	 6.7773437500e-001	 1.02537e-001
1390	 6.7822265625e-001	 9.84785e-002
1391	 6.7871093750e-001	 9.13142e-002
1392	 6.7919921875e-001	 8.47050e-002
1393	 6.7968750000e-001	 7.92321e-002
1394	 6.8017578125e-001	 7.46920e-002
1395	 6.8066406250e-001	 7.28861e-002
1396	 6.8115234375e-001	 7.00630e-002
1397	 6.8164062500e-001	 7.05392e-002
1398	 6.8212890625e-001	 7.13980e-002
1399	 6.8261718750e-001	 7.40543e-002
1400	 6.8310546875e-001	 7.28903e-002
1401	 6.8359375000e-001	 6.67917e-002
1402	 6.8408203125e-001	 6.09826e-002
1403	 6.8457031250e-001	 5.30716e-002
1404	 6.8505859375e-001	 4.84002e-002
1405	 6.8554687500e-001	 3.57606e-002
1406	 6.8603515625e-001	 1.13532e-002
1407	 6.8652343750e-001	-2.09562e-002
1408	 6.8701171875e-001	-6.16127e-002
1409	 6.8750000000e-001	-1.00942e-001
1410	 6.8798828125e-001	-1.33971e-001
1411	 6.8847656250e-001	-1.61856e-001
1412	 6.8896484375e-001	-1.79735e-001
1413	 6.8945312500e-001	-1.92583e-001
1414	 6.8994140625e-001	-1.98393e-001
1415	 6.9042968750e-001	-1.94014e-001
1416	 6.9091796875e-001	-1.79893e-001
1417	 6.9140625000e-001	-1.50817e-001
1418	 6.9189453125e-001	-1.18314e-001
1419	 6.9238281250e-001	-7.79359e-002
1420	 6.9287109375e-001	-2.94242e-002
1421	 6.9335937500e-001	 2.35399e-002
1422	 6.9384765625e-001	 7.38808e-002
1423	 6.9433593750e-001	 1.15896e-001
1424	 6.9482421875e-001	 1.53147e-001
1425	 6.9531250000e-001	 1.78051e-001
1426	 6.9580078125e-001	 1.98467e-001
1427	 6.9628906250e-001	 2.07891e-001
1428	 6.9677734375e-001	 2.05360e-001
1429	 6.9726562500e-001	 1.95644e-001
1430	 6.9775390625e-001	 1.69559e-001
1431	 6.9824218750e-001	 1.37307e-001
1432	 6.9873046875e-001	 1.00581e-001
1433	 6.9921875000e-001	 5.98123e-002
1434	 6.9970703125e-001	 1.75428e-002
1435	 7.0019531250e-001	-2.19494e-002
1436	 7.0068359375e-001	-5.55012e-002
1437	 7.0117187500e-001	-8.07773e-002
1438	 7.0166015625e-001	-9.07798e-002
1439	 7.0214843750e-001	-9.54082e-002
1440	 7.0263671875e-001	-9.76491e-002
1441	 7.0312500000e-001	-9.92148e-002
1442	 7.0361328125e-001	-1.01767e-001
1443	 7.0410156250e-001	-9.91582e-002
1444	 7.0458984375e-001	-9.11092e-002
1445	 7.0507812500e-001	-8.05079e-002
1446	 7.0556640625e-001	-7.06312e-002
1447	 7.0605468750e-001	-6.06599e-002
1448	 7.0654296875e-001	-5.60198e-002
1449	 7.0703125000e-001	-5.82453e-002
1450	 7.0751953125e-001	-6.02701e-002
1451	 7.0800781250e-001	-6.06052e-002
1452	 7.0849609375e-001	-6.50132e-002
1453	 7.0898437500e-001	-6.70113e-002
1454	 7.0947265625e-001	-6.35883e-002
1455	 7.0996093750e-001	-4.97972e-002
1456	 7.1044921875e-001	-2.58610e-002
1457	 7.1093750000e-001	-9.57610e-003
1458	 7.1142578125e-001	 1.48214e-002
1459	 7.1191406250e-001	 4.43331e-002
1460	 7.1240234375e-001	 8.03594e-002
1461	 7.1289062500e-001	 1.21321e-001
1462	 7.1337890625e-001	 1.52468e-001
1463	 7.1386718750e-001	 1.83090e-001
1464	 7.1435546875e-001	 2.04304e-001
1465	 7.1484375000e-001	 2.11607e-001
1466	 7.1533203125e-001	 2.08177e-001
1467	 7.1582031250e-001	 1.92044e-001
1468	 7.1630859375e-001	 1.64947e-001
1469	 7.1679687500e-001	 1.28479e-001
1470	 7.1728515625e-001	 8.34908e-002
1471	 7.1777343750e-001	 3.48268e-002
1472	 7.1826171875e-001	-9.40242e-003
1473	 7.1875000000e-001	-5.46208e-002
1474	 7.1923828125e-001	-1.03838e-001
1475	 7.1972656250e-001	-1.48623e-001
1476	 7.2021484375e-001	-1.83607e-001
1477	 7.2070312500e-001	-2.10948e-001
1478	 7.2119140625e-001	-2.23866e-001
1479	 7.2167968750e-001	-2.19801e-001
1480	 7.2216796875e-001	-2.03537e-001
1481	 7.2265625000e-001	-1.74452e-001
1482	 7.2314453125e-001	-1.38504e-001
1483	 7.2363281250e-001	-1.02855e-001
1484	 7.2412109375e-001	-6.33539e-002
1485	 7.2460937500e-001	-1.91025e-002
1486	 7.2509765625e-001	 1.20458e-002
1487	 7.2558593750e-001	 3.85439e-002
1488	 7.2607421875e-001	 6.50667e-002
1489	 7.2656250000e-001	 8.12811e-002
1490	 7.2705078125e-001	 9.77437e-002
1491	 7.2753906250e-001	 1.00448e-001
1492	 7.2802734375e-001	 9.45572e-002
1493	 7.2851562500e-001	 8.69267e-002
1494	 7.2900390625e-001	 8.00816e-002
1495	 7.2949218750e-001	 7.77073e-002
1496	 7.2998046875e-001	 7.08549e-002
1497	 7.3046875000e-001	 6.93981e-002
1498	 7.3095703125e-001	 6.97579e-002
1499	 7.3144531250e-001	 6.68946e-002
1500	 7.3193359375e-001	 6.58928e-002
1501	 7.3242187500e-001	 6.89209e-002
1502	 7.3291015625e-001	 7.00734e-002
1503	 7.3339843750e-001	 6.62937e-002
1504	 7.3388671875e-001	 6.11694e-002
1505	 7.3437500000e-001	 5.34790e-002
1506	 7.3486328125e-001	 5.23205e-002
1507	 7.3535156250e-001	 4.48646e-002
1508	 7.3583984375e-001	 2.26544e-002
1509	 7.3632812500e-001	-5.26504e-003
1510	 7.3681640625e-001	-4.22042e-002
1511	 7.3730468750e-001	-8.00472e-002
1512	 7.3779296875e-001	-1.17675e-001
1513	 7.3828125000e-001	-1.49910e-001
1514	 7.3876953125e-001	-1.70690e-001
1515	 7.3925781250e-001	-1.86733e-001
1516	 7.3974609375e-001	-1.93867e-001
1517	 7.4023437500e-001	-1.92689e-001
1518	 7.4072265625e-001	-1.83404e-001
1519	 7.4121093750e-001	-1.55765e-001
1520	 7.4169921875e-001	-1.26098e-001
1521	 7.4218750000e-001	-9.18915e-002
1522	 7.4267578125e-001	-4.48812e-002
1523	 7.4316406250e-001	 3.98301e-003
1524	 7.4365234375e-001	 5.80950e-002
1525	 7.4414062500e-001	 1.02261e-001
1526	 7.4462890625e-001	 1.42084e-001
1527	 7.4511718750e-001	 1.73949e-001
1528	 7.4560546875e-001	 1.91516e-001
1529	 7.4609375000e-001	 2.08281e-001
1530	 7.4658203125e-001	 2.12500e-001
1531	 7.4707031250e-001	 2.03597e-001
1532	 7.4755859375e-001	 1.85673e-001
1533	 7.4804687500e-001	 1.53814e-001
1534	 7.4853515625e-001	 1.13061e-001
1535	 7.4902343750e-001	 7.56065e-002
1536	 7.4951171875e-001	 3.27968e-002
1537	 7.5000000000e-001	-1.24161e-002
1538	 7.5048828125e-001	-4.62259e-002
1539	 7.5097656250e-001	-7.48586e-002
1540	 7.5146484375e-001	-9.02972e-002
1541	 7.5195312500e-001	-9.52658e-002
1542	 7.5244140625e-001	-9.85534e-002
1543	 7.5292968750e-001	-1.00917e-001
1544	 7.5341796875e-001	-1.01920e-001
1545	 7.5390625000e-001	-1.00037e-001
1546	 7.5439453125e-001	-9.53131e-002
1547	 7.5488281250e-001	-8.68838e-002
1548	 7.5537109375e-001	-7.42584e-002
1549	 7.5585937500e-001	-6.45499e-002
1550	 7.5634765625e-001	-5.93228e-002
1551	 7.5683593750e-001	-5.69006e-002
1552	 7.5732421875e-001	-6.02193e-002
1553	 7.5781250000e-001	-6.00699e-002
1554	 7.5830078125e-001	-6.15023e-002
1555	 7.5878906250e-001	-6.79203e-002
1556	 7.5927734375e-001	-6.46530e-002
1557	 7.5976562500e-001	-5.57874e-002
1558	 7.6025390625e-001	-4.01689e-002
1559	 7.6074218750e-001	-1.99317e-002
1560	 7.6123046875e-001	 3.41181e-003
1561	 7.6171875000e-001	 3.32035e-002
1562	 7.6220703125e-001	 6.52936e-002
1563	 7.6269531250e-001	 1.04590e-001
1564	 7.6318359375e-001	 1.42679e-001
1565	 7.6367187500e-001	 1.73012e-001
1566	 7.6416015625e-001	 1.96952e-001
1567	 7.6464843750e-001	 2.10021e-001
1568	 7.6513671875e-001	 2.12085e-001
1569	 7.6562500000e-001	 2.02003e-001
1570	 7.6611328125e-001	 1.79728e-001
1571	 7.6660156250e-001	 1.45530e-001
1572	 7.6708984375e-001	 1.03323e-001
1573	 7.6757812500e-001	 5.39595e-002
1574	 7.6806640625e-001	 4.16899e-003
1575	 7.6855468750e-001	-4.01465e-002
1576	 7.6904296875e-001	-8.54927e-002
1577	 7.6953125000e-001	-1.29554e-001
1578	 7.7001953125e-001	-1.69421e-001
1579	 7.7050781250e-001	-2.02441e-001
1580	 7.7099609375e-001	-2.17347e-001
1581	 7.7148437500e-001	-2.21109e-001
1582	 7.7197265625e-001	-2.10125e-001
1583	 7.7246093750e-001	-1.82430e-001
1584	 7.7294921875e-001	-1.52148e-001
1585	 7.7343750000e-001	-1.15909e-001
1586	 7.7392578125e-001	-7.92008e-002
1587	 7.7441406250e-001	-3.95370e-002
1588	 7.7490234375e-001	-5.98745e-004
1589	 7.7539062500e-001	 2.68349e-002
1590	 7.7587890625e-001	 5.42042e-002
1591	 7.7636718750e-001	 7.65384e-002
1592	 7.7685546875e-001	 9.47944e-002
1593	 7.7734375000e-001	 1.00462e-001
1594	 7.7783203125e-001	 9.50402e-002
1595	 7.7832031250e-001	 8.99261e-002
1596	 7.7880859375e-001	 8.08973e-002
1597	 7.7929687500e-001	 7.63523e-002
1598	 7.7978515625e-001	 7.15942e-002
1599	 7.8027343750e-001	 7.03072e-002
1600	 7.8076171875e-001	 6.69146e-002
1601	 7.8125000000e-001	 6.27877e-002
1602	 7.8173828125e-001	 6.54102e-002
1603	 7.8222656250e-001	 6.57493e-002
1604	 7.8271484375e-001	 7.05156e-002
1605	 7.8320312500e-001	 6.74646e-002
1606	 7.8369140625e-001	 6.28040e-002
1607	 7.8417968750e-001	 5.90411e-002
1608	 7.8466796875e-001	 5.08498e-002
1609	 7.8515625000e-001	 4.59838e-002
1610	 7.8564453125e-001	 2.85194e-002
1611	 7.8613281250e-001	 1.11924e-003
1612	 7.8662109375e-001	-3.11569e-002
1613	 7.8710937500e-001	-7.01490e-002
1614	 7.8759765625e-001	-1.04562e-001
1615	 7.8808593750e-001	-1.35530e-001
1616	 7.8857421875e-001	-1.63034e-001
1617	 7.8906250000e-001	-1.79731e-001
1618	 7.8955078125e-001	-1.88606e-001
1619	 7.9003906250e-001	-1.91986e-001
1620	 7.9052734375e-001	-1.86479e-001
1621	 7.9101562500e-001	-1.66613e-001
1622	 7.9150390625e-001	-1.37878e-001
1623	 7.9199218750e-001	-1.07550e-001
1624	 7.9248046875e-001	-6.45659e-002
1625	 7.9296875000e-001	-1.49122e-002
1626	 7.9345703125e-001	 3.97678e-002
1627	 7.9394531250e-001	 9.02230e-002
1628	 7.9443359375e-001	 1.31188e-001
1629	 7.9492187500e-001	 1.65626e-001
1630	 7.9541015625e-001	 1.91307e-001
1631	 7.9589843750e-001	 2.09497e-001
1632	 7.9638671875e-001	 2.11146e-001
1633	 7.9687500000e-001	 2.10390e-001
1634	 7.9736328125e-001	 1.97050e-001
1635	 7.9785156250e-001	 1.69343e-001
1636	 7.9833984375e-001	 1.37003e-001
1637	 7.9882812500e-001	 9.38864e-002
1638	 7.9931640625e-001	 5.31229e-002
1639	 7.9980468750e-001	 1.26810e-002
1640	 8.0029296875e-001	-2.71307e-002
1641	 8.0078125000e-001	-5.99710e-002
1642	 8.0126953125e-001	-8.06587e-002
1643	 8.0175781250e-001	-9.12146e-002
1644	 8.0224609375e-001	-9.87418e-002
1645	 8.0273437500e-001	-1.02476e-001
1646	 8.0322265625e-001	-1.04615e-001
1647	 8.0371093750e-001	-1.04197e-001
1648	 8.0419921875e-001	-1.01584e-001
1649	 8.0468750000e-001	-9.39463e-002
1650	 8.0517578125e-001	-8.28108e-002
1651	 8.0566406250e-001	-7.14997e-002
1652	 8.0615234375e-001	-6.31553e-002
1653	 8.0664062500e-001	-6.12686e-002
1654	 8.0712890625e-001	-6.45725e-002
1655	 8.0761718750e-001	-6.62473e-002
1656	 8.0810546875e-001	-6.71416e-002
1657	 8.0859375000e-001	-7.32609e-002
1658	 8.0908203125e-001	-7.33610e-002
1659	 8.0957031250e-001	-6.61543e-002
1660	 8.1005859375e-001	-5.03573e-002
1661	 8.1054687500e-001	-3.20793e-002
1662	 8.1103515625e-001	-1.35981e-002
1663	 8.1152343750e-001	 1.41385e-002
1664	 8.1201171875e-001	 4.30278e-002
1665	 8.1250000000e-001	 8.24950e-002
1666	 8.1298828125e-001	 1.20956e-001
1667	 8.1347656250e-001	 1.51534e-001
1668	 8.1396484375e-001	 1.83008e-001
1669	 8.1445312500e-001	 2.00936e-001
1670	 8.1494140625e-001	 2.06982e-001
1671	 8.1542968750e-001	 2.02617e-001
1672	 8.1591796875e-001	 1.84899e-001
1673	 8.1640625000e-001	 1.54400e-001
1674	 8.1689453125e-001	 1.13795e-001
1675	 8.1738281250e-001	 6.51356e-002
1676	 8.1787109375e-001	 1.75314e-002
1677	 8.1835937500e-001	-2.42075e-002
1678	 8.1884765625e-001	-7.04161e-002
1679	 8.1933593750e-001	-1.15604e-001
1680	 8.1982421875e-001	-1.54893e-001
1681	 8.2031250000e-001	-1.90882e-001
1682	 8.2080078125e-001	-2.14949e-001
1683	 8.2128906250e-001	-2.19852e-001
1684	 8.2177734375e-001	-2.13110e-001
1685	 8.2226562500e-001	-1.94424e-001
1686	 8.2275390625e-001	-1.63369e-001
1687	 8.2324218750e-001	-1.28247e-001
1688	 8.2373046875e-001	-9.22518e-002
1689	 8.2421875000e-001	-5.01608e-002
1690	 8.2470703125e-001	-8.04842e-003
1691	 8.2519531250e-001	 2.14557e-002
1692	 8.2568359375e-001	 4.99045e-002
1693	 8.2617187500e-001	 7.20599e-002
1694	 8.2666015625e-001	 8.98541e-002
1695	 8.2714843750e-001	 1.04818e-001
1696	 8.2763671875e-001	 1.01401e-001
1697	 8.2812500000e-001	 9.84314e-002
1698	 8.2861328125e-001	 8.95024e-002
1699	 8.2910156250e-001	 8.11273e-002
1700	 8.2958984375e-001	 8.11332e-002
1701	 8.3007812500e-001	 7.38137e-002
1702	 8.3056640625e-001	 7.31643e-002
1703	 8.3105468750e-001	 7.29920e-002
1704	 8.3154296875e-001	 6.96463e-002
1705	 8.3203125000e-001	 7.12672e-002
1706	 8.3251953125e-001	 7.42985e-002
1707	 8.3300781250e-001	 7.27251e-002
1708	 8.3349609375e-001	 6.84988e-002
1709	 8.3398437500e-001	 6.42256e-002
1710	 8.3447265625e-001	 5.74486e-002
1711	 8.3496093750e-001	 5.38137e-002
1712	 8.3544921875e-001	 4.12404e-002
1713	 8.3593750000e-001	 1.48146e-002
1714	 8.3642578125e-001	-1.54473e-002
1715	 8.3691406250e-001	-5.09502e-002
1716	 8.3740234375e-001	-8.86082e-002
1717	 8.3789062500e-001	-1.24398e-001
1718	 8.3837890625e-001	-1.53992e-001
1719	 8.3886718750e-001	-1.76118e-001
1720	 8.3935546875e-001	-1.92237e-001
1721	 8.3984375000e-001	-1.95567e-001
1722	 8.4033203125e-001	-1.93837e-001
1723	 8.4082031250e-001	-1.81968e-001
1724	 8.4130859375e-001	-1.53345e-001
1725	 8.4179687500e-001	-1.26382e-001
1726	 8.4228515625e-001	-8.76352e-002
1727	 8.4277343750e-001	-3.91096e-002
1728	 8.4326171875e-001	 1.00507e-002
1729	 8.4375000000e-001	 6.60088e-002
1730	 8.4423828125e-001	 1.09248e-001
1731	 8.4472656250e-001	 1.46921e-001
1732	 8.4521484375e-001	 1.74506e-001
1733	 8.4570312500e-001	 1.91437e-001
1734	 8.4619140625e-001	 2.06913e-001
1735	 8.4667968750e-001	 2.08226e-001
1736	 8.4716796875e-001	 1.97266e-001
1737	 8.4765625000e-001	 1.75740e-001
1738	 8.4814453125e-001	 1.42411e-001
1739	 8.4863281250e-001	 1.02031e-001
1740	 8.4912109375e-001	 6.35000e-002
1741	 8.4960937500e-001	 2.06527e-002
1742	 8.5009765625e-001	-2.02445e-002
1743	 8.5058593750e-001	-5.23983e-002
1744	 8.5107421875e-001	-8.14690e-002
1745	 8.5156250000e-001	-9.42303e-002
1746	 8.5205078125e-001	-1.00313e-001
1747	 8.5253906250e-001	-1.06240e-001
1748	 8.5302734375e-001	-1.06759e-001
1749	 8.5351562500e-001	-1.06950e-001
1750	 8.5400390625e-001	-1.03430e-001
1751	 8.5449218750e-001	-9.85772e-002
1752	 8.5498046875e-001	-9.27425e-002
1753	 8.5546875000e-001	-7.89763e-002
1754	 8.5595703125e-001	-6.90612e-002
1755	 8.5644531250e-001	-6.43645e-002
1756	 8.5693359375e-001	-6.22997e-002
1757	 8.5742187500e-001	-6.63858e-002
1758	 8.5791015625e-001	-6.63654e-002
1759	 8.5839843750e-001	-6.99601e-002
1760	 8.5888671875e-001	-7.52575e-002
1761	 8.5937500000e-001	-6.87187e-002
1762	 8.5986328125e-001	-5.68788e-002
1763	 8.6035156250e-001	-3.85141e-002
1764	 8.6083984375e-001	-1.76770e-002
1765	 8.6132812500e-001	 7.82410e-003
1766	 8.6181640625e-001	 3.87192e-002
1767	 8.6230468750e-001	 7.09914e-002
1768	 8.6279296875e-001	 1.10974e-001
1769	 8.6328125000e-001	 1.52134e-001
1770	 8.6376953125e-001	 1.81679e-001
1771	 8.6425781250e-001	 2.03373e-001
1772	 8.6474609375e-001	 2.16259e-001
1773	 8.6523437500e-001	 2.12911e-001
1774	 8.6572265625e-001	 2.02683e-001
1775	 8.6621093750e-001	 1.79304e-001
1776	 8.6669921875e-001	 1.40828e-001
1777	 8.6718750000e-001	 9.86725e-002
1778	 8.6767578125e-001	 5.09023e-002
1779	 8.6816406250e-001	 5.69890e-003
1780	 8.6865234375e-001	-4.00456e-002
1781	 8.6914062500e-001	-8.71231e-002
1782	 8.6962890625e-001	-1.28777e-001
1783	 8.7011718750e-001	-1.69316e-001
1784	 8.7060546875e-001	-1.99247e-001
1785	 8.7109375000e-001	-2.11059e-001
1786	 8.7158203125e-001	-2.12285e-001
1787	 8.7207031250e-001	-1.98165e-001
1788	 8.7255859375e-001	-1.69460e-001
1789	 8.7304687500e-001	-1.39835e-001
1790	 8.7353515625e-001	-1.02733e-001
1791	 8.7402343750e-001	-6.54999e-002
1792	 8.7451171875e-001	-2.75400e-002
1793	 8.7500000000e-001	 1.01737e-002
1794	 8.7548828125e-001	 3.74252e-002
1795	 8.7597656250e-001	 6.19299e-002
1796	 8.7646484375e-001	 7.99379e-002
1797	 8.7695312500e-001	 9.49299e-002
1798	 8.7744140625e-001	 9.75969e-002
1799	 8.7792968750e-001	 9.18980e-002
1800	 8.7841796875e-001	 8.69344e-002
1801	 8.7890625000e-001	 7.94073e-002
1802	 8.7939453125e-001	 7.13346e-002
1803	 8.7988281250e-001	 6.46093e-002
1804	 8.8037109375e-001	 6.25860e-002
1805	 8.8085937500e-001	 5.96185e-002
1806	 8.8134765625e-001	 5.85477e-002
1807	 8.8183593750e-001	 5.80714e-002
1808	 8.8232421875e-001	 5.75707e-002
1809	 8.8281250000e-001	 5.91960e-002
1810	 8.8330078125e-001	 5.67800e-002
1811	 8.8378906250e-001	 5.33011e-002
1812	 8.8427734375e-001	 4.62697e-002
1813	 8.8476562500e-001	 4.12735e-002
1814	 8.8525390625e-001	 3.53527e-002
1815	 8.8574218750e-001	 1.66528e-002
1816	 8.8623046875e-001	-9.61675e-003
1817	 8.8671875000e-001	-4.47610e-002
1818	 8.8720703125e-001	-8.36119e-002
1819	 8.8769531250e-001	-1.18763e-001
1820	 8.8818359375e-001	-1.51974e-001
1821	 8.8867187500e-001	-1.76674e-001
1822	 8.8916015625e-001	-1.89585e-001
1823	 8.8964843750e-001	-1.97120e-001
1824	 8.9013671875e-001	-1.97874e-001
1825	 8.9062500000e-001	-1.89040e-001
1826	 8.9111328125e-001	-1.67661e-001
1827	 8.9160156250e-001	-1.38481e-001
1828	 8.9208984375e-001	-1.02736e-001
1829	 8.9257812500e-001	-5.77847e-002
1830	 8.9306640625e-001	-5.82370e-003
1831	 8.9355468750e-001	 5.10631e-002
1832	 8.9404296875e-001	 9.58100e-002
1833	 8.9453125000e-001	 1.35752e-001
1834	 8.9501953125e-001	 1.71832e-001
1835	 8.9550781250e-001	 1.98432e-001
1836	 8.9599609375e-001	 2.17649e-001
1837	 8.9648437500e-001	 2.20749e-001
1838	 8.9697265625e-001	 2.17308e-001
1839	 8.9746093750e-001	 2.01252e-001
1840	 8.9794921875e-001	 1.70440e-001
1841	 8.9843750000e-001	 1.34215e-001
1842	 8.9892578125e-001	 9.57282e-002
1843	 8.9941406250e-001	 5.49892e-002
1844	 8.9990234375e-001	 1.10032e-002
1845	 9.0039062500e-001	-2.75020e-002
1846	 9.0087890625e-001	-5.90568e-002
1847	 9.0136718750e-001	-7.82834e-002
1848	 9.0185546875e-001	-8.50327e-002
1849	 9.0234375000e-001	-8.96800e-002
1850	 9.0283203125e-001	-9.53271e-002
1851	 9.0332031250e-001	-9.53232e-002
1852	 9.0380859375e-001	-9.55840e-002
1853	 9.0429687500e-001	-9.58146e-002
1854	 9.0478515625e-001	-8.61310e-002
1855	 9.0527343750e-001	-7.65666e-002
1856	 9.0576171875e-001	-6.85706e-002
1857	 9.0625000000e-001	-5.88546e-002
1858	 9.0673828125e-001	-5.94049e-002
1859	 9.0722656250e-001	-6.52495e-002
1860	 9.0771484375e-001	-6.46114e-002
1861	 9.0820312500e-001	-6.84418e-002
1862	 9.0869140625e-001	-7.48995e-002
1863	 9.0917968750e-001	-7.32114e-002
1864	 9.0966796875e-001	-6.72166e-002
1865	 9.1015625000e-001	-5.15222e-002
1866	 9.1064453125e-001	-3.38847e-002
1867	 9.1113281250e-001	-1.34123e-002
1868	 9.1162109375e-001	 1.36245e-002
1869	 9.1210937500e-001	 4.56933e-002
1870	 9.1259765625e-001	 8.59319e-002
1871	 9.1308593750e-001	 1.20438e-001
1872	 9.1357421875e-001	 1.53079e-001
1873	 9.1406250000e-001	 1.80693e-001
1874	 9.1455078125e-001	 1.94018e-001
1875	 9.1503906250e-001	 1.97810e-001
1876	 9.1552734375e-001	 1.91011e-001
1877	 9.1601562500e-001	 1.72628e-001
1878	 9.1650390625e-001	 1.39555e-001
1879	 9.1699218750e-001	 9.88809e-002
1880	 9.1748046875e-001	 5.41450e-002
1881	 9.1796875000e-001	 8.29176e-003
1882	 9.1845703125e-001	-3.62188e-002
1883	 9.1894531250e-001	-8.24748e-002
1884	 9.1943359375e-001	-1.28333e-001
1885	 9.1992187500e-001	-1.70407e-001
1886	 9.2041015625e-001	-1.99773e-001
1887	 9.2089843750e-001	-2.19738e-001
1888	 9.2138671875e-001	-2.23869e-001
1889	 9.2187500000e-001	-2.09167e-001
1890	 9.2236328125e-001	-1.88600e-001
1891	 9.2285156250e-001	-1.58759e-001
1892	 9.2333984375e-001	-1.21316e-001
1893	 9.2382812500e-001	-8.44955e-002
1894	 9.2431640625e-001	-4.05991e-002
1895	 9.2480468750e-001	 1.23885e-003
1896	 9.2529296875e-001	 2.75618e-002
1897	 9.2578125000e-001	 5.53529e-002
1898	 9.2626953125e-001	 7.83793e-002
1899	 9.2675781250e-001	 9.51048e-002
1900	 9.2724609375e-001	 1.05541e-001
1901	 9.2773437500e-001	 1.06219e-001
1902	 9.2822265625e-001	 1.01975e-001
1903	 9.2871093750e-001	 9.11749e-002
1904	 9.2919921875e-001	 8.81139e-002
1905	 9.2968750000e-001	 8.31488e-002
1906	 9.3017578125e-001	 7.66439e-002
1907	 9.3066406250e-001	 7.87826e-002
1908	 9.3115234375e-001	 7.66788e-002
1909	 9.3164062500e-001	 7.57864e-002
1910	 9.3212890625e-001	 7.71604e-002
1911	 9.3261718750e-001	 7.60729e-002
1912	 9.3310546875e-001	 7.21627e-002
1913	 9.3359375000e-001	 6.79817e-002
1914	 9.3408203125e-001	 6.16715e-002
1915	 9.3457031250e-001	 5.72046e-002
1916	 9.3505859375e-001	 5.40480e-002
1917	 9.3554687500e-001	 3.98001e-002
1918	 9.3603515625e-001	 1.39857e-002
1919	 9.3652343750e-001	-2.00592e-002
1920	 9.3701171875e-001	-5.92960e-002
1921	 9.3750000000e-001	-9.66943e-002
1922	 9.3798828125e-001	-1.32065e-001
1923	 9.3847656250e-001	-1.59899e-001
1924	 9.3896484375e-001	-1.78265e-001
1925	 9.3945312500e-001	-1.92244e-001
1926	 9.3994140625e-001	-1.96811e-001
1927	 9.4042968750e-001	-1.93503e-001
1928	 9.4091796875e-001	-1.76947e-001
1929	 9.4140625000e-001	-1.48399e-001
1930	 9.4189453125e-001	-1.17960e-001
1931	 9.4238281250e-001	-7.68156e-002
1932	 9.4287109375e-001	-2.87213e-002
1933	 9.4335937500e-001	 2.52977e-002
1934	 9.4384765625e-001	 7.70531e-002
1935	 9.4433593750e-001	 1.17468e-001
1936	 9.4482421875e-001	 1.55114e-001
1937	 9.4531250000e-001	 1.81540e-001
1938	 9.4580078125e-001	 2.01509e-001
1939	 9.4628906250e-001	 2.13575e-001
1940	 9.4677734375e-001	 2.10410e-001
1941	 9.4726562500e-001	 1.98971e-001
1942	 9.4775390625e-001	 1.77991e-001
1943	 9.4824218750e-001	 1.43353e-001
1944	 9.4873046875e-001	 1.03155e-001
1945	 9.4921875000e-001	 6.37723e-002
1946	 9.4970703125e-001	 1.68728e-002
1947	 9.5019531250e-001	-2.19838e-002
1948	 9.5068359375e-001	-5.35906e-002
1949	 9.5117187500e-001	-7.93099e-002
1950	 9.5166015625e-001	-8.79225e-002
1951	 9.5214843750e-001	-9.58819e-002
1952	 9.5263671875e-001	-1.01560e-001
1953	 9.5312500000e-001	-1.02798e-001
1954	 9.5361328125e-001	-1.04126e-001
1955	 9.5410156250e-001	-9.98535e-002
1956	 9.5458984375e-001	-9.32487e-002
1957	 9.5507812500e-001	-8.65621e-002
1958	 9.5556640625e-001	-7.45006e-002
1959	 9.5605468750e-001	-6.57627e-002
1960	 9.5654296875e-001	-6.46843e-002
1961	 9.5703125000e-001	-6.56272e-002
1962	 9.5751953125e-001	-6.81257e-002
1963	 9.5800781250e-001	-6.92790e-002
1964	 9.5849609375e-001	-7.44714e-002
1965	 9.5898437500e-001	-7.69771e-002
1966	 9.5947265625e-001	-7.15203e-002
1967	 9.5996093750e-001	-5.80128e-002
1968	 9.6044921875e-001	-3.77006e-002
1969	 9.6093750000e-001	-1.78570e-002
1970	 9.6142578125e-001	 6.79808e-003
1971	 9.6191406250e-001	 3.78306e-002
1972	 9.6240234375e-001	 7.28547e-002
1973	 9.6289062500e-001	 1.11142e-001
1974	 9.6337890625e-001	 1.48011e-001
1975	 9.6386718750e-001	 1.77620e-001
1976	 9.6435546875e-001	 1.98484e-001
1977	 9.6484375000e-001	 2.07542e-001
1978	 9.6533203125e-001	 2.03363e-001
1979	 9.6582031250e-001	 1.91825e-001
1980	 9.6630859375e-001	 1.65298e-001
1981	 9.6679687500e-001	 1.27473e-001
1982	 9.6728515625e-001	 8.31874e-002
1983	 9.6777343750e-001	 3.37365e-002
1984	 9.6826171875e-001	-1.13076e-002
1985	 9.6875000000e-001	-5.65604e-002
1986	 9.6923828125e-001	-1.04229e-001
1987	 9.6972656250e-001	-1.46625e-001
1988	 9.7021484375e-001	-1.79850e-001
1989	 9.7070312500e-001	-2.03579e-001
1990	 9.7119140625e-001	-2.12537e-001
1991	 9.7167968750e-001	-2.10967e-001
1992	 9.7216796875e-001	-1.92457e-001
1993	 9.7265625000e-001	-1.62192e-001
1994	 9.7314453125e-001	-1.29773e-001
1995	 9.7363281250e-001	-9.17856e-002
1996	 9.7412109375e-001	-5.41220e-002
1997	 9.7460937500e-001	-1.16301e-002
1998	 9.7509765625e-001	 2.05474e-002
1999	 9.7558593750e-001	 4.59619e-002
2000	 9.7607421875e-001	 7.39444e-002
2001	 9.7656250000e-001	 9.28873e-002
2002	 9.7705078125e-001	 1.06795e-001
2003	 9.7753906250e-001	 1.08850e-001
2004	 9.7802734375e-001	 1.04036e-001
2005	 9.7851562500e-001	 9.68641e-002
2006	 9.7900390625e-001	 8.98824e-002
2007	 9.7949218750e-001	 8.35976e-002
2008	 9.7998046875e-001	 7.82946e-002
2009	 9.8046875000e-001	 7.61298e-002
2010	 9.8095703125e-001	 7.02279e-002
2011	 9.8144531250e-001	 6.82978e-002
2012	 9.8193359375e-001	 6.57703e-002
2013	 9.8242187500e-001	 6.56036e-002
2014	 9.8291015625e-001	 6.79257e-002
2015	 9.8339843750e-001	 6.31945e-002
2016	 9.8388671875e-001	 5.86579e-002
2017	 9.8437500000e-001	 5.38686e-002
2018	 9.8486328125e-001	 4.74460e-002
2019	 9.8535156250e-001	 3.58185e-002
2020	 9.8583984375e-001	 1.40877e-002
2021	 9.8632812500e-001	-1.59429e-002
2022	 9.8681640625e-001	-5.49984e-002
2023	 9.8730468750e-001	-9.46441e-002
2024	 9.8779296875e-001	-1.29021e-001
2025	 9.8828125000e-001	-1.63318e-001
2026	 9.8876953125e-001	-1.87241e-001
2027	 9.8925781250e-001	-1.99963e-001
2028	 9.8974609375e-001	-2.05951e-001
2029	 9.9023437500e-001	-2.04350e-001
2030	 9.9072265625e-001	-1.94681e-001
2031	 9.9121093750e-001	-1.69379e-001
2032	 9.9169921875e-001	-1.39594e-001
2033	 9.9218750000e-001	-1.03263e-001
2034	 9.9267578125e-001	-5.57316e-002
2035	 9.9316406250e-001	-3.42928e-003
2036	 9.9365234375e-001	 5.12260e-002
2037	 9.9414062500e-001	 9.38747e-002
2038	 9.9462890625e-001	 1.33922e-001
2039	 9.9511718750e-001	 1.65565e-001
2040	 9.9560546875e-001	 1.91858e-001
2041	 9.9609375000e-001	 2.09857e-001
2042	 9.9658203125e-001	 2.13552e-001
2043	 9.9707031250e-001	 2.10834e-001
2044	 9.9755859375e-001	 1.90009e-001
2045	 9.9804687500e-001	 1.59652e-001
2046	 9.9853515625e-001	 1.22294e-001
2047	 9.9902343750e-001	 8.37092e-002
2048	 9.9951171875e-001	 4.31406e-002
TagsBegin:	 	 
OverLoad:	 	False
OverLoadRatio: []	 	 0.00000e+000
TagsEnd:	 	 
TagScalesBegin:	 	 
TagScalesEnd:	 	 



Header Size:	 79	 
Pulse Version:	 80	 
Running Pulse Version:	PULSE LabShop  Version 21.0.0.671 - 2017-10-20	 
Decimal Symbol:	.	 
Date Format:	yyyy-MM-dd	 
Time Format:	HH:mm:ss:mmm	 
Data Type:	Real	 
Slice:	False	 
Z-Axis type:	Linear	 
Z-Axis size:	1	 
Z-Axis unit:	 	 
Z-Axis first value:	 0.0000000000e+000	 
Z-Axis delta:	 1.0000000000e+000	 
X-Axis type:	Linear	 
X-Axis size:	2048	 
X-Axis unit:	s	 
X-Axis first value:	 0.0000000000e+000	 
X-Axis delta:	 4.8828125000e-004	 
	 	 
AmplitudeUnit:	m/s^2	 
Analyzer:	FFT_Spectrum_Averaging	 
AnalyzerName:	FFT	 
	 	 
	 	 
Bipolar:	True	 
CenterFrequency:	 4.0000000000e+002	 
	 	 
	 	 
	 	 
	 	 
	 	 
	 	 
	 	 
	 	 
Domain:	0	 
Function:	Time	 
	 	 
InputRange:	 9.7181729835e+001	 
	 	 
	 	 
MultiBufferName:	Input	 
NBW:	 1.5000000000e+000	 
	 	 
OverlapFailed:	False	 
	 	 
Power:	False	 
PowerUnit:	(m/s^2)^2	 
	 	 
RecordLength:	 1.0000000000e+000	 
	 	 
	 	 
	 	 
	 	 
	 	 
	 	 
SamplingRatio:	 2.5600000000e+000	 
Signal:	Acc_ref_x	 
	 	 
SignalUnit:	m/s^2	 
	 	 
	 	 
	 	 
Title:	Time(Acc_ref_x)	 
Title1:	Working : 1mVpp : Input : FFT	 
	 	 
	 	 
Weight:	0	 
ZoomOn:	False	 
	 	 
TemplateName:	Working	 
MeasurementName:	1mVpp	 
MeasurementSlice:	False	 
	 	 
	 	 
	 	 
EnvelopeOn:	False	 
	 	 
	 	 
	 	 
Z-index:	 	1
Date:	 	2025-03-07
Time:	 	17:02:05:603
Relative time:	 	 0.00000e+000
Z-axis:	 	 0.0000000000e+000
1	 0.0000000000e+000	 6.48102e-003
2	 4.8828125000e-004	 7.69275e-003
3	 9.7656250000e-004	 4.68946e-003
4	 1.4648437500e-003	-2.57236e-003
5	 1.9531250000e-003	-1.29248e-002
6	 2.4414062500e-003	-1.95939e-002
7	 2.9296875000e-003	-1.93764e-002
8	 3.4179687500e-003	-1.41956e-002
9	 3.9062500000e-003	-5.66096e-003
10	 4.3945312500e-003	 5.90584e-004
11	 4.8828125000e-003	 4.99637e-003
12	 5.3710937500e-003	 1.12012e-002
13	 5.8593750000e-003	 1.21896e-002
14	 6.3476562500e-003	 7.36403e-003
15	 6.8359375000e-003	 8.47698e-004
16	 7.3242187500e-003	-4.20418e-003
17	 7.8125000000e-003	-4.06848e-003
18	 8.3007812500e-003	-3.53179e-003
19	 8.7890625000e-003	-5.91724e-003
20	 9.2773437500e-003	-7.78045e-003
21	 9.7656250000e-003	-6.15193e-003
22	 1.0253906250e-002	-4.96633e-003
23	 1.0742187500e-002	-5.65646e-003
24	 1.1230468750e-002	-5.09251e-003
25	 1.1718750000e-002	-5.20859e-003
26	 1.2207031250e-002	-9.57697e-004
27	 1.2695312500e-002	 3.48915e-003
28	 1.3183593750e-002	 1.83431e-003
29	 1.3671875000e-002	 8.37631e-004
30	 1.4160156250e-002	 1.04201e-003
31	 1.4648437500e-002	 1.48476e-003
32	 1.5136718750e-002	 4.38840e-003
33	 1.5625000000e-002	 8.16367e-003
34	 1.6113281250e-002	 1.23089e-002
35	 1.6601562500e-002	 1.63951e-002
36	 1.7089843750e-002	 1.56145e-002
37	 1.7578125000e-002	 8.87203e-003
38	 1.8066406250e-002	 7.37931e-004
39	 1.8554687500e-002	-8.23794e-003
40	 1.9042968750e-002	-1.98887e-002
41	 1.9531250000e-002	-2.45197e-002
42	 2.0019531250e-002	-2.07227e-002
43	 2.0507812500e-002	-1.32175e-002
44	 2.0996093750e-002	-4.92202e-003
45	 2.1484375000e-002	 8.08804e-005
46	 2.1972656250e-002	 3.46624e-003
47	 2.2460937500e-002	 5.52377e-003
48	 2.2949218750e-002	 3.84965e-003
49	 2.3437500000e-002	-1.59277e-003
50	 2.3925781250e-002	-4.36774e-003
51	 2.4414062500e-002	-2.13965e-003
52	 2.4902343750e-002	 1.81553e-004
53	 2.5390625000e-002	 1.12821e-003
54	 2.5878906250e-002	 1.75338e-003
55	 2.6367187500e-002	 1.23857e-003
56	 2.6855468750e-002	 7.69828e-004
57	 2.7343750000e-002	-1.11243e-003
58	 2.7832031250e-002	-2.38029e-003
59	 2.8320312500e-002	 1.68819e-003
60	 2.8808593750e-002	 6.19109e-003
61	 2.9296875000e-002	 5.98493e-003
62	 2.9785156250e-002	 1.42088e-003
63	 3.0273437500e-002	-1.12124e-003
64	 3.0761718750e-002	-2.55503e-003
65	 3.1250000000e-002	-4.88953e-003
66	 3.1738281250e-002	-5.82291e-003
67	 3.2226562500e-002	-4.50076e-003
68	 3.2714843750e-002	 3.37950e-003
69	 3.3203125000e-002	 1.24015e-002
70	 3.3691406250e-002	 1.45990e-002
71	 3.4179687500e-002	 8.95708e-003
72	 3.4667968750e-002	 1.45861e-003
73	 3.5156250000e-002	-3.43942e-003
74	 3.5644531250e-002	-9.11997e-003
75	 3.6132812500e-002	-1.39911e-002
76	 3.6621093750e-002	-1.43004e-002
77	 3.7109375000e-002	-9.89209e-003
78	 3.7597656250e-002	 1.09351e-003
79	 3.8085937500e-002	 8.27550e-003
80	 3.8574218750e-002	 6.07311e-003
81	 3.9062500000e-002	 1.69570e-003
82	 3.9550781250e-002	-2.25994e-003
83	 4.0039062500e-002	-3.52434e-003
84	 4.0527343750e-002	-5.93320e-003
85	 4.1015625000e-002	-8.64166e-003
86	 4.1503906250e-002	-8.23711e-003
87	 4.1992187500e-002	-4.06249e-003
88	 4.2480468750e-002	 1.68704e-003
89	 4.2968750000e-002	 3.93802e-003
90	 4.3457031250e-002	 1.19179e-003
91	 4.3945312500e-002	-3.54785e-003
92	 4.4433593750e-002	-1.19683e-003
93	 4.4921875000e-002	 6.26590e-003
94	 4.5410156250e-002	 1.12164e-002
95	 4.5898437500e-002	 1.06643e-002
96	 4.6386718750e-002	 6.05403e-003
97	 4.6875000000e-002	 6.29075e-003
98	 4.7363281250e-002	 1.15061e-002
99	 4.7851562500e-002	 1.02946e-002
100	 4.8339843750e-002	 4.49627e-003
101	 4.8828125000e-002	 2.39292e-003
102	 4.9316406250e-002	 7.72182e-003
103	 4.9804687500e-002	 1.56459e-002
104	 5.0292968750e-002	 1.38793e-002
105	 5.0781250000e-002	 2.82963e-003
106	 5.1269531250e-002	-6.41989e-003
107	 5.1757812500e-002	-9.26033e-003
108	 5.2246093750e-002	-9.54801e-003
109	 5.2734375000e-002	-1.26315e-002
110	 5.3222656250e-002	-1.49331e-002
111	 5.3710937500e-002	-9.17422e-003
112	 5.4199218750e-002	 3.03875e-003
113	 5.4687500000e-002	 1.32763e-002
114	 5.5175781250e-002	 1.37261e-002
115	 5.5664062500e-002	 8.40485e-003
116	 5.6152343750e-002	 5.17599e-003
117	 5.6640625000e-002	 5.18890e-003
118	 5.7128906250e-002	 3.44963e-003
119	 5.7617187500e-002	-9.26718e-004
120	 5.8105468750e-002	-4.40473e-003
121	 5.8593750000e-002	-4.67621e-003
122	 5.9082031250e-002	-8.08621e-005
123	 5.9570312500e-002	 1.96322e-003
124	 6.0058593750e-002	-1.97961e-003
125	 6.0546875000e-002	-7.51742e-003
126	 6.1035156250e-002	-6.94356e-003
127	 6.1523437500e-002	 8.07597e-004
128	 6.2011718750e-002	 5.76899e-003
129	 6.2500000000e-002	 5.16992e-003
130	 6.2988281250e-002	-1.81952e-003
131	 6.3476562500e-002	-3.70200e-003
132	 6.3964843750e-002	 4.04243e-003
133	 6.4453125000e-002	 7.25766e-003
134	 6.4941406250e-002	 3.87902e-003
135	 6.5429687500e-002	 1.96582e-003
136	 6.5917968750e-002	 9.34418e-003
137	 6.6406250000e-002	 2.06667e-002
138	 6.6894531250e-002	 2.22715e-002
139	 6.7382812500e-002	 1.29671e-002
140	 6.7871093750e-002	 1.18917e-003
141	 6.8359375000e-002	-6.63785e-003
142	 6.8847656250e-002	-1.25724e-002
143	 6.9335937500e-002	-1.89744e-002
144	 6.9824218750e-002	-2.40359e-002
145	 7.0312500000e-002	-1.98735e-002
146	 7.0800781250e-002	-4.44548e-003
147	 7.1289062500e-002	 6.49114e-003
148	 7.1777343750e-002	 5.91317e-003
149	 7.2265625000e-002	 2.32951e-003
150	 7.2753906250e-002	 1.73262e-003
151	 7.3242187500e-002	 3.42229e-003
152	 7.3730468750e-002	 1.98746e-003
153	 7.4218750000e-002	-3.36464e-003
154	 7.4707031250e-002	-3.31479e-003
155	 7.5195312500e-002	 2.31066e-003
156	 7.5683593750e-002	 6.30805e-003
157	 7.6171875000e-002	 5.88310e-003
158	 7.6660156250e-002	 1.59230e-003
159	 7.7148437500e-002	-1.86041e-003
160	 7.7636718750e-002	 8.23952e-004
161	 7.8125000000e-002	 6.35609e-003
162	 7.8613281250e-002	 7.55019e-003
163	 7.9101562500e-002	 6.09681e-003
164	 7.9589843750e-002	 4.02476e-003
165	 8.0078125000e-002	 3.64262e-003
166	 8.0566406250e-002	 2.82667e-003
167	 8.1054687500e-002	-2.27346e-003
168	 8.1542968750e-002	-7.10949e-003
169	 8.2031250000e-002	-5.64800e-003
170	 8.2519531250e-002	 4.43549e-003
171	 8.3007812500e-002	 1.28423e-002
172	 8.3496093750e-002	 1.43482e-002
173	 8.3984375000e-002	 1.01907e-002
174	 8.4472656250e-002	 7.12509e-003
175	 8.4960937500e-002	 5.45768e-003
176	 8.5449218750e-002	-5.68607e-003
177	 8.5937500000e-002	-1.65437e-002
178	 8.6425781250e-002	-1.65990e-002
179	 8.6914062500e-002	-9.73307e-003
180	 8.7402343750e-002	-6.63854e-004
181	 8.7890625000e-002	 1.64643e-003
182	 8.8378906250e-002	-4.13934e-005
183	 8.8867187500e-002	 3.97600e-003
184	 8.9355468750e-002	 6.37566e-003
185	 8.9843750000e-002	 7.76049e-004
186	 9.0332031250e-002	-8.58678e-003
187	 9.0820312500e-002	-1.41694e-002
188	 9.1308593750e-002	-1.03758e-002
189	 9.1796875000e-002	-3.58242e-003
190	 9.2285156250e-002	-3.13855e-003
191	 9.2773437500e-002	-6.82879e-003
192	 9.3261718750e-002	-5.17725e-003
193	 9.3750000000e-002	-2.90928e-004
194	 9.4238281250e-002	 4.49095e-003
195	 9.4726562500e-002	 6.42429e-003
196	 9.5214843750e-002	 4.55739e-003
197	 9.5703125000e-002	 7.27389e-003
198	 9.6191406250e-002	 1.15190e-002
199	 9.6679687500e-002	 9.55749e-003
200	 9.7167968750e-002	 5.18059e-003
201	 9.7656250000e-002	 9.54628e-004
202	 9.8144531250e-002	 2.47006e-004
203	 9.8632812500e-002	 5.73330e-003
204	 9.9121093750e-002	 1.07203e-002
205	 9.9609375000e-002	 1.07470e-002
206	 1.0009765625e-001	 9.12646e-003
207	 1.0058593750e-001	 6.70589e-003
208	 1.0107421875e-001	 4.53705e-003
209	 1.0156250000e-001	 2.55239e-004
210	 1.0205078125e-001	-1.26229e-002
211	 1.0253906250e-001	-2.23576e-002
212	 1.0302734375e-001	-1.71636e-002
213	 1.0351562500e-001	-6.52866e-003
214	 1.0400390625e-001	 3.18983e-003
215	 1.0449218750e-001	 6.00889e-003
216	 1.0498046875e-001	 5.35129e-003
217	 1.0546875000e-001	 1.05094e-002
218	 1.0595703125e-001	 1.21618e-002
219	 1.0644531250e-001	 7.52078e-003
220	 1.0693359375e-001	 1.33003e-005
221	 1.0742187500e-001	-6.35584e-003
222	 1.0791015625e-001	-4.55101e-003
223	 1.0839843750e-001	-6.28853e-004
224	 1.0888671875e-001	-1.18620e-003
225	 1.0937500000e-001	-5.65910e-003
226	 1.0986328125e-001	-9.38522e-003
227	 1.1035156250e-001	-7.11290e-003
228	 1.1083984375e-001	-1.74835e-003
229	 1.1132812500e-001	 1.01387e-003
230	 1.1181640625e-001	-2.45610e-004
231	 1.1230468750e-001	 5.96373e-004
232	 1.1279296875e-001	 3.80521e-003
233	 1.1328125000e-001	 5.43915e-003
234	 1.1376953125e-001	 3.67026e-003
235	 1.1425781250e-001	-2.53874e-003
236	 1.1474609375e-001	-2.50513e-003
237	 1.1523437500e-001	 4.86889e-003
238	 1.1572265625e-001	 1.19337e-002
239	 1.1621093750e-001	 1.50242e-002
240	 1.1669921875e-001	 1.50703e-002
241	 1.1718750000e-001	 1.40886e-002
242	 1.1767578125e-001	 1.06353e-002
243	 1.1816406250e-001	 4.25633e-003
244	 1.1865234375e-001	-1.06457e-002
245	 1.1914062500e-001	-2.46455e-002
246	 1.1962890625e-001	-2.59221e-002
247	 1.2011718750e-001	-1.71631e-002
248	 1.2060546875e-001	-5.51360e-003
249	 1.2109375000e-001	-3.91572e-004
250	 1.2158203125e-001	 3.06844e-004
251	 1.2207031250e-001	 4.89468e-003
252	 1.2255859375e-001	 1.07169e-002
253	 1.2304687500e-001	 8.66689e-003
254	 1.2353515625e-001	-5.58243e-005
255	 1.2402343750e-001	-6.07554e-003
256	 1.2451171875e-001	-2.84803e-003
257	 1.2500000000e-001	 4.88649e-003
258	 1.2548828125e-001	 5.78967e-003
259	 1.2597656250e-001	 8.76201e-004
260	 1.2646484375e-001	 4.95917e-004
261	 1.2695312500e-001	 4.83915e-003
262	 1.2744140625e-001	 5.93452e-003
263	 1.2792968750e-001	 2.72988e-003
264	 1.2841796875e-001	 1.22921e-003
265	 1.2890625000e-001	 4.51643e-003
266	 1.2939453125e-001	 7.16168e-003
267	 1.2988281250e-001	 4.47587e-003
268	 1.3037109375e-001	 2.12891e-004
269	 1.3085937500e-001	-4.22868e-003
270	 1.3134765625e-001	-4.83795e-003
271	 1.3183593750e-001	 6.62512e-004
272	 1.3232421875e-001	 3.74915e-003
273	 1.3281250000e-001	 6.17716e-003
274	 1.3330078125e-001	 1.21844e-002
275	 1.3378906250e-001	 1.34349e-002
276	 1.3427734375e-001	 1.03198e-002
277	 1.3476562500e-001	 3.72978e-003
278	 1.3525390625e-001	-6.80869e-003
279	 1.3574218750e-001	-1.37306e-002
280	 1.3623046875e-001	-1.45016e-002
281	 1.3671875000e-001	-1.23360e-002
282	 1.3720703125e-001	-6.44499e-003
283	 1.3769531250e-001	 7.98785e-004
284	 1.3818359375e-001	 3.45153e-003
285	 1.3867187500e-001	 5.03533e-003
286	 1.3916015625e-001	 3.48648e-003
287	 1.3964843750e-001	-4.59302e-003
288	 1.4013671875e-001	-9.79277e-003
289	 1.4062500000e-001	-1.00152e-002
290	 1.4111328125e-001	-8.92876e-003
291	 1.4160156250e-001	-7.01659e-003
292	 1.4208984375e-001	-6.36909e-003
293	 1.4257812500e-001	-5.62459e-003
294	 1.4306640625e-001	-1.45759e-003
295	 1.4355468750e-001	 8.65682e-004
296	 1.4404296875e-001	-1.99541e-003
297	 1.4453125000e-001	-6.90556e-004
298	 1.4501953125e-001	 6.59441e-003
299	 1.4550781250e-001	 1.20379e-002
300	 1.4599609375e-001	 1.17158e-002
301	 1.4648437500e-001	 5.95290e-003
302	 1.4697265625e-001	 4.72346e-003
303	 1.4746093750e-001	 7.96853e-003
304	 1.4794921875e-001	 6.80202e-003
305	 1.4843750000e-001	 3.22199e-003
306	 1.4892578125e-001	 3.20390e-003
307	 1.4941406250e-001	 8.73723e-003
308	 1.4990234375e-001	 1.51489e-002
309	 1.5039062500e-001	 1.34053e-002
310	 1.5087890625e-001	 3.26231e-003
311	 1.5136718750e-001	-4.81749e-003
312	 1.5185546875e-001	-1.00212e-002
313	 1.5234375000e-001	-1.46326e-002
314	 1.5283203125e-001	-1.65165e-002
315	 1.5332031250e-001	-1.50621e-002
316	 1.5380859375e-001	-6.12673e-003
317	 1.5429687500e-001	 5.97732e-003
318	 1.5478515625e-001	 1.29747e-002
319	 1.5527343750e-001	 1.27547e-002
320	 1.5576171875e-001	 9.17595e-003
321	 1.5625000000e-001	 6.34184e-003
322	 1.5673828125e-001	 3.43587e-003
323	 1.5722656250e-001	-1.27723e-004
324	 1.5771484375e-001	-3.09924e-003
325	 1.5820312500e-001	-4.09965e-003
326	 1.5869140625e-001	-3.52194e-003
327	 1.5917968750e-001	-2.77738e-003
328	 1.5966796875e-001	-3.55525e-003
329	 1.6015625000e-001	-5.85512e-003
330	 1.6064453125e-001	-8.35394e-003
331	 1.6113281250e-001	-5.88986e-003
332	 1.6162109375e-001	 8.58314e-005
333	 1.6210937500e-001	 4.68275e-003
334	 1.6259765625e-001	 6.00504e-003
335	 1.6308593750e-001	 2.72750e-003
336	 1.6357421875e-001	 1.35778e-003
337	 1.6406250000e-001	 2.74746e-003
338	 1.6455078125e-001	 3.47908e-003
339	 1.6503906250e-001	 3.08233e-003
340	 1.6552734375e-001	 3.51394e-003
341	 1.6601562500e-001	 8.46351e-003
342	 1.6650390625e-001	 1.65614e-002
343	 1.6699218750e-001	 1.88126e-002
344	 1.6748046875e-001	 1.19803e-002
345	 1.6796875000e-001	 1.14221e-003
346	 1.6845703125e-001	-1.02435e-002
347	 1.6894531250e-001	-1.74903e-002
348	 1.6943359375e-001	-1.96833e-002
349	 1.6992187500e-001	-2.03014e-002
350	 1.7041015625e-001	-1.73309e-002
351	 1.7089843750e-001	-1.06280e-002
352	 1.7138671875e-001	-2.64519e-003
353	 1.7187500000e-001	 4.12403e-003
354	 1.7236328125e-001	 4.66148e-003
355	 1.7285156250e-001	 7.67305e-004
356	 1.7333984375e-001	-1.48926e-003
357	 1.7382812500e-001	-1.50724e-003
358	 1.7431640625e-001	-1.55343e-003
359	 1.7480468750e-001	-8.76878e-004
360	 1.7529296875e-001	-1.12938e-003
361	 1.7578125000e-001	-4.52970e-004
362	 1.7626953125e-001	 3.70084e-003
363	 1.7675781250e-001	 4.14783e-003
364	 1.7724609375e-001	-9.23611e-004
365	 1.7773437500e-001	-2.43680e-003
366	 1.7822265625e-001	 1.88408e-003
367	 1.7871093750e-001	 7.55886e-003
368	 1.7919921875e-001	 9.37566e-003
369	 1.7968750000e-001	 4.01849e-003
370	 1.8017578125e-001	-1.49374e-003
371	 1.8066406250e-001	-2.13411e-003
372	 1.8115234375e-001	-2.87406e-004
373	 1.8164062500e-001	-1.24929e-004
374	 1.8212890625e-001	-2.13382e-003
375	 1.8261718750e-001	 1.45648e-003
376	 1.8310546875e-001	 1.04747e-002
377	 1.8359375000e-001	 1.55234e-002
378	 1.8408203125e-001	 1.24330e-002
379	 1.8457031250e-001	 5.12602e-003
380	 1.8505859375e-001	-2.27834e-003
381	 1.8554687500e-001	-8.87807e-003
382	 1.8603515625e-001	-1.37795e-002
383	 1.8652343750e-001	-1.48551e-002
384	 1.8701171875e-001	-9.87983e-003
385	 1.8750000000e-001	-2.07692e-003
386	 1.8798828125e-001	 2.04841e-003
387	 1.8847656250e-001	 4.98378e-003
388	 1.8896484375e-001	 4.05966e-003
389	 1.8945312500e-001	-1.30038e-003
390	 1.8994140625e-001	-4.59522e-003
391	 1.9042968750e-001	-8.08140e-003
392	 1.9091796875e-001	-1.05677e-002
393	 1.9140625000e-001	-1.01624e-002
394	 1.9189453125e-001	-7.82881e-003
395	 1.9238281250e-001	-6.51795e-003
396	 1.9287109375e-001	-6.62011e-003
397	 1.9335937500e-001	-3.79851e-003
398	 1.9384765625e-001	-3.87343e-003
399	 1.9433593750e-001	-1.53222e-003
400	 1.9482421875e-001	 2.90413e-003
401	 1.9531250000e-001	 3.43591e-003
402	 1.9580078125e-001	 6.57874e-003
403	 1.9628906250e-001	 6.79928e-003
404	 1.9677734375e-001	 3.21417e-003
405	 1.9726562500e-001	 1.87680e-003
406	 1.9775390625e-001	-3.88567e-004
407	 1.9824218750e-001	-2.41458e-003
408	 1.9873046875e-001	-1.09048e-003
409	 1.9921875000e-001	 4.08809e-003
410	 1.9970703125e-001	 8.07786e-003
411	 2.0019531250e-001	 7.95452e-003
412	 2.0068359375e-001	 5.03307e-003
413	 2.0117187500e-001	-1.15567e-003
414	 2.0166015625e-001	-8.05728e-003
415	 2.0214843750e-001	-1.86127e-002
416	 2.0263671875e-001	-2.57741e-002
417	 2.0312500000e-001	-2.18529e-002
418	 2.0361328125e-001	-1.12455e-002
419	 2.0410156250e-001	 3.49007e-004
420	 2.0458984375e-001	 4.38754e-003
421	 2.0507812500e-001	 5.26565e-003
422	 2.0556640625e-001	 8.54745e-003
423	 2.0605468750e-001	 8.34855e-003
424	 2.0654296875e-001	 3.07356e-003
425	 2.0703125000e-001	-3.43205e-003
426	 2.0751953125e-001	-7.82446e-003
427	 2.0800781250e-001	-6.10517e-003
428	 2.0849609375e-001	-1.61248e-003
429	 2.0898437500e-001	-4.29794e-003
430	 2.0947265625e-001	-9.48217e-003
431	 2.0996093750e-001	-9.77146e-003
432	 2.1044921875e-001	-8.04004e-003
433	 2.1093750000e-001	-5.56728e-003
434	 2.1142578125e-001	-4.08342e-003
435	 2.1191406250e-001	-2.98855e-003
436	 2.1240234375e-001	 4.28479e-004
437	 2.1289062500e-001	 2.47243e-003
438	 2.1337890625e-001	 3.12437e-003
439	 2.1386718750e-001	 2.33370e-003
440	 2.1435546875e-001	-2.16554e-003
441	 2.1484375000e-001	-2.65329e-003
442	 2.1533203125e-001	 3.42865e-003
443	 2.1582031250e-001	 9.54679e-003
444	 2.1630859375e-001	 1.35766e-002
445	 2.1679687500e-001	 1.38167e-002
446	 2.1728515625e-001	 9.49869e-003
447	 2.1777343750e-001	 4.94744e-003
448	 2.1826171875e-001	-2.54880e-003
449	 2.1875000000e-001	-1.44377e-002
450	 2.1923828125e-001	-2.40848e-002
451	 2.1972656250e-001	-2.45660e-002
452	 2.2021484375e-001	-1.73378e-002
453	 2.2070312500e-001	-7.75011e-003
454	 2.2119140625e-001	-2.23059e-003
455	 2.2167968750e-001	-1.73374e-003
456	 2.2216796875e-001	 1.15961e-003
457	 2.2265625000e-001	 5.65342e-003
458	 2.2314453125e-001	 3.82843e-003
459	 2.2363281250e-001	-3.83011e-003
460	 2.2412109375e-001	-7.98741e-003
461	 2.2460937500e-001	-3.99227e-003
462	 2.2509765625e-001	 3.00627e-003
463	 2.2558593750e-001	 4.84157e-003
464	 2.2607421875e-001	 2.37661e-003
465	 2.2656250000e-001	 4.03801e-004
466	 2.2705078125e-001	-1.53138e-004
467	 2.2753906250e-001	 2.32478e-003
468	 2.2802734375e-001	 3.69958e-003
469	 2.2851562500e-001	 2.28584e-003
470	 2.2900390625e-001	 3.79075e-003
471	 2.2949218750e-001	 4.06234e-003
472	 2.2998046875e-001	 1.24006e-003
473	 2.3046875000e-001	-8.72708e-004
474	 2.3095703125e-001	-3.88385e-003
475	 2.3144531250e-001	-5.19534e-003
476	 2.3193359375e-001	-1.59796e-003
477	 2.3242187500e-001	 3.77775e-003
478	 2.3291015625e-001	 8.06504e-003
479	 2.3339843750e-001	 1.21087e-002
480	 2.3388671875e-001	 1.25565e-002
481	 2.3437500000e-001	 8.08931e-003
482	 2.3486328125e-001	 2.01626e-003
483	 2.3535156250e-001	-6.22694e-003
484	 2.3583984375e-001	-1.38815e-002
485	 2.3632812500e-001	-1.48483e-002
486	 2.3681640625e-001	-8.39448e-003
487	 2.3730468750e-001	-7.44786e-004
488	 2.3779296875e-001	 4.83419e-003
489	 2.3828125000e-001	 5.83496e-003
490	 2.3876953125e-001	 3.91620e-003
491	 2.3925781250e-001	 2.75554e-003
492	 2.3974609375e-001	-1.82538e-003
493	 2.4023437500e-001	-7.84686e-003
494	 2.4072265625e-001	-9.72644e-003
495	 2.4121093750e-001	-7.46004e-003
496	 2.4169921875e-001	-7.35396e-003
497	 2.4218750000e-001	-8.13286e-003
498	 2.4267578125e-001	-5.67526e-003
499	 2.4316406250e-001	-2.02257e-003
500	 2.4365234375e-001	-1.70781e-003
501	 2.4414062500e-001	-2.28488e-003
502	 2.4462890625e-001	 1.58149e-003
503	 2.4511718750e-001	 7.50038e-003
504	 2.4560546875e-001	 1.09492e-002
505	 2.4609375000e-001	 8.27512e-003
506	 2.4658203125e-001	 2.89166e-003
507	 2.4707031250e-001	 3.33307e-003
508	 2.4755859375e-001	 7.05639e-003
509	 2.4804687500e-001	 3.84972e-003
510	 2.4853515625e-001	-8.99640e-004
511	 2.4902343750e-001	 6.84656e-004
512	 2.4951171875e-001	 8.19984e-003
513	 2.5000000000e-001	 1.53756e-002
514	 2.5048828125e-001	 1.17294e-002
515	 2.5097656250e-001	 6.96984e-004
516	 2.5146484375e-001	-7.57350e-003
517	 2.5195312500e-001	-1.11871e-002
518	 2.5244140625e-001	-1.50712e-002
519	 2.5292968750e-001	-1.84264e-002
520	 2.5341796875e-001	-1.67747e-002
521	 2.5390625000e-001	-5.47943e-003
522	 2.5439453125e-001	 9.10398e-003
523	 2.5488281250e-001	 1.58813e-002
524	 2.5537109375e-001	 1.46505e-002
525	 2.5585937500e-001	 9.88858e-003
526	 2.5634765625e-001	 7.64530e-003
527	 2.5683593750e-001	 6.40181e-003
528	 2.5732421875e-001	 3.23382e-003
529	 2.5781250000e-001	-7.79900e-004
530	 2.5830078125e-001	-4.01578e-003
531	 2.5878906250e-001	-2.80944e-003
532	 2.5927734375e-001	 8.38053e-004
533	 2.5976562500e-001	 6.81132e-004
534	 2.6025390625e-001	-5.41333e-003
535	 2.6074218750e-001	-7.96392e-003
536	 2.6123046875e-001	-1.28791e-003
537	 2.6171875000e-001	 7.07908e-003
538	 2.6220703125e-001	 1.21607e-002
539	 2.6269531250e-001	 1.02878e-002
540	 2.6318359375e-001	 5.14782e-003
541	 2.6367187500e-001	 5.30437e-003
542	 2.6416015625e-001	 8.08570e-003
543	 2.6464843750e-001	 6.02700e-003
544	 2.6513671875e-001	 4.15848e-003
545	 2.6562500000e-001	 7.70642e-003
546	 2.6611328125e-001	 1.42772e-002
547	 2.6660156250e-001	 1.97675e-002
548	 2.6708984375e-001	 1.73772e-002
549	 2.6757812500e-001	 9.54376e-003
550	 2.6806640625e-001	 1.71093e-003
551	 2.6855468750e-001	-6.70190e-003
552	 2.6904296875e-001	-1.58565e-002
553	 2.6953125000e-001	-1.99227e-002
554	 2.7001953125e-001	-1.90676e-002
555	 2.7050781250e-001	-1.19540e-002
556	 2.7099609375e-001	-2.16696e-003
557	 2.7148437500e-001	 2.84574e-003
558	 2.7197265625e-001	 4.36415e-003
559	 2.7246093750e-001	 3.03151e-003
560	 2.7294921875e-001	 1.93434e-003
561	 2.7343750000e-001	 1.60031e-004
562	 2.7392578125e-001	-9.70168e-004
563	 2.7441406250e-001	 2.61929e-004
564	 2.7490234375e-001	 2.04181e-003
565	 2.7539062500e-001	 2.89034e-003
566	 2.7587890625e-001	 3.29732e-003
567	 2.7636718750e-001	 5.14094e-003
568	 2.7685546875e-001	 2.99843e-003
569	 2.7734375000e-001	 5.21883e-004
570	 2.7783203125e-001	 1.79993e-003
571	 2.7832031250e-001	 3.75811e-003
572	 2.7880859375e-001	 7.58495e-003
573	 2.7929687500e-001	 8.71968e-003
574	 2.7978515625e-001	 3.60956e-003
575	 2.8027343750e-001	-3.85287e-004
576	 2.8076171875e-001	 7.20019e-004
577	 2.8125000000e-001	 1.66024e-003
578	 2.8173828125e-001	 1.14987e-003
579	 2.8222656250e-001	 2.08692e-003
580	 2.8271484375e-001	 8.03156e-003
581	 2.8320312500e-001	 1.50234e-002
582	 2.8369140625e-001	 1.74153e-002
583	 2.8417968750e-001	 1.23731e-002
584	 2.8466796875e-001	 3.31382e-003
585	 2.8515625000e-001	-2.80032e-003
586	 2.8564453125e-001	-8.30634e-003
587	 2.8613281250e-001	-1.00528e-002
588	 2.8662109375e-001	-7.85476e-003
589	 2.8710937500e-001	-1.24985e-003
590	 2.8759765625e-001	 5.90222e-003
591	 2.8808593750e-001	 7.57932e-003
592	 2.8857421875e-001	 7.76604e-003
593	 2.8906250000e-001	 5.31734e-003
594	 2.8955078125e-001	 2.27398e-003
595	 2.9003906250e-001	-6.69925e-004
596	 2.9052734375e-001	-5.58728e-003
597	 2.9101562500e-001	-8.39661e-003
598	 2.9150390625e-001	-6.19560e-003
599	 2.9199218750e-001	-2.43714e-003
600	 2.9248046875e-001	-2.34608e-003
601	 2.9296875000e-001	-3.09725e-003
602	 2.9345703125e-001	-2.12556e-003
603	 2.9394531250e-001	-1.20532e-003
604	 2.9443359375e-001	 3.93760e-003
605	 2.9492187500e-001	 6.45776e-003
606	 2.9541015625e-001	 7.25838e-003
607	 2.9589843750e-001	 1.08738e-002
608	 2.9638671875e-001	 1.02026e-002
609	 2.9687500000e-001	 7.02200e-003
610	 2.9736328125e-001	 2.78159e-003
611	 2.9785156250e-001	 2.14731e-005
612	 2.9833984375e-001	 4.22350e-004
613	 2.9882812500e-001	 3.82561e-003
614	 2.9931640625e-001	 8.62669e-003
615	 2.9980468750e-001	 9.57696e-003
616	 3.0029296875e-001	 7.36341e-003
617	 3.0078125000e-001	 3.84560e-003
618	 3.0126953125e-001	 3.69893e-004
619	 3.0175781250e-001	-6.23879e-003
620	 3.0224609375e-001	-1.80517e-002
621	 3.0273437500e-001	-2.27572e-002
622	 3.0322265625e-001	-1.65667e-002
623	 3.0371093750e-001	-5.67922e-003
624	 3.0419921875e-001	 4.67166e-003
625	 3.0468750000e-001	 7.12453e-003
626	 3.0517578125e-001	 7.93418e-003
627	 3.0566406250e-001	 1.14889e-002
628	 3.0615234375e-001	 1.21435e-002
629	 3.0664062500e-001	 4.50113e-003
630	 3.0712890625e-001	-4.23002e-003
631	 3.0761718750e-001	-3.77477e-003
632	 3.0810546875e-001	 1.00692e-003
633	 3.0859375000e-001	 4.36306e-003
634	 3.0908203125e-001	 6.78260e-004
635	 3.0957031250e-001	-5.91612e-003
636	 3.1005859375e-001	-6.96663e-003
637	 3.1054687500e-001	-5.39414e-003
638	 3.1103515625e-001	-3.99431e-003
639	 3.1152343750e-001	-2.95192e-003
640	 3.1201171875e-001	 2.33639e-004
641	 3.1250000000e-001	 5.84804e-003
642	 3.1298828125e-001	 8.54441e-003
643	 3.1347656250e-001	 8.72295e-003
644	 3.1396484375e-001	 6.17560e-003
645	 3.1445312500e-001	 2.90837e-003
646	 3.1494140625e-001	 3.75742e-003
647	 3.1542968750e-001	 7.37724e-003
648	 3.1591796875e-001	 1.17770e-002
649	 3.1640625000e-001	 1.41887e-002
650	 3.1689453125e-001	 1.40275e-002
651	 3.1738281250e-001	 1.10418e-002
652	 3.1787109375e-001	 5.68202e-003
653	 3.1835937500e-001	-2.31878e-003
654	 3.1884765625e-001	-1.45144e-002
655	 3.1933593750e-001	-2.11723e-002
656	 3.1982421875e-001	-1.94497e-002
657	 3.2031250000e-001	-1.18461e-002
658	 3.2080078125e-001	-2.05307e-003
659	 3.2128906250e-001	 2.39801e-004
660	 3.2177734375e-001	-7.30160e-004
661	 3.2226562500e-001	 2.53609e-003
662	 3.2275390625e-001	 3.56831e-003
663	 3.2324218750e-001	 1.11087e-003
664	 3.2373046875e-001	-3.30687e-003
665	 3.2421875000e-001	-5.67958e-003
666	 3.2470703125e-001	-1.46279e-003
667	 3.2519531250e-001	 3.69094e-003
668	 3.2568359375e-001	 4.97125e-003
669	 3.2617187500e-001	 3.73236e-003
670	 3.2666015625e-001	 1.29278e-003
671	 3.2714843750e-001	 3.17751e-004
672	 3.2763671875e-001	 2.53746e-003
673	 3.2812500000e-001	 3.23978e-003
674	 3.2861328125e-001	 2.42654e-003
675	 3.2910156250e-001	 1.13642e-003
676	 3.2958984375e-001	-1.17427e-004
677	 3.3007812500e-001	 2.60268e-003
678	 3.3056640625e-001	 4.38596e-003
679	 3.3105468750e-001	-5.54456e-004
680	 3.3154296875e-001	-5.32437e-003
681	 3.3203125000e-001	 6.65753e-004
682	 3.3251953125e-001	 1.04140e-002
683	 3.3300781250e-001	 1.39553e-002
684	 3.3349609375e-001	 1.26417e-002
685	 3.3398437500e-001	 8.40832e-003
686	 3.3447265625e-001	 5.45660e-003
687	 3.3496093750e-001	 2.69715e-003
688	 3.3544921875e-001	-5.62984e-003
689	 3.3593750000e-001	-1.43568e-002
690	 3.3642578125e-001	-1.23403e-002
691	 3.3691406250e-001	-1.96108e-003
692	 3.3740234375e-001	 7.75992e-003
693	 3.3789062500e-001	 1.06476e-002
694	 3.3837890625e-001	 6.92432e-003
695	 3.3886718750e-001	 5.03622e-003
696	 3.3935546875e-001	 4.83706e-003
697	 3.3984375000e-001	 5.89620e-004
698	 3.4033203125e-001	-7.09257e-003
699	 3.4082031250e-001	-1.18236e-002
700	 3.4130859375e-001	-9.16201e-003
701	 3.4179687500e-001	-2.21430e-003
702	 3.4228515625e-001	 7.97602e-004
703	 3.4277343750e-001	-4.87775e-004
704	 3.4326171875e-001	-3.11707e-004
705	 3.4375000000e-001	 2.01734e-003
706	 3.4423828125e-001	 5.72409e-003
707	 3.4472656250e-001	 8.14549e-003
708	 3.4521484375e-001	 8.92244e-003
709	 3.4570312500e-001	 1.02215e-002
710	 3.4619140625e-001	 9.52969e-003
711	 3.4667968750e-001	 6.05577e-003
712	 3.4716796875e-001	 3.95195e-003
713	 3.4765625000e-001	 1.47994e-003
714	 3.4814453125e-001	-2.56497e-004
715	 3.4863281250e-001	 2.52677e-003
716	 3.4912109375e-001	 6.13725e-003
717	 3.4960937500e-001	 1.07273e-002
718	 3.5009765625e-001	 1.32330e-002
719	 3.5058593750e-001	 8.49971e-003
720	 3.5107421875e-001	 9.44702e-004
721	 3.5156250000e-001	-6.60226e-003
722	 3.5205078125e-001	-1.37219e-002
723	 3.5253906250e-001	-1.80184e-002
724	 3.5302734375e-001	-1.73722e-002
725	 3.5351562500e-001	-1.13004e-002
726	 3.5400390625e-001	-1.44527e-003
727	 3.5449218750e-001	 6.88217e-003
728	 3.5498046875e-001	 1.23290e-002
729	 3.5546875000e-001	 1.33547e-002
730	 3.5595703125e-001	 8.83810e-003
731	 3.5644531250e-001	 5.99631e-003
732	 3.5693359375e-001	 4.54723e-003
733	 3.5742187500e-001	 2.00726e-003
734	 3.5791015625e-001	 3.16522e-004
735	 3.5839843750e-001	-2.29484e-004
736	 3.5888671875e-001	-1.22590e-003
737	 3.5937500000e-001	-1.23110e-003
738	 3.5986328125e-001	 4.73023e-004
739	 3.6035156250e-001	-4.19971e-003
740	 3.6083984375e-001	-7.16161e-003
741	 3.6132812500e-001	-1.85998e-003
742	 3.6181640625e-001	 5.06578e-003
743	 3.6230468750e-001	 1.12236e-002
744	 3.6279296875e-001	 9.25411e-003
745	 3.6328125000e-001	 3.41110e-003
746	 3.6376953125e-001	 5.23996e-003
747	 3.6425781250e-001	 9.67390e-003
748	 3.6474609375e-001	 8.68380e-003
749	 3.6523437500e-001	 5.81296e-003
750	 3.6572265625e-001	 7.67780e-003
751	 3.6621093750e-001	 1.52314e-002
752	 3.6669921875e-001	 2.01385e-002
753	 3.6718750000e-001	 1.67726e-002
754	 3.6767578125e-001	 7.58177e-003
755	 3.6816406250e-001	-1.66709e-003
756	 3.6865234375e-001	-7.90568e-003
757	 3.6914062500e-001	-1.27965e-002
758	 3.6962890625e-001	-1.64321e-002
759	 3.7011718750e-001	-1.50046e-002
760	 3.7060546875e-001	-7.11977e-003
761	 3.7109375000e-001	-1.68397e-003
762	 3.7158203125e-001	 1.17934e-003
763	 3.7207031250e-001	 4.22588e-003
764	 3.7255859375e-001	 2.45514e-003
765	 3.7304687500e-001	-9.45539e-005
766	 3.7353515625e-001	 3.48684e-004
767	 3.7402343750e-001	-5.92636e-004
768	 3.7451171875e-001	-2.42578e-004
769	 3.7500000000e-001	 1.04765e-003
770	 3.7548828125e-001	 1.35239e-003
771	 3.7597656250e-001	 2.84212e-003
772	 3.7646484375e-001	 5.20393e-003
773	 3.7695312500e-001	 4.19333e-003
774	 3.7744140625e-001	 3.53799e-004
775	 3.7792968750e-001	-4.65588e-004
776	 3.7841796875e-001	 2.24195e-003
777	 3.7890625000e-001	 6.10903e-003
778	 3.7939453125e-001	 5.96856e-003
779	 3.7988281250e-001	 1.08704e-003
780	 3.8037109375e-001	-1.48908e-003
781	 3.8085937500e-001	 2.98814e-004
782	 3.8134765625e-001	 1.93920e-003
783	 3.8183593750e-001	 1.20935e-003
784	 3.8232421875e-001	 2.93134e-003
785	 3.8281250000e-001	 9.60726e-003
786	 3.8330078125e-001	 1.42751e-002
787	 3.8378906250e-001	 1.40319e-002
788	 3.8427734375e-001	 9.71496e-003
789	 3.8476562500e-001	 2.37949e-003
790	 3.8525390625e-001	-6.61667e-003
791	 3.8574218750e-001	-1.12552e-002
792	 3.8623046875e-001	-1.05998e-002
793	 3.8671875000e-001	-7.96871e-003
794	 3.8720703125e-001	-8.00196e-004
795	 3.8769531250e-001	 4.65441e-003
796	 3.8818359375e-001	 5.57276e-003
797	 3.8867187500e-001	 6.83272e-003
798	 3.8916015625e-001	 4.35824e-003
799	 3.8964843750e-001	-1.67006e-003
800	 3.9013671875e-001	-4.94647e-003
801	 3.9062500000e-001	-6.65751e-003
802	 3.9111328125e-001	-7.29815e-003
803	 3.9160156250e-001	-4.79247e-003
804	 3.9208984375e-001	-3.80366e-003
805	 3.9257812500e-001	-4.63414e-003
806	 3.9306640625e-001	-3.55216e-003
807	 3.9355468750e-001	-3.75144e-003
808	 3.9404296875e-001	-2.31907e-003
809	 3.9453125000e-001	 2.85514e-003
810	 3.9501953125e-001	 5.77943e-003
811	 3.9550781250e-001	 8.80424e-003
812	 3.9599609375e-001	 1.11397e-002
813	 3.9648437500e-001	 9.05549e-003
814	 3.9697265625e-001	 4.78628e-003
815	 3.9746093750e-001	 2.02644e-003
816	 3.9794921875e-001	 7.60610e-004
817	 3.9843750000e-001	 4.63838e-004
818	 3.9892578125e-001	 3.58447e-003
819	 3.9941406250e-001	 8.09801e-003
820	 3.9990234375e-001	 1.03851e-002
821	 4.0039062500e-001	 7.44368e-003
822	 4.0087890625e-001	 7.34736e-004
823	 4.0136718750e-001	-5.34977e-003
824	 4.0185546875e-001	-1.22820e-002
825	 4.0234375000e-001	-1.99593e-002
826	 4.0283203125e-001	-2.11277e-002
827	 4.0332031250e-001	-1.41933e-002
828	 4.0380859375e-001	-3.41233e-003
829	 4.0429687500e-001	 4.00784e-003
830	 4.0478515625e-001	 4.29816e-003
831	 4.0527343750e-001	 6.85455e-003
832	 4.0576171875e-001	 8.64323e-003
833	 4.0625000000e-001	 6.01481e-003
834	 4.0673828125e-001	-1.34187e-004
835	 4.0722656250e-001	-6.38063e-003
836	 4.0771484375e-001	-4.71327e-003
837	 4.0820312500e-001	-1.40483e-003
838	 4.0869140625e-001	 5.13542e-004
839	 4.0917968750e-001	-2.73499e-003
840	 4.0966796875e-001	-6.35208e-003
841	 4.1015625000e-001	-6.47106e-003
842	 4.1064453125e-001	-6.31987e-003
843	 4.1113281250e-001	-5.25613e-003
844	 4.1162109375e-001	-6.00446e-003
845	 4.1210937500e-001	-2.14254e-003
846	 4.1259765625e-001	 3.01290e-003
847	 4.1308593750e-001	 3.69499e-003
848	 4.1357421875e-001	 3.84109e-003
849	 4.1406250000e-001	 2.79146e-003
850	 4.1455078125e-001	 2.75917e-003
851	 4.1503906250e-001	 5.66254e-003
852	 4.1552734375e-001	 8.18162e-003
853	 4.1601562500e-001	 1.18139e-002
854	 4.1650390625e-001	 1.55609e-002
855	 4.1699218750e-001	 1.36991e-002
856	 4.1748046875e-001	 7.85869e-003
857	 4.1796875000e-001	 1.60998e-003
858	 4.1845703125e-001	-7.59957e-003
859	 4.1894531250e-001	-1.84143e-002
860	 4.1943359375e-001	-2.12238e-002
861	 4.1992187500e-001	-1.66021e-002
862	 4.2041015625e-001	-1.08811e-002
863	 4.2089843750e-001	-4.12986e-003
864	 4.2138671875e-001	 1.23563e-005
865	 4.2187500000e-001	 1.13769e-003
866	 4.2236328125e-001	 3.92891e-003
867	 4.2285156250e-001	 2.52566e-003
868	 4.2333984375e-001	-1.26785e-003
869	 4.2382812500e-001	-3.60174e-003
870	 4.2431640625e-001	-3.96583e-003
871	 4.2480468750e-001	-1.89934e-003
872	 4.2529296875e-001	-1.02762e-003
873	 4.2578125000e-001	 4.35298e-004
874	 4.2626953125e-001	 2.30584e-003
875	 4.2675781250e-001	 1.80836e-004
876	 4.2724609375e-001	-1.55655e-003
877	 4.2773437500e-001	 1.12910e-003
878	 4.2822265625e-001	 3.03732e-003
879	 4.2871093750e-001	 5.07045e-003
880	 4.2919921875e-001	 3.56743e-003
881	 4.2968750000e-001	-1.98556e-003
882	 4.3017578125e-001	-1.81005e-003
883	 4.3066406250e-001	-1.25239e-003
884	 4.3115234375e-001	-5.12626e-003
885	 4.3164062500e-001	-6.96011e-003
886	 4.3212890625e-001	-2.51337e-003
887	 4.3261718750e-001	 6.82929e-003
888	 4.3310546875e-001	 1.32359e-002
889	 4.3359375000e-001	 1.27026e-002
890	 4.3408203125e-001	 7.08167e-003
891	 4.3457031250e-001	 1.18930e-003
892	 4.3505859375e-001	-3.83583e-003
893	 4.3554687500e-001	-1.13572e-002
894	 4.3603515625e-001	-1.67232e-002
895	 4.3652343750e-001	-1.49082e-002
896	 4.3701171875e-001	-6.20361e-003
897	 4.3750000000e-001	 5.49002e-003
898	 4.3798828125e-001	 1.08907e-002
899	 4.3847656250e-001	 6.88564e-003
900	 4.3896484375e-001	 9.99310e-004
901	 4.3945312500e-001	-9.64489e-004
902	 4.3994140625e-001	-2.09516e-003
903	 4.4042968750e-001	-6.43491e-003
904	 4.4091796875e-001	-1.07478e-002
905	 4.4140625000e-001	-1.01418e-002
906	 4.4189453125e-001	-5.97364e-003
907	 4.4238281250e-001	-1.06972e-003
908	 4.4287109375e-001	-1.22922e-003
909	 4.4335937500e-001	-4.76612e-003
910	 4.4384765625e-001	-4.93816e-003
911	 4.4433593750e-001	 9.42745e-004
912	 4.4482421875e-001	 6.00465e-003
913	 4.4531250000e-001	 7.16263e-003
914	 4.4580078125e-001	 9.12328e-003
915	 4.4628906250e-001	 8.06737e-003
916	 4.4677734375e-001	 6.07379e-003
917	 4.4726562500e-001	 5.33542e-003
918	 4.4775390625e-001	 1.35689e-003
919	 4.4824218750e-001	-1.92901e-003
920	 4.4873046875e-001	 6.02175e-004
921	 4.4921875000e-001	 5.50744e-003
922	 4.4970703125e-001	 9.89997e-003
923	 4.5019531250e-001	 1.16486e-002
924	 4.5068359375e-001	 4.15656e-003
925	 4.5117187500e-001	-5.64436e-003
926	 4.5166015625e-001	-1.14351e-002
927	 4.5214843750e-001	-1.82580e-002
928	 4.5263671875e-001	-2.19186e-002
929	 4.5312500000e-001	-1.94926e-002
930	 4.5361328125e-001	-1.19006e-002
931	 4.5410156250e-001	-3.30079e-004
932	 4.5458984375e-001	 7.68099e-003
933	 4.5507812500e-001	 9.79514e-003
934	 4.5556640625e-001	 8.75297e-003
935	 4.5605468750e-001	 6.82250e-003
936	 4.5654296875e-001	 3.93768e-003
937	 4.5703125000e-001	-2.15013e-003
938	 4.5751953125e-001	-5.20798e-003
939	 4.5800781250e-001	-3.33691e-003
940	 4.5849609375e-001	-4.02203e-003
941	 4.5898437500e-001	-4.76246e-003
942	 4.5947265625e-001	-3.00081e-003
943	 4.5996093750e-001	-2.65446e-003
944	 4.6044921875e-001	-5.93471e-003
945	 4.6093750000e-001	-6.31959e-003
946	 4.6142578125e-001	-1.89033e-003
947	 4.6191406250e-001	 1.54780e-003
948	 4.6240234375e-001	 5.23110e-003
949	 4.6289062500e-001	 2.18852e-003
950	 4.6337890625e-001	-2.57687e-003
951	 4.6386718750e-001	 2.05969e-003
952	 4.6435546875e-001	 6.87813e-003
953	 4.6484375000e-001	 5.53328e-003
954	 4.6533203125e-001	 4.24332e-003
955	 4.6582031250e-001	 9.95522e-003
956	 4.6630859375e-001	 1.73951e-002
957	 4.6679687500e-001	 1.97883e-002
958	 4.6728515625e-001	 1.33045e-002
959	 4.6777343750e-001	 1.64163e-003
960	 4.6826171875e-001	-7.52137e-003
961	 4.6875000000e-001	-1.42264e-002
962	 4.6923828125e-001	-1.85135e-002
963	 4.6972656250e-001	-2.00621e-002
964	 4.7021484375e-001	-1.50812e-002
965	 4.7070312500e-001	-5.87333e-003
966	 4.7119140625e-001	 7.87831e-004
967	 4.7167968750e-001	 4.78517e-003
968	 4.7216796875e-001	 5.34359e-003
969	 4.7265625000e-001	 8.94218e-004
970	 4.7314453125e-001	-1.59221e-003
971	 4.7363281250e-001	-1.55254e-003
972	 4.7412109375e-001	-4.01803e-003
973	 4.7460937500e-001	-3.90837e-003
974	 4.7509765625e-001	-2.33761e-003
975	 4.7558593750e-001	-1.77801e-003
976	 4.7607421875e-001	 2.74261e-005
977	 4.7656250000e-001	 2.11681e-003
978	 4.7705078125e-001	 7.00757e-004
979	 4.7753906250e-001	 7.67492e-004
980	 4.7802734375e-001	 3.74850e-003
981	 4.7851562500e-001	 4.35666e-003
982	 4.7900390625e-001	 5.48580e-003
983	 4.7949218750e-001	 3.09355e-003
984	 4.7998046875e-001	-1.42841e-003
985	 4.8046875000e-001	-3.90589e-003
986	 4.8095703125e-001	-4.09751e-003
987	 4.8144531250e-001	-1.10393e-003
988	 4.8193359375e-001	-1.07015e-004
989	 4.8242187500e-001	 2.94297e-003
990	 4.8291015625e-001	 9.32511e-003
991	 4.8339843750e-001	 1.28491e-002
992	 4.8388671875e-001	 1.17247e-002
993	 4.8437500000e-001	 6.18358e-003
994	 4.8486328125e-001	-2.38462e-003
995	 4.8535156250e-001	-1.12406e-002
996	 4.8583984375e-001	-1.53495e-002
997	 4.8632812500e-001	-1.37526e-002
998	 4.8681640625e-001	-8.40375e-003
999	 4.8730468750e-001	-3.89921e-004
1000	 4.8779296875e-001	 3.72969e-003
1001	 4.8828125000e-001	 4.63755e-003
1002	 4.8876953125e-001	 5.64472e-003
1003	 4.8925781250e-001	 3.34703e-003
1004	 4.8974609375e-001	-2.62485e-003
1005	 4.9023437500e-001	-9.03239e-003
1006	 4.9072265625e-001	-1.06362e-002
1007	 4.9121093750e-001	-9.10140e-003
1008	 4.9169921875e-001	-7.06260e-003
1009	 4.9218750000e-001	-5.81009e-003
1010	 4.9267578125e-001	-6.81523e-003
1011	 4.9316406250e-001	-5.48870e-003
1012	 4.9365234375e-001	-3.50671e-003
1013	 4.9414062500e-001	-2.91362e-003
1014	 4.9462890625e-001	-1.74818e-004
1015	 4.9511718750e-001	 5.26494e-003
1016	 4.9560546875e-001	 1.02654e-002
1017	 4.9609375000e-001	 1.10688e-002
1018	 4.9658203125e-001	 7.45533e-003
1019	 4.9707031250e-001	 3.51671e-003
1020	 4.9755859375e-001	 1.61496e-003
1021	 4.9804687500e-001	-1.82887e-004
1022	 4.9853515625e-001	-5.56440e-004
1023	 4.9902343750e-001	 1.20974e-003
1024	 4.9951171875e-001	 5.40293e-003
1025	 5.0000000000e-001	 8.91414e-003
1026	 5.0048828125e-001	 5.87999e-003
1027	 5.0097656250e-001	-1.45816e-003
1028	 5.0146484375e-001	-6.71150e-003
1029	 5.0195312500e-001	-1.39153e-002
1030	 5.0244140625e-001	-2.20303e-002
1031	 5.0292968750e-001	-2.18927e-002
1032	 5.0341796875e-001	-1.46582e-002
1033	 5.0390625000e-001	-2.88135e-003
1034	 5.0439453125e-001	 4.66004e-003
1035	 5.0488281250e-001	 4.38056e-003
1036	 5.0537109375e-001	 5.73351e-003
1037	 5.0585937500e-001	 7.21199e-003
1038	 5.0634765625e-001	 4.98484e-003
1039	 5.0683593750e-001	-2.49463e-003
1040	 5.0732421875e-001	-9.48206e-003
1041	 5.0781250000e-001	-9.28945e-003
1042	 5.0830078125e-001	-5.62489e-003
1043	 5.0878906250e-001	-2.71233e-003
1044	 5.0927734375e-001	-4.45644e-003
1045	 5.0976562500e-001	-9.01543e-003
1046	 5.1025390625e-001	-9.50388e-003
1047	 5.1074218750e-001	-6.42820e-003
1048	 5.1123046875e-001	-4.03448e-003
1049	 5.1171875000e-001	-3.09518e-003
1050	 5.1220703125e-001	-9.31463e-004
1051	 5.1269531250e-001	 1.28869e-003
1052	 5.1318359375e-001	 4.01185e-003
1053	 5.1367187500e-001	 5.95499e-003
1054	 5.1416015625e-001	 2.16343e-003
1055	 5.1464843750e-001	-2.07747e-003
1056	 5.1513671875e-001	 2.89470e-003
1057	 5.1562500000e-001	 1.22010e-002
1058	 5.1611328125e-001	 1.70609e-002
1059	 5.1660156250e-001	 1.62345e-002
1060	 5.1708984375e-001	 1.06418e-002
1061	 5.1757812500e-001	 5.27487e-003
1062	 5.1806640625e-001	 1.83801e-003
1063	 5.1855468750e-001	-7.97613e-003
1064	 5.1904296875e-001	-2.24568e-002
1065	 5.1953125000e-001	-2.56284e-002
1066	 5.2001953125e-001	-1.55789e-002
1067	 5.2050781250e-001	-3.97368e-003
1068	 5.2099609375e-001	 4.63958e-005
1069	 5.2148437500e-001	-1.77723e-003
1070	 5.2197265625e-001	-2.20966e-004
1071	 5.2246093750e-001	 5.25187e-003
1072	 5.2294921875e-001	 4.04806e-003
1073	 5.2343750000e-001	-3.25832e-003
1074	 5.2392578125e-001	-8.28938e-003
1075	 5.2441406250e-001	-5.68697e-003
1076	 5.2490234375e-001	 1.63526e-003
1077	 5.2539062500e-001	 3.09583e-003
1078	 5.2587890625e-001	-1.46896e-003
1079	 5.2636718750e-001	-2.81174e-003
1080	 5.2685546875e-001	-8.50376e-004
1081	 5.2734375000e-001	 2.37964e-003
1082	 5.2783203125e-001	 4.09101e-003
1083	 5.2832031250e-001	 2.01933e-003
1084	 5.2880859375e-001	 2.49801e-003
1085	 5.2929687500e-001	 2.64412e-003
1086	 5.2978515625e-001	 1.07530e-003
1087	 5.3027343750e-001	-9.52704e-004
1088	 5.3076171875e-001	-7.05131e-003
1089	 5.3125000000e-001	-8.64895e-003
1090	 5.3173828125e-001	-2.81105e-003
1091	 5.3222656250e-001	 3.33086e-003
1092	 5.3271484375e-001	 7.49085e-003
1093	 5.3320312500e-001	 1.06490e-002
1094	 5.3369140625e-001	 1.18218e-002
1095	 5.3417968750e-001	 9.40501e-003
1096	 5.3466796875e-001	 3.17586e-003
1097	 5.3515625000e-001	-7.55345e-003
1098	 5.3564453125e-001	-1.60670e-002
1099	 5.3613281250e-001	-1.64761e-002
1100	 5.3662109375e-001	-1.15854e-002
1101	 5.3710937500e-001	-4.07493e-003
1102	 5.3759765625e-001	 1.94531e-003
1103	 5.3808593750e-001	 3.51736e-003
1104	 5.3857421875e-001	 4.71775e-003
1105	 5.3906250000e-001	 4.96964e-003
1106	 5.3955078125e-001	 1.05752e-006
1107	 5.4003906250e-001	-5.37302e-003
1108	 5.4052734375e-001	-1.00872e-002
1109	 5.4101562500e-001	-9.80237e-003
1110	 5.4150390625e-001	-7.24581e-003
1111	 5.4199218750e-001	-5.92861e-003
1112	 5.4248046875e-001	-3.93130e-003
1113	 5.4296875000e-001	-3.03366e-003
1114	 5.4345703125e-001	-9.84121e-004
1115	 5.4394531250e-001	-1.19134e-003
1116	 5.4443359375e-001	 2.40795e-003
1117	 5.4492187500e-001	 7.36969e-003
1118	 5.4541015625e-001	 1.12657e-002
1119	 5.4589843750e-001	 1.35217e-002
1120	 5.4638671875e-001	 8.32568e-003
1121	 5.4687500000e-001	 4.69832e-003
1122	 5.4736328125e-001	 3.89223e-003
1123	 5.4785156250e-001	 3.95294e-003
1124	 5.4833984375e-001	 4.58337e-003
1125	 5.4882812500e-001	 5.53926e-003
1126	 5.4931640625e-001	 8.26923e-003
1127	 5.4980468750e-001	 1.13332e-002
1128	 5.5029296875e-001	 1.22328e-002
1129	 5.5078125000e-001	 4.96157e-003
1130	 5.5126953125e-001	-5.91419e-003
1131	 5.5175781250e-001	-1.37059e-002
1132	 5.5224609375e-001	-1.91015e-002
1133	 5.5273437500e-001	-1.97313e-002
1134	 5.5322265625e-001	-1.57079e-002
1135	 5.5371093750e-001	-7.82255e-003
1136	 5.5419921875e-001	 1.82482e-003
1137	 5.5468750000e-001	 8.95253e-003
1138	 5.5517578125e-001	 1.08919e-002
1139	 5.5566406250e-001	 9.20735e-003
1140	 5.5615234375e-001	 5.42521e-003
1141	 5.5664062500e-001	 7.59564e-004
1142	 5.5712890625e-001	-1.51100e-003
1143	 5.5761718750e-001	-1.21311e-003
1144	 5.5810546875e-001	-2.23042e-003
1145	 5.5859375000e-001	-3.94116e-003
1146	 5.5908203125e-001	-3.95371e-003
1147	 5.5957031250e-001	-1.78676e-003
1148	 5.6005859375e-001	-4.48401e-004
1149	 5.6054687500e-001	-4.40675e-003
1150	 5.6103515625e-001	-6.62221e-003
1151	 5.6152343750e-001	-2.34501e-003
1152	 5.6201171875e-001	 5.39844e-003
1153	 5.6250000000e-001	 8.81699e-003
1154	 5.6298828125e-001	 2.73719e-003
1155	 5.6347656250e-001	-1.49409e-003
1156	 5.6396484375e-001	 6.82113e-004
1157	 5.6445312500e-001	 4.33679e-003
1158	 5.6494140625e-001	 6.19858e-003
1159	 5.6542968750e-001	 5.34697e-003
1160	 5.6591796875e-001	 7.84501e-003
1161	 5.6640625000e-001	 1.70659e-002
1162	 5.6689453125e-001	 2.15696e-002
1163	 5.6738281250e-001	 1.37035e-002
1164	 5.6787109375e-001	 1.07870e-003
1165	 5.6835937500e-001	-8.90213e-003
1166	 5.6884765625e-001	-1.50527e-002
1167	 5.6933593750e-001	-1.76801e-002
1168	 5.6982421875e-001	-1.74361e-002
1169	 5.7031250000e-001	-1.43344e-002
1170	 5.7080078125e-001	-7.54434e-003
1171	 5.7128906250e-001	 1.01526e-003
1172	 5.7177734375e-001	 7.24831e-003
1173	 5.7226562500e-001	 7.97921e-003
1174	 5.7275390625e-001	 1.47031e-003
1175	 5.7324218750e-001	-1.97862e-003
1176	 5.7373046875e-001	 1.48739e-003
1177	 5.7421875000e-001	 2.90837e-003
1178	 5.7470703125e-001	 1.55207e-003
1179	 5.7519531250e-001	-1.23599e-003
1180	 5.7568359375e-001	-1.67264e-003
1181	 5.7617187500e-001	 3.68925e-003
1182	 5.7666015625e-001	 6.38592e-003
1183	 5.7714843750e-001	 5.84415e-004
1184	 5.7763671875e-001	-1.42619e-003
1185	 5.7812500000e-001	 4.57318e-003
1186	 5.7861328125e-001	 9.32946e-003
1187	 5.7910156250e-001	 1.03863e-002
1188	 5.7958984375e-001	 3.48834e-003
1189	 5.8007812500e-001	-3.35305e-003
1190	 5.8056640625e-001	-1.62104e-003
1191	 5.8105468750e-001	 1.96846e-003
1192	 5.8154296875e-001	 1.16405e-003
1193	 5.8203125000e-001	 3.46149e-004
1194	 5.8251953125e-001	 7.05558e-003
1195	 5.8300781250e-001	 1.57161e-002
1196	 5.8349609375e-001	 1.94712e-002
1197	 5.8398437500e-001	 1.46332e-002
1198	 5.8447265625e-001	 4.80178e-003
1199	 5.8496093750e-001	-1.91840e-003
1200	 5.8544921875e-001	-6.42481e-003
1201	 5.8593750000e-001	-1.01534e-002
1202	 5.8642578125e-001	-1.14007e-002
1203	 5.8691406250e-001	-7.35147e-003
1204	 5.8740234375e-001	 3.80703e-004
1205	 5.8789062500e-001	 6.59168e-003
1206	 5.8837890625e-001	 8.71540e-003
1207	 5.8886718750e-001	 6.58985e-003
1208	 5.8935546875e-001	 8.37336e-004
1209	 5.8984375000e-001	-3.14019e-003
1210	 5.9033203125e-001	-4.61524e-003
1211	 5.9082031250e-001	-7.21643e-003
1212	 5.9130859375e-001	-7.46098e-003
1213	 5.9179687500e-001	-5.05706e-003
1214	 5.9228515625e-001	-3.36552e-003
1215	 5.9277343750e-001	-1.77828e-003
1216	 5.9326171875e-001	-1.61071e-003
1217	 5.9375000000e-001	-3.09061e-003
1218	 5.9423828125e-001	-6.61059e-006
1219	 5.9472656250e-001	 6.17063e-003
1220	 5.9521484375e-001	 1.07486e-002
1221	 5.9570312500e-001	 1.22673e-002
1222	 5.9619140625e-001	 1.09248e-002
1223	 5.9667968750e-001	 7.34326e-003
1224	 5.9716796875e-001	 4.47174e-003
1225	 5.9765625000e-001	 3.12452e-003
1226	 5.9814453125e-001	-1.47657e-004
1227	 5.9863281250e-001	-1.21504e-003
1228	 5.9912109375e-001	 3.46612e-003
1229	 5.9960937500e-001	 1.14816e-002
1230	 6.0009765625e-001	 1.35352e-002
1231	 6.0058593750e-001	 6.06706e-003
1232	 6.0107421875e-001	-1.79907e-003
1233	 6.0156250000e-001	-8.64005e-003
1234	 6.0205078125e-001	-1.59406e-002
1235	 6.0253906250e-001	-1.97003e-002
1236	 6.0302734375e-001	-2.09687e-002
1237	 6.0351562500e-001	-1.44386e-002
1238	 6.0400390625e-001	 1.20952e-003
1239	 6.0449218750e-001	 9.76022e-003
1240	 6.0498046875e-001	 9.56512e-003
1241	 6.0546875000e-001	 9.22095e-003
1242	 6.0595703125e-001	 7.90548e-003
1243	 6.0644531250e-001	 7.50065e-003
1244	 6.0693359375e-001	 3.96370e-003
1245	 6.0742187500e-001	-3.43082e-003
1246	 6.0791015625e-001	-6.87193e-003
1247	 6.0839843750e-001	-3.54372e-003
1248	 6.0888671875e-001	 4.06144e-004
1249	 6.0937500000e-001	-1.03148e-003
1250	 6.0986328125e-001	-5.71823e-003
1251	 6.1035156250e-001	-9.16837e-003
1252	 6.1083984375e-001	-5.67079e-003
1253	 6.1132812500e-001	 1.05083e-003
1254	 6.1181640625e-001	 3.56764e-003
1255	 6.1230468750e-001	 1.75986e-003
1256	 6.1279296875e-001	-2.38852e-004
1257	 6.1328125000e-001	 3.83340e-003
1258	 6.1376953125e-001	 7.70870e-003
1259	 6.1425781250e-001	 3.04623e-003
1260	 6.1474609375e-001	-9.42571e-004
1261	 6.1523437500e-001	 2.30297e-003
1262	 6.1572265625e-001	 1.10555e-002
1263	 6.1621093750e-001	 1.98599e-002
1264	 6.1669921875e-001	 1.69980e-002
1265	 6.1718750000e-001	 7.57646e-003
1266	 6.1767578125e-001	 2.56365e-003
1267	 6.1816406250e-001	 1.42619e-003
1268	 6.1865234375e-001	-7.00081e-003
1269	 6.1914062500e-001	-2.09536e-002
1270	 6.1962890625e-001	-2.58740e-002
1271	 6.2011718750e-001	-1.56300e-002
1272	 6.2060546875e-001	-6.30071e-004
1273	 6.2109375000e-001	 2.29827e-003
1274	 6.2158203125e-001	-2.99748e-003
1275	 6.2207031250e-001	-3.51094e-003
1276	 6.2255859375e-001	 4.44311e-003
1277	 6.2304687500e-001	 8.15333e-003
1278	 6.2353515625e-001	 1.78059e-004
1279	 6.2402343750e-001	-7.61880e-003
1280	 6.2451171875e-001	-5.01492e-003
1281	 6.2500000000e-001	 3.59683e-003
1282	 6.2548828125e-001	 7.43196e-003
1283	 6.2597656250e-001	 3.67041e-003
1284	 6.2646484375e-001	-2.73718e-003
1285	 6.2695312500e-001	-3.60648e-003
1286	 6.2744140625e-001	 3.79432e-003
1287	 6.2792968750e-001	 7.60865e-003
1288	 6.2841796875e-001	 4.71873e-003
1289	 6.2890625000e-001	 4.04073e-003
1290	 6.2939453125e-001	 2.72521e-003
1291	 6.2988281250e-001	 2.85792e-003
1292	 6.3037109375e-001	 2.60407e-003
1293	 6.3085937500e-001	-4.96424e-003
1294	 6.3134765625e-001	-8.59484e-003
1295	 6.3183593750e-001	-2.85542e-003
1296	 6.3232421875e-001	 8.13964e-003
1297	 6.3281250000e-001	 1.44418e-002
1298	 6.3330078125e-001	 1.34774e-002
1299	 6.3378906250e-001	 9.57974e-003
1300	 6.3427734375e-001	 6.52467e-003
1301	 6.3476562500e-001	 3.98799e-003
1302	 6.3525390625e-001	-5.69233e-003
1303	 6.3574218750e-001	-1.65154e-002
1304	 6.3623046875e-001	-1.68810e-002
1305	 6.3671875000e-001	-7.09467e-003
1306	 6.3720703125e-001	 3.29885e-003
1307	 6.3769531250e-001	 7.06749e-003
1308	 6.3818359375e-001	 6.35888e-003
1309	 6.3867187500e-001	 5.12398e-003
1310	 6.3916015625e-001	 3.44446e-003
1311	 6.3964843750e-001	 2.76431e-004
1312	 6.4013671875e-001	-6.27986e-003
1313	 6.4062500000e-001	-1.20826e-002
1314	 6.4111328125e-001	-1.08697e-002
1315	 6.4160156250e-001	-6.76461e-003
1316	 6.4208984375e-001	-4.15752e-003
1317	 6.4257812500e-001	-2.84069e-003
1318	 6.4306640625e-001	-2.43252e-003
1319	 6.4355468750e-001	-3.04153e-003
1320	 6.4404296875e-001	-9.43864e-004
1321	 6.4453125000e-001	 4.34210e-003
1322	 6.4501953125e-001	 7.45150e-003
1323	 6.4550781250e-001	 8.97250e-003
1324	 6.4599609375e-001	 9.05724e-003
1325	 6.4648437500e-001	 6.78723e-003
1326	 6.4697265625e-001	 6.52869e-003
1327	 6.4746093750e-001	 5.89817e-003
1328	 6.4794921875e-001	 5.10117e-004
1329	 6.4843750000e-001	-3.17579e-003
1330	 6.4892578125e-001	 1.07083e-003
1331	 6.4941406250e-001	 8.20176e-003
1332	 6.4990234375e-001	 1.21307e-002
1333	 6.5039062500e-001	 1.01982e-002
1334	 6.5087890625e-001	 2.73459e-003
1335	 6.5136718750e-001	-3.89541e-003
1336	 6.5185546875e-001	-1.05405e-002
1337	 6.5234375000e-001	-1.77360e-002
1338	 6.5283203125e-001	-2.00923e-002
1339	 6.5332031250e-001	-1.62858e-002
1340	 6.5380859375e-001	-5.96660e-003
1341	 6.5429687500e-001	 3.91398e-003
1342	 6.5478515625e-001	 7.13315e-003
1343	 6.5527343750e-001	 8.47083e-003
1344	 6.5576171875e-001	 9.50131e-003
1345	 6.5625000000e-001	 9.01175e-003
1346	 6.5673828125e-001	 5.45671e-003
1347	 6.5722656250e-001	-1.78376e-003
1348	 6.5771484375e-001	-5.27327e-003
1349	 6.5820312500e-001	-3.76684e-003
1350	 6.5869140625e-001	-2.38052e-003
1351	 6.5917968750e-001	-3.14443e-003
1352	 6.5966796875e-001	-5.70205e-003
1353	 6.6015625000e-001	-5.18792e-003
1354	 6.6064453125e-001	-3.33415e-003
1355	 6.6113281250e-001	-6.69159e-005
1356	 6.6162109375e-001	 2.99104e-003
1357	 6.6210937500e-001	 5.56159e-003
1358	 6.6259765625e-001	 7.33498e-003
1359	 6.6308593750e-001	 4.61621e-003
1360	 6.6357421875e-001	 4.04678e-003
1361	 6.6406250000e-001	 4.20748e-003
1362	 6.6455078125e-001	 4.40497e-003
1363	 6.6503906250e-001	 6.16575e-003
1364	 6.6552734375e-001	 1.05667e-002
1365	 6.6601562500e-001	 1.58327e-002
1366	 6.6650390625e-001	 1.77643e-002
1367	 6.6699218750e-001	 1.70008e-002
1368	 6.6748046875e-001	 1.10756e-002
1369	 6.6796875000e-001	 1.17162e-003
1370	 6.6845703125e-001	-9.96657e-003
1371	 6.6894531250e-001	-1.93653e-002
1372	 6.6943359375e-001	-1.90607e-002
1373	 6.6992187500e-001	-1.16148e-002
1374	 6.7041015625e-001	-7.13329e-003
1375	 6.7089843750e-001	-4.64355e-003
1376	 6.7138671875e-001	-1.73506e-003
1377	 6.7187500000e-001	 2.79982e-003
1378	 6.7236328125e-001	 3.74028e-003
1379	 6.7285156250e-001	-9.47489e-004
1380	 6.7333984375e-001	-4.27638e-003
1381	 6.7382812500e-001	-2.80794e-003
1382	 6.7431640625e-001	 2.88431e-003
1383	 6.7480468750e-001	 6.01429e-003
1384	 6.7529296875e-001	 4.51092e-003
1385	 6.7578125000e-001	 1.89407e-003
1386	 6.7626953125e-001	 2.63664e-003
1387	 6.7675781250e-001	 3.31269e-003
1388	 6.7724609375e-001	-1.88728e-004
1389	 6.7773437500e-001	-1.22378e-003
1390	 6.7822265625e-001	 9.68799e-004
1391	 6.7871093750e-001	 5.97186e-003
1392	 6.7919921875e-001	 8.38458e-003
1393	 6.7968750000e-001	 2.24574e-003
1394	 6.8017578125e-001	-3.35974e-003
1395	 6.8066406250e-001	-3.71124e-003
1396	 6.8115234375e-001	-1.66095e-003
1397	 6.8164062500e-001	-2.17788e-005
1398	 6.8212890625e-001	 1.88189e-003
1399	 6.8261718750e-001	 7.13415e-003
1400	 6.8310546875e-001	 1.34903e-002
1401	 6.8359375000e-001	 1.51292e-002
1402	 6.8408203125e-001	 1.15245e-002
1403	 6.8457031250e-001	 4.65718e-003
1404	 6.8505859375e-001	-6.85353e-003
1405	 6.8554687500e-001	-1.51062e-002
1406	 6.8603515625e-001	-1.49659e-002
1407	 6.8652343750e-001	-1.07626e-002
1408	 6.8701171875e-001	-4.12524e-003
1409	 6.8750000000e-001	 2.63304e-003
1410	 6.8798828125e-001	 6.61219e-003
1411	 6.8847656250e-001	 9.28409e-003
1412	 6.8896484375e-001	 8.02053e-003
1413	 6.8945312500e-001	 3.22924e-003
1414	 6.8994140625e-001	-2.71906e-003
1415	 6.9042968750e-001	-9.07458e-003
1416	 6.9091796875e-001	-9.94787e-003
1417	 6.9140625000e-001	-7.15186e-003
1418	 6.9189453125e-001	-5.78086e-003
1419	 6.9238281250e-001	-4.64759e-003
1420	 6.9287109375e-001	-2.32993e-003
1421	 6.9335937500e-001	-1.23337e-004
1422	 6.9384765625e-001	 1.52891e-003
1423	 6.9433593750e-001	 3.24654e-003
1424	 6.9482421875e-001	 4.39753e-003
1425	 6.9531250000e-001	 7.02043e-003
1426	 6.9580078125e-001	 9.23754e-003
1427	 6.9628906250e-001	 8.61659e-003
1428	 6.9677734375e-001	 7.27746e-003
1429	 6.9726562500e-001	 2.83217e-003
1430	 6.9775390625e-001	-4.01083e-004
1431	 6.9824218750e-001	 2.09392e-003
1432	 6.9873046875e-001	 5.32477e-003
1433	 6.9921875000e-001	 7.57014e-003
1434	 6.9970703125e-001	 8.12600e-003
1435	 7.0019531250e-001	 6.72004e-003
1436	 7.0068359375e-001	 2.98121e-003
1437	 7.0117187500e-001	-2.58962e-003
1438	 7.0166015625e-001	-1.13270e-002
1439	 7.0214843750e-001	-2.07090e-002
1440	 7.0263671875e-001	-2.15093e-002
1441	 7.0312500000e-001	-1.52934e-002
1442	 7.0361328125e-001	-7.76799e-003
1443	 7.0410156250e-001	-1.13995e-003
1444	 7.0458984375e-001	 2.69991e-003
1445	 7.0507812500e-001	 6.13138e-003
1446	 7.0556640625e-001	 1.05747e-002
1447	 7.0605468750e-001	 9.13099e-003
1448	 7.0654296875e-001	 3.32340e-003
1449	 7.0703125000e-001	-3.79327e-003
1450	 7.0751953125e-001	-5.04270e-003
1451	 7.0800781250e-001	-1.10882e-003
1452	 7.0849609375e-001	-2.13899e-003
1453	 7.0898437500e-001	-5.10971e-003
1454	 7.0947265625e-001	-8.58990e-003
1455	 7.0996093750e-001	-8.65287e-003
1456	 7.1044921875e-001	-4.88653e-003
1457	 7.1093750000e-001	-3.93334e-003
1458	 7.1142578125e-001	-3.39369e-003
1459	 7.1191406250e-001	 6.84020e-004
1460	 7.1240234375e-001	 4.66379e-003
1461	 7.1289062500e-001	 4.67169e-003
1462	 7.1337890625e-001	 1.45841e-003
1463	 7.1386718750e-001	-8.56161e-004
1464	 7.1435546875e-001	-2.93753e-004
1465	 7.1484375000e-001	 2.00158e-003
1466	 7.1533203125e-001	 4.49773e-003
1467	 7.1582031250e-001	 9.52745e-003
1468	 7.1630859375e-001	 1.58103e-002
1469	 7.1679687500e-001	 1.71762e-002
1470	 7.1728515625e-001	 1.14600e-002
1471	 7.1777343750e-001	 2.93517e-003
1472	 7.1826171875e-001	-5.75272e-003
1473	 7.1875000000e-001	-1.65148e-002
1474	 7.1923828125e-001	-2.22851e-002
1475	 7.1972656250e-001	-2.12627e-002
1476	 7.2021484375e-001	-1.43337e-002
1477	 7.2070312500e-001	-3.11514e-003
1478	 7.2119140625e-001	 2.12642e-003
1479	 7.2167968750e-001	 1.23130e-003
1480	 7.2216796875e-001	 1.87269e-003
1481	 7.2265625000e-001	 2.25195e-003
1482	 7.2314453125e-001	-1.25699e-003
1483	 7.2363281250e-001	-4.52251e-003
1484	 7.2412109375e-001	-4.86662e-003
1485	 7.2460937500e-001	-1.86464e-003
1486	 7.2509765625e-001	 3.13772e-003
1487	 7.2558593750e-001	 5.17979e-003
1488	 7.2607421875e-001	 2.48635e-003
1489	 7.2656250000e-001	-3.46052e-004
1490	 7.2705078125e-001	-2.11421e-003
1491	 7.2753906250e-001	-5.09971e-004
1492	 7.2802734375e-001	 3.91674e-003
1493	 7.2851562500e-001	 5.27104e-003
1494	 7.2900390625e-001	 3.30850e-003
1495	 7.2949218750e-001	 7.45269e-004
1496	 7.2998046875e-001	 8.43443e-005
1497	 7.3046875000e-001	-5.11001e-005
1498	 7.3095703125e-001	-3.65343e-003
1499	 7.3144531250e-001	-5.77340e-003
1500	 7.3193359375e-001	-2.19464e-003
1501	 7.3242187500e-001	 7.10679e-003
1502	 7.3291015625e-001	 1.58274e-002
1503	 7.3339843750e-001	 1.60502e-002
1504	 7.3388671875e-001	 1.02059e-002
1505	 7.3437500000e-001	 5.37885e-003
1506	 7.3486328125e-001	 5.91789e-004
1507	 7.3535156250e-001	-8.11851e-003
1508	 7.3583984375e-001	-1.50812e-002
1509	 7.3632812500e-001	-1.48352e-002
1510	 7.3681640625e-001	-7.22775e-003
1511	 7.3730468750e-001	 3.46438e-003
1512	 7.3779296875e-001	 7.67597e-003
1513	 7.3828125000e-001	 5.51054e-003
1514	 7.3876953125e-001	 5.28952e-003
1515	 7.3925781250e-001	 5.63773e-003
1516	 7.3974609375e-001	 6.35191e-004
1517	 7.4023437500e-001	-5.84029e-003
1518	 7.4072265625e-001	-8.40533e-003
1519	 7.4121093750e-001	-8.89658e-003
1520	 7.4169921875e-001	-6.13929e-003
1521	 7.4218750000e-001	-2.92091e-003
1522	 7.4267578125e-001	-1.91234e-003
1523	 7.4316406250e-001	-2.77807e-004
1524	 7.4365234375e-001	-1.71555e-003
1525	 7.4414062500e-001	-4.54027e-004
1526	 7.4462890625e-001	 7.00672e-003
1527	 7.4511718750e-001	 1.29426e-002
1528	 7.4560546875e-001	 1.39921e-002
1529	 7.4609375000e-001	 9.12336e-003
1530	 7.4658203125e-001	 4.68415e-003
1531	 7.4707031250e-001	 4.05021e-003
1532	 7.4755859375e-001	 3.56348e-003
1533	 7.4804687500e-001	 4.93215e-004
1534	 7.4853515625e-001	-7.68327e-004
1535	 7.4902343750e-001	 3.29544e-003
1536	 7.4951171875e-001	 8.68366e-003
1537	 7.5000000000e-001	 1.13350e-002
1538	 7.5048828125e-001	 6.24981e-003
1539	 7.5097656250e-001	-2.55267e-003
1540	 7.5146484375e-001	-9.44900e-003
1541	 7.5195312500e-001	-1.48234e-002
1542	 7.5244140625e-001	-1.71281e-002
1543	 7.5292968750e-001	-1.77429e-002
1544	 7.5341796875e-001	-1.43606e-002
1545	 7.5390625000e-001	-4.93631e-003
1546	 7.5439453125e-001	 5.36150e-003
1547	 7.5488281250e-001	 1.14281e-002
1548	 7.5537109375e-001	 1.02855e-002
1549	 7.5585937500e-001	 6.47376e-003
1550	 7.5634765625e-001	 4.57080e-003
1551	 7.5683593750e-001	 4.98851e-003
1552	 7.5732421875e-001	 3.19897e-003
1553	 7.5781250000e-001	-3.26800e-004
1554	 7.5830078125e-001	-1.66348e-003
1555	 7.5878906250e-001	-2.78313e-003
1556	 7.5927734375e-001	-1.50254e-003
1557	 7.5976562500e-001	-2.58731e-003
1558	 7.6025390625e-001	-9.41373e-003
1559	 7.6074218750e-001	-1.00601e-002
1560	 7.6123046875e-001	-2.76745e-003
1561	 7.6171875000e-001	 2.33121e-003
1562	 7.6220703125e-001	 6.87928e-003
1563	 7.6269531250e-001	 6.02464e-003
1564	 7.6318359375e-001	 2.02389e-003
1565	 7.6367187500e-001	 4.92721e-003
1566	 7.6416015625e-001	 6.10509e-003
1567	 7.6464843750e-001	 3.74752e-003
1568	 7.6513671875e-001	 3.77674e-003
1569	 7.6562500000e-001	 7.24651e-003
1570	 7.6611328125e-001	 1.40839e-002
1571	 7.6660156250e-001	 1.88101e-002
1572	 7.6708984375e-001	 1.63023e-002
1573	 7.6757812500e-001	 6.30454e-003
1574	 7.6806640625e-001	-2.74603e-003
1575	 7.6855468750e-001	-9.88265e-003
1576	 7.6904296875e-001	-1.69347e-002
1577	 7.6953125000e-001	-1.94973e-002
1578	 7.7001953125e-001	-1.68492e-002
1579	 7.7050781250e-001	-7.92670e-003
1580	 7.7099609375e-001	-1.65604e-003
1581	 7.7148437500e-001	 1.21175e-003
1582	 7.7197265625e-001	 3.74576e-003
1583	 7.7246093750e-001	 2.09152e-003
1584	 7.7294921875e-001	-1.10081e-003
1585	 7.7343750000e-001	-2.58469e-003
1586	 7.7392578125e-001	-4.42261e-003
1587	 7.7441406250e-001	-2.95966e-003
1588	 7.7490234375e-001	-2.57924e-004
1589	 7.7539062500e-001	-1.92662e-004
1590	 7.7587890625e-001	 1.52924e-004
1591	 7.7636718750e-001	 5.61974e-004
1592	 7.7685546875e-001	-2.92899e-004
1593	 7.7734375000e-001	-1.92363e-003
1594	 7.7783203125e-001	-1.31965e-003
1595	 7.7832031250e-001	 1.31444e-003
1596	 7.7880859375e-001	 3.58307e-003
1597	 7.7929687500e-001	 3.01158e-003
1598	 7.7978515625e-001	-2.76428e-003
1599	 7.8027343750e-001	-6.59623e-003
1600	 7.8076171875e-001	-5.26638e-003
1601	 7.8125000000e-001	-4.22645e-003
1602	 7.8173828125e-001	-4.05607e-003
1603	 7.8222656250e-001	-1.82974e-003
1604	 7.8271484375e-001	 5.22043e-003
1605	 7.8320312500e-001	 1.10269e-002
1606	 7.8369140625e-001	 1.08030e-002
1607	 7.8417968750e-001	 5.74559e-003
1608	 7.8466796875e-001	-1.87621e-003
1609	 7.8515625000e-001	-1.02953e-002
1610	 7.8564453125e-001	-1.54499e-002
1611	 7.8613281250e-001	-1.43463e-002
1612	 7.8662109375e-001	-1.06970e-002
1613	 7.8710937500e-001	-2.93496e-003
1614	 7.8759765625e-001	 4.11682e-003
1615	 7.8808593750e-001	 6.15104e-003
1616	 7.8857421875e-001	 8.24850e-003
1617	 7.8906250000e-001	 6.37604e-003
1618	 7.8955078125e-001	 1.07879e-003
1619	 7.9003906250e-001	-2.93019e-003
1620	 7.9052734375e-001	-8.45266e-003
1621	 7.9101562500e-001	-1.09446e-002
1622	 7.9150390625e-001	-8.62050e-003
1623	 7.9199218750e-001	-7.56699e-003
1624	 7.9248046875e-001	-5.13769e-003
1625	 7.9296875000e-001	-3.54102e-003
1626	 7.9345703125e-001	-3.98559e-003
1627	 7.9394531250e-001	-2.06150e-003
1628	 7.9443359375e-001	 3.33518e-003
1629	 7.9492187500e-001	 8.10605e-003
1630	 7.9541015625e-001	 9.96520e-003
1631	 7.9589843750e-001	 1.07388e-002
1632	 7.9638671875e-001	 8.36929e-003
1633	 7.9687500000e-001	 5.71238e-003
1634	 7.9736328125e-001	 3.56887e-003
1635	 7.9785156250e-001	 8.87716e-005
1636	 7.9833984375e-001	 7.86096e-004
1637	 7.9882812500e-001	 5.15575e-003
1638	 7.9931640625e-001	 8.41166e-003
1639	 7.9980468750e-001	 8.58583e-003
1640	 8.0029296875e-001	 4.50633e-003
1641	 8.0078125000e-001	-5.10771e-004
1642	 8.0126953125e-001	-4.20122e-003
1643	 8.0175781250e-001	-1.22916e-002
1644	 8.0224609375e-001	-2.29931e-002
1645	 8.0273437500e-001	-2.45856e-002
1646	 8.0322265625e-001	-1.65405e-002
1647	 8.0371093750e-001	-3.43801e-003
1648	 8.0419921875e-001	 3.83070e-003
1649	 8.0468750000e-001	 2.43584e-003
1650	 8.0517578125e-001	 3.89192e-003
1651	 8.0566406250e-001	 7.37245e-003
1652	 8.0615234375e-001	 7.00035e-003
1653	 8.0664062500e-001	 4.08191e-005
1654	 8.0712890625e-001	-5.78321e-003
1655	 8.0761718750e-001	-5.77847e-003
1656	 8.0810546875e-001	-1.50073e-003
1657	 8.0859375000e-001	-5.23602e-004
1658	 8.0908203125e-001	-6.09552e-003
1659	 8.0957031250e-001	-9.97805e-003
1660	 8.1005859375e-001	-1.10338e-002
1661	 8.1054687500e-001	-7.37661e-003
1662	 8.1103515625e-001	-4.65257e-003
1663	 8.1152343750e-001	-4.64434e-003
1664	 8.1201171875e-001	-4.10960e-004
1665	 8.1250000000e-001	 2.83987e-003
1666	 8.1298828125e-001	 4.25980e-003
1667	 8.1347656250e-001	 4.30755e-003
1668	 8.1396484375e-001	-5.57503e-004
1669	 8.1445312500e-001	-2.51479e-003
1670	 8.1494140625e-001	 2.76246e-003
1671	 8.1542968750e-001	 8.37222e-003
1672	 8.1591796875e-001	 1.30136e-002
1673	 8.1640625000e-001	 1.47033e-002
1674	 8.1689453125e-001	 1.04076e-002
1675	 8.1738281250e-001	 6.87250e-003
1676	 8.1787109375e-001	 1.65471e-003
1677	 8.1835937500e-001	-9.73197e-003
1678	 8.1884765625e-001	-1.96553e-002
1679	 8.1933593750e-001	-2.40704e-002
1680	 8.1982421875e-001	-1.92795e-002
1681	 8.2031250000e-001	-9.25062e-003
1682	 8.2080078125e-001	-3.36312e-003
1683	 8.2128906250e-001	-2.91033e-003
1684	 8.2177734375e-001	-1.49060e-003
1685	 8.2226562500e-001	 5.52684e-004
1686	 8.2275390625e-001	-6.28917e-004
1687	 8.2324218750e-001	-3.27410e-003
1688	 8.2373046875e-001	-7.57068e-003
1689	 8.2421875000e-001	-7.49168e-003
1690	 8.2470703125e-001	-1.59344e-003
1691	 8.2519531250e-001	 2.04619e-003
1692	 8.2568359375e-001	 1.27252e-003
1693	 8.2617187500e-001	-7.96654e-005
1694	 8.2666015625e-001	-1.90621e-003
1695	 8.2714843750e-001	-2.18989e-003
1696	 8.2763671875e-001	 7.51554e-004
1697	 8.2812500000e-001	 1.31460e-003
1698	 8.2861328125e-001	 8.82813e-004
1699	 8.2910156250e-001	 5.02445e-004
1700	 8.2958984375e-001	-1.15005e-003
1701	 8.3007812500e-001	-1.26004e-003
1702	 8.3056640625e-001	-3.71616e-003
1703	 8.3105468750e-001	-8.31261e-003
1704	 8.3154296875e-001	-8.06024e-003
1705	 8.3203125000e-001	-2.39067e-003
1706	 8.3251953125e-001	 6.09377e-003
1707	 8.3300781250e-001	 1.13279e-002
1708	 8.3349609375e-001	 8.66390e-003
1709	 8.3398437500e-001	 3.81915e-003
1710	 8.3447265625e-001	 8.11105e-004
1711	 8.3496093750e-001	-4.68940e-003
1712	 8.3544921875e-001	-1.32185e-002
1713	 8.3593750000e-001	-1.81580e-002
1714	 8.3642578125e-001	-1.54231e-002
1715	 8.3691406250e-001	-6.87646e-003
1716	 8.3740234375e-001	 5.90115e-004
1717	 8.3789062500e-001	 5.08821e-003
1718	 8.3837890625e-001	 3.82376e-003
1719	 8.3886718750e-001	 2.07832e-003
1720	 8.3935546875e-001	 2.08055e-003
1721	 8.3984375000e-001	-3.17400e-003
1722	 8.4033203125e-001	-9.47681e-003
1723	 8.4082031250e-001	-1.14162e-002
1724	 8.4130859375e-001	-8.64916e-003
1725	 8.4179687500e-001	-6.58480e-003
1726	 8.4228515625e-001	-5.92558e-003
1727	 8.4277343750e-001	-5.85939e-003
1728	 8.4326171875e-001	-4.62391e-003
1729	 8.4375000000e-001	-1.78701e-003
1730	 8.4423828125e-001	 1.67630e-003
1731	 8.4472656250e-001	 5.08303e-003
1732	 8.4521484375e-001	 9.16805e-003
1733	 8.4570312500e-001	 1.17393e-002
1734	 8.4619140625e-001	 7.43825e-003
1735	 8.4667968750e-001	 1.73695e-003
1736	 8.4716796875e-001	 5.68459e-004
1737	 8.4765625000e-001	 9.47877e-004
1738	 8.4814453125e-001	 3.21416e-004
1739	 8.4863281250e-001	-4.13545e-004
1740	 8.4912109375e-001	 3.80931e-004
1741	 8.4960937500e-001	 5.80432e-003
1742	 8.5009765625e-001	 9.39350e-003
1743	 8.5058593750e-001	 3.83156e-003
1744	 8.5107421875e-001	-6.56815e-003
1745	 8.5156250000e-001	-1.56757e-002
1746	 8.5205078125e-001	-1.92907e-002
1747	 8.5253906250e-001	-1.83916e-002
1748	 8.5302734375e-001	-1.60342e-002
1749	 8.5351562500e-001	-1.27427e-002
1750	 8.5400390625e-001	-5.95940e-003
1751	 8.5449218750e-001	 3.21045e-003
1752	 8.5498046875e-001	 9.43142e-003
1753	 8.5546875000e-001	 7.66493e-003
1754	 8.5595703125e-001	 6.46670e-004
1755	 8.5644531250e-001	-2.06453e-003
1756	 8.5693359375e-001	-1.63853e-003
1757	 8.5742187500e-001	-4.28664e-005
1758	 8.5791015625e-001	-1.98918e-003
1759	 8.5839843750e-001	-7.64136e-003
1760	 8.5888671875e-001	-7.76194e-003
1761	 8.5937500000e-001	-2.27462e-003
1762	 8.5986328125e-001	-2.71065e-003
1763	 8.6035156250e-001	-1.13015e-002
1764	 8.6083984375e-001	-1.43522e-002
1765	 8.6132812500e-001	-6.51276e-003
1766	 8.6181640625e-001	 4.92993e-003
1767	 8.6230468750e-001	 8.79708e-003
1768	 8.6279296875e-001	 1.75382e-003
1769	 8.6328125000e-001	-2.66027e-003
1770	 8.6376953125e-001	 3.33085e-003
1771	 8.6425781250e-001	 7.81791e-003
1772	 8.6474609375e-001	 4.77359e-003
1773	 8.6523437500e-001	 2.76342e-003
1774	 8.6572265625e-001	 7.14373e-003
1775	 8.6621093750e-001	 1.77457e-002
1776	 8.6669921875e-001	 2.26315e-002
1777	 8.6718750000e-001	 1.37300e-002
1778	 8.6767578125e-001	 1.30729e-003
1779	 8.6816406250e-001	-7.15707e-003
1780	 8.6865234375e-001	-1.31345e-002
1781	 8.6914062500e-001	-1.68644e-002
1782	 8.6962890625e-001	-1.98620e-002
1783	 8.7011718750e-001	-1.74074e-002
1784	 8.7060546875e-001	-6.29034e-003
1785	 8.7109375000e-001	 3.57339e-003
1786	 8.7158203125e-001	 7.24584e-003
1787	 8.7207031250e-001	 3.64328e-003
1788	 8.7255859375e-001	-1.18295e-003
1789	 8.7304687500e-001	-1.14052e-003
1790	 8.7353515625e-001	-8.19338e-004
1791	 8.7402343750e-001	-3.33428e-003
1792	 8.7451171875e-001	-4.39843e-003
1793	 8.7500000000e-001	-1.60069e-003
1794	 8.7548828125e-001	 6.28413e-004
1795	 8.7597656250e-001	 1.83538e-003
1796	 8.7646484375e-001	 9.96533e-004
1797	 8.7695312500e-001	-2.78450e-003
1798	 8.7744140625e-001	-2.71449e-003
1799	 8.7792968750e-001	 6.09960e-004
1800	 8.7841796875e-001	 3.15951e-003
1801	 8.7890625000e-001	 3.46948e-003
1802	 8.7939453125e-001	-4.89424e-004
1803	 8.7988281250e-001	-5.05844e-003
1804	 8.8037109375e-001	-5.18766e-003
1805	 8.8085937500e-001	-4.60031e-003
1806	 8.8134765625e-001	-5.59991e-003
1807	 8.8183593750e-001	-3.14543e-003
1808	 8.8232421875e-001	 2.26487e-003
1809	 8.8281250000e-001	 1.09848e-002
1810	 8.8330078125e-001	 1.38792e-002
1811	 8.8378906250e-001	 9.43379e-003
1812	 8.8427734375e-001	 4.43602e-003
1813	 8.8476562500e-001	-2.44624e-003
1814	 8.8525390625e-001	-9.13147e-003
1815	 8.8574218750e-001	-1.46522e-002
1816	 8.8623046875e-001	-1.48318e-002
1817	 8.8671875000e-001	-9.16779e-003
1818	 8.8720703125e-001	 4.72526e-004
1819	 8.8769531250e-001	 5.68797e-003
1820	 8.8818359375e-001	 4.98852e-003
1821	 8.8867187500e-001	 6.48310e-003
1822	 8.8916015625e-001	 4.63387e-003
1823	 8.8964843750e-001	 1.37573e-003
1824	 8.9013671875e-001	-2.65643e-003
1825	 8.9062500000e-001	-8.61344e-003
1826	 8.9111328125e-001	-7.53910e-003
1827	 8.9160156250e-001	-3.85410e-003
1828	 8.9208984375e-001	-4.83503e-003
1829	 8.9257812500e-001	-3.94712e-003
1830	 8.9306640625e-001	-1.00841e-003
1831	 8.9355468750e-001	-9.75689e-004
1832	 8.9404296875e-001	 2.47744e-003
1833	 8.9453125000e-001	 7.84139e-003
1834	 8.9501953125e-001	 1.10236e-002
1835	 8.9550781250e-001	 1.23731e-002
1836	 8.9599609375e-001	 1.10142e-002
1837	 8.9648437500e-001	 8.49110e-003
1838	 8.9697265625e-001	 6.83950e-003
1839	 8.9746093750e-001	 4.92622e-003
1840	 8.9794921875e-001	 2.29429e-003
1841	 8.9843750000e-001	 7.95295e-004
1842	 8.9892578125e-001	 4.96659e-003
1843	 8.9941406250e-001	 1.24882e-002
1844	 8.9990234375e-001	 1.24318e-002
1845	 9.0039062500e-001	 5.00046e-003
1846	 9.0087890625e-001	-2.02396e-003
1847	 9.0136718750e-001	-6.21746e-003
1848	 9.0185546875e-001	-1.18417e-002
1849	 9.0234375000e-001	-1.88895e-002
1850	 9.0283203125e-001	-2.04993e-002
1851	 9.0332031250e-001	-1.30954e-002
1852	 9.0380859375e-001	 6.54709e-004
1853	 9.0429687500e-001	 7.53865e-003
1854	 9.0478515625e-001	 5.68872e-003
1855	 9.0527343750e-001	 5.71469e-003
1856	 9.0576171875e-001	 5.92007e-003
1857	 9.0625000000e-001	 6.39058e-003
1858	 9.0673828125e-001	 1.43242e-003
1859	 9.0722656250e-001	-7.15896e-003
1860	 9.0771484375e-001	-6.66061e-003
1861	 9.0820312500e-001	-2.58685e-003
1862	 9.0869140625e-001	-7.42220e-005
1863	 9.0917968750e-001	-2.62326e-003
1864	 9.0966796875e-001	-1.03008e-002
1865	 9.1015625000e-001	-1.32314e-002
1866	 9.1064453125e-001	-9.09448e-003
1867	 9.1113281250e-001	-1.97317e-003
1868	 9.1162109375e-001	-1.63960e-004
1869	 9.1210937500e-001	-1.98531e-003
1870	 9.1259765625e-001	-3.93291e-004
1871	 9.1308593750e-001	 5.23996e-003
1872	 9.1357421875e-001	 8.03644e-003
1873	 9.1406250000e-001	 1.37549e-003
1874	 9.1455078125e-001	-3.89280e-003
1875	 9.1503906250e-001	 8.74412e-004
1876	 9.1552734375e-001	 1.13607e-002
1877	 9.1601562500e-001	 1.95205e-002
1878	 9.1650390625e-001	 1.86487e-002
1879	 9.1699218750e-001	 1.07893e-002
1880	 9.1748046875e-001	 8.20581e-003
1881	 9.1796875000e-001	 6.68917e-003
1882	 9.1845703125e-001	-6.22843e-003
1883	 9.1894531250e-001	-2.16664e-002
1884	 9.1943359375e-001	-2.63586e-002
1885	 9.1992187500e-001	-1.81201e-002
1886	 9.2041015625e-001	-2.56625e-003
1887	 9.2089843750e-001	 3.86324e-003
1888	 9.2138671875e-001	-6.70232e-004
1889	 9.2187500000e-001	-8.22803e-004
1890	 9.2236328125e-001	 4.13644e-003
1891	 9.2285156250e-001	 5.04127e-003
1892	 9.2333984375e-001	-1.26408e-003
1893	 9.2382812500e-001	-7.74299e-003
1894	 9.2431640625e-001	-7.50765e-003
1895	 9.2480468750e-001	 8.55052e-004
1896	 9.2529296875e-001	 5.23943e-003
1897	 9.2578125000e-001	 9.68538e-004
1898	 9.2626953125e-001	-2.70978e-003
1899	 9.2675781250e-001	-2.70291e-003
1900	 9.2724609375e-001	 2.03707e-003
1901	 9.2773437500e-001	 5.51023e-003
1902	 9.2822265625e-001	 3.31240e-003
1903	 9.2871093750e-001	 2.45706e-003
1904	 9.2919921875e-001	 2.57330e-003
1905	 9.2968750000e-001	 2.79932e-003
1906	 9.3017578125e-001	 2.52887e-003
1907	 9.3066406250e-001	-4.56132e-003
1908	 9.3115234375e-001	-9.20682e-003
1909	 9.3164062500e-001	-6.61214e-003
1910	 9.3212890625e-001	 5.32509e-004
1911	 9.3261718750e-001	 7.75578e-003
1912	 9.3310546875e-001	 9.13261e-003
1913	 9.3359375000e-001	 7.24057e-003
1914	 9.3408203125e-001	 5.68823e-003
1915	 9.3457031250e-001	 3.97244e-003
1916	 9.3505859375e-001	-4.14356e-003
1917	 9.3554687500e-001	-1.43272e-002
1918	 9.3603515625e-001	-1.64532e-002
1919	 9.3652343750e-001	-1.02826e-002
1920	 9.3701171875e-001	-1.21241e-003
1921	 9.3750000000e-001	 2.98836e-003
1922	 9.3798828125e-001	 5.75411e-004
1923	 9.3847656250e-001	 3.79702e-004
1924	 9.3896484375e-001	 2.73785e-003
1925	 9.3945312500e-001	 1.03226e-003
1926	 9.3994140625e-001	-3.48654e-003
1927	 9.4042968750e-001	-9.40490e-003
1928	 9.4091796875e-001	-9.23583e-003
1929	 9.4140625000e-001	-3.78301e-003
1930	 9.4189453125e-001	-2.32190e-003
1931	 9.4238281250e-001	-4.62850e-003
1932	 9.4287109375e-001	-5.07029e-003
1933	 9.4335937500e-001	-2.16699e-003
1934	 9.4384765625e-001	 1.21807e-003
1935	 9.4433593750e-001	 4.79814e-003
1936	 9.4482421875e-001	 7.68391e-003
1937	 9.4531250000e-001	 1.07428e-002
1938	 9.4580078125e-001	 1.45897e-002
1939	 9.4628906250e-001	 1.28455e-002
1940	 9.4677734375e-001	 8.61005e-003
1941	 9.4726562500e-001	 5.76483e-003
1942	 9.4775390625e-001	 3.06017e-003
1943	 9.4824218750e-001	 5.41981e-003
1944	 9.4873046875e-001	 8.03561e-003
1945	 9.4921875000e-001	 9.27356e-003
1946	 9.4970703125e-001	 1.11020e-002
1947	 9.5019531250e-001	 1.15214e-002
1948	 9.5068359375e-001	 7.74965e-003
1949	 9.5117187500e-001	-1.65238e-003
1950	 9.5166015625e-001	-1.22782e-002
1951	 9.5214843750e-001	-1.90075e-002
1952	 9.5263671875e-001	-1.68259e-002
1953	 9.5312500000e-001	-1.05299e-002
1954	 9.5361328125e-001	-3.15859e-003
1955	 9.5410156250e-001	 2.13341e-003
1956	 9.5458984375e-001	 6.46586e-003
1957	 9.5507812500e-001	 1.31105e-002
1958	 9.5556640625e-001	 1.28552e-002
1959	 9.5605468750e-001	 5.36453e-003
1960	 9.5654296875e-001	-2.32093e-003
1961	 9.5703125000e-001	-3.81860e-003
1962	 9.5751953125e-001	-2.12541e-004
1963	 9.5800781250e-001	 2.23230e-003
1964	 9.5849609375e-001	-9.00560e-004
1965	 9.5898437500e-001	-4.62805e-003
1966	 9.5947265625e-001	-1.08088e-003
1967	 9.5996093750e-001	 1.01076e-003
1968	 9.6044921875e-001	-4.71984e-003
1969	 9.6093750000e-001	-9.00076e-003
1970	 9.6142578125e-001	-6.67987e-003
1971	 9.6191406250e-001	 2.55045e-003
1972	 9.6240234375e-001	 9.51938e-003
1973	 9.6289062500e-001	 4.31189e-003
1974	 9.6337890625e-001	-1.21612e-003
1975	 9.6386718750e-001	 2.18363e-003
1976	 9.6435546875e-001	 8.85827e-003
1977	 9.6484375000e-001	 1.03869e-002
1978	 9.6533203125e-001	 8.94632e-003
1979	 9.6582031250e-001	 1.13526e-002
1980	 9.6630859375e-001	 1.85413e-002
1981	 9.6679687500e-001	 2.33659e-002
1982	 9.6728515625e-001	 1.67102e-002
1983	 9.6777343750e-001	 2.74033e-003
1984	 9.6826171875e-001	-1.10011e-002
1985	 9.6875000000e-001	-1.76603e-002
1986	 9.6923828125e-001	-1.62571e-002
1987	 9.6972656250e-001	-1.57383e-002
1988	 9.7021484375e-001	-1.38701e-002
1989	 9.7070312500e-001	-6.76184e-003
1990	 9.7119140625e-001	 1.98194e-003
1991	 9.7167968750e-001	 1.01246e-002
1992	 9.7216796875e-001	 9.46049e-003
1993	 9.7265625000e-001	 1.68900e-003
1994	 9.7314453125e-001	-7.80828e-004
1995	 9.7363281250e-001	 1.76090e-003
1996	 9.7412109375e-001	 3.20522e-003
1997	 9.7460937500e-001	 8.33178e-004
1998	 9.7509765625e-001	-3.82296e-003
1999	 9.7558593750e-001	-1.74333e-003
2000	 9.7607421875e-001	 5.43381e-003
2001	 9.7656250000e-001	 6.81201e-003
2002	 9.7705078125e-001	 2.86094e-003
2003	 9.7753906250e-001	 2.59535e-004
2004	 9.7802734375e-001	 3.54727e-003
2005	 9.7851562500e-001	 9.05127e-003
2006	 9.7900390625e-001	 9.85836e-003
2007	 9.7949218750e-001	 3.16654e-003
2008	 9.7998046875e-001	-4.46647e-003
2009	 9.8046875000e-001	-4.02808e-003
2010	 9.8095703125e-001	-7.82924e-004
2011	 9.8144531250e-001	-3.32647e-004
2012	 9.8193359375e-001	-1.25888e-003
2013	 9.8242187500e-001	 2.21769e-003
2014	 9.8291015625e-001	 1.15206e-002
2015	 9.8339843750e-001	 1.70526e-002
2016	 9.8388671875e-001	 1.20983e-002
2017	 9.8437500000e-001	 2.94488e-003
2018	 9.8486328125e-001	-5.76405e-003
2019	 9.8535156250e-001	-1.06811e-002
2020	 9.8583984375e-001	-1.14968e-002
2021	 9.8632812500e-001	-1.16716e-002
2022	 9.8681640625e-001	-7.44464e-003
2023	 9.8730468750e-001	-7.03126e-004
2024	 9.8779296875e-001	 3.19787e-003
2025	 9.8828125000e-001	 6.02704e-003
2026	 9.8876953125e-001	 5.42411e-003
2027	 9.8925781250e-001	-2.45441e-004
2028	 9.8974609375e-001	-5.16668e-003
2029	 9.9023437500e-001	-6.51475e-003
2030	 9.9072265625e-001	-4.78727e-003
2031	 9.9121093750e-001	-4.40520e-003
2032	 9.9169921875e-001	-6.08134e-003
2033	 9.9218750000e-001	-6.61279e-003
2034	 9.9267578125e-001	-3.87115e-003
2035	 9.9316406250e-001	-7.81890e-004
2036	 9.9365234375e-001	-3.48859e-003
2037	 9.9414062500e-001	-4.10075e-003
2038	 9.9462890625e-001	 1.91092e-003
2039	 9.9511718750e-001	 1.16399e-002
2040	 9.9560546875e-001	 1.54372e-002
2041	 9.9609375000e-001	 1.03092e-002
2042	 9.9658203125e-001	 6.04656e-003
2043	 9.9707031250e-001	 5.05616e-003
2044	 9.9755859375e-001	 5.76809e-003
2045	 9.9804687500e-001	 4.55177e-003
2046	 9.9853515625e-001	 2.61657e-003
2047	 9.9902343750e-001	 5.68633e-003
2048	 9.9951171875e-001	 1.25959e-002
TagsBegin:	 	 
OverLoad:	 	False
OverLoadRatio: []	 	 0.00000e+000
TagsEnd:	 	 
TagScalesBegin:	 	 
TagScalesEnd:	 	 



Header Size:	 79	 
Pulse Version:	 80	 
Running Pulse Version:	PULSE LabShop  Version 21.0.0.671 - 2017-10-20	 
Decimal Symbol:	.	 
Date Format:	yyyy-MM-dd	 
Time Format:	HH:mm:ss:mmm	 
Data Type:	Real	 
Slice:	False	 
Z-Axis type:	Linear	 
Z-Axis size:	1	 
Z-Axis unit:	 	 
Z-Axis first value:	 0.0000000000e+000	 
Z-Axis delta:	 1.0000000000e+000	 
X-Axis type:	Linear	 
X-Axis size:	2048	 
X-Axis unit:	s	 
X-Axis first value:	 0.0000000000e+000	 
X-Axis delta:	 4.8828125000e-004	 
	 	 
AmplitudeUnit:	m/s^2	 
Analyzer:	FFT_Spectrum_Averaging	 
AnalyzerName:	FFT	 
	 	 
	 	 
Bipolar:	True	 
CenterFrequency:	 4.0000000000e+002	 
	 	 
	 	 
	 	 
	 	 
	 	 
	 	 
	 	 
	 	 
Domain:	0	 
Function:	Time	 
	 	 
InputRange:	 1.0373443983e+002	 
	 	 
	 	 
MultiBufferName:	Input	 
NBW:	 1.5000000000e+000	 
	 	 
OverlapFailed:	False	 
	 	 
Power:	False	 
PowerUnit:	(m/s^2)^2	 
	 	 
RecordLength:	 1.0000000000e+000	 
	 	 
	 	 
	 	 
	 	 
	 	 
	 	 
SamplingRatio:	 2.5600000000e+000	 
Signal:	Acc_ref_y	 
	 	 
SignalUnit:	m/s^2	 
	 	 
	 	 
	 	 
Title:	Time(Acc_ref_y)	 
Title1:	Working : 1mVpp : Input : FFT	 
	 	 
	 	 
Weight:	0	 
ZoomOn:	False	 
	 	 
TemplateName:	Working	 
MeasurementName:	1mVpp	 
MeasurementSlice:	False	 
	 	 
	 	 
	 	 
EnvelopeOn:	False	 
	 	 
	 	 
	 	 
Z-index:	 	1
Date:	 	2025-03-07
Time:	 	17:02:05:603
Relative time:	 	 0.00000e+000
Z-axis:	 	 0.0000000000e+000
1	 0.0000000000e+000	 1.47360e-002
2	 4.8828125000e-004	-2.51034e-003
3	 9.7656250000e-004	-5.72853e-003
4	 1.4648437500e-003	-4.60322e-003
5	 1.9531250000e-003	-1.15481e-003
6	 2.4414062500e-003	 7.80221e-003
7	 2.9296875000e-003	-1.20388e-003
8	 3.4179687500e-003	 6.65827e-003
9	 3.9062500000e-003	-6.62206e-003
10	 4.3945312500e-003	 2.23700e-003
11	 4.8828125000e-003	 6.50221e-003
12	 5.3710937500e-003	 1.19424e-003
13	 5.8593750000e-003	 1.61404e-002
14	 6.3476562500e-003	-6.81497e-003
15	 6.8359375000e-003	 3.48161e-003
16	 7.3242187500e-003	-1.75113e-003
17	 7.8125000000e-003	-7.25786e-003
18	 8.3007812500e-003	 2.18313e-002
19	 8.7890625000e-003	-6.55873e-003
20	 9.2773437500e-003	 3.99382e-004
21	 9.7656250000e-003	-4.47140e-003
22	 1.0253906250e-002	-7.72483e-003
23	 1.0742187500e-002	 1.88632e-002
24	 1.1230468750e-002	-4.18251e-003
25	 1.1718750000e-002	 2.93942e-003
26	 1.2207031250e-002	-7.17012e-003
27	 1.2695312500e-002	-1.31909e-003
28	 1.3183593750e-002	 1.07198e-002
29	 1.3671875000e-002	-3.23365e-003
30	 1.4160156250e-002	 1.32837e-002
31	 1.4648437500e-002	-8.69445e-003
32	 1.5136718750e-002	-2.88483e-003
33	 1.5625000000e-002	-6.67494e-004
34	 1.6113281250e-002	-8.95212e-003
35	 1.6601562500e-002	 1.14796e-002
36	 1.7089843750e-002	-5.61333e-003
37	 1.7578125000e-002	-4.04082e-003
38	 1.8066406250e-002	-1.43156e-002
39	 1.8554687500e-002	-5.70189e-003
40	 1.9042968750e-002	 9.07706e-003
41	 1.9531250000e-002	-8.70942e-003
42	 2.0019531250e-002	 4.31956e-003
43	 2.0507812500e-002	-1.07052e-002
44	 2.0996093750e-002	-1.94527e-003
45	 2.1484375000e-002	 4.49651e-003
46	 2.1972656250e-002	-2.60680e-003
47	 2.2460937500e-002	 1.45750e-002
48	 2.2949218750e-002	-1.09818e-002
49	 2.3437500000e-002	-3.15176e-003
50	 2.3925781250e-002	-2.10100e-003
51	 2.4414062500e-002	-8.11258e-003
52	 2.4902343750e-002	 1.47898e-002
53	 2.5390625000e-002	-4.86483e-003
54	 2.5878906250e-002	-5.51051e-003
55	 2.6367187500e-002	-9.41323e-003
56	 2.6855468750e-002	-7.32192e-003
57	 2.7343750000e-002	 8.04507e-003
58	 2.7832031250e-002	-2.36113e-003
59	 2.8320312500e-002	 3.15892e-003
60	 2.8808593750e-002	-1.04945e-002
61	 2.9296875000e-002	-2.05021e-003
62	 2.9785156250e-002	 8.40013e-003
63	 3.0273437500e-002	-1.03507e-003
64	 3.0761718750e-002	 1.06579e-002
65	 3.1250000000e-002	-6.06585e-003
66	 3.1738281250e-002	-1.87169e-003
67	 3.2226562500e-002	 7.86843e-004
68	 3.2714843750e-002	-5.77743e-003
69	 3.3203125000e-002	 1.03604e-002
70	 3.3691406250e-002	-9.79153e-004
71	 3.4179687500e-002	-1.44667e-003
72	 3.4667968750e-002	-7.42855e-003
73	 3.5156250000e-002	-4.78985e-003
74	 3.5644531250e-002	 1.11667e-002
75	 3.6132812500e-002	-1.75188e-003
76	 3.6621093750e-002	 2.06992e-003
77	 3.7109375000e-002	-3.64031e-003
78	 3.7597656250e-002	-2.85791e-003
79	 3.8085937500e-002	 6.51878e-003
80	 3.8574218750e-002	 8.14296e-004
81	 3.9062500000e-002	 9.44622e-003
82	 3.9550781250e-002	-8.29557e-004
83	 4.0039062500e-002	-6.43337e-003
84	 4.0527343750e-002	-3.50280e-003
85	 4.1015625000e-002	-5.92776e-003
86	 4.1503906250e-002	 8.49293e-003
87	 4.1992187500e-002	-3.96577e-004
88	 4.2480468750e-002	-8.84153e-003
89	 4.2968750000e-002	-9.31021e-003
90	 4.3457031250e-002	-8.04036e-003
91	 4.3945312500e-002	 8.26486e-003
92	 4.4433593750e-002	-1.41093e-003
93	 4.4921875000e-002	-2.05280e-003
94	 4.5410156250e-002	-7.32599e-003
95	 4.5898437500e-002	-1.18559e-002
96	 4.6386718750e-002	 6.78077e-003
97	 4.6875000000e-002	-2.29493e-003
98	 4.7363281250e-002	 3.93604e-003
99	 4.7851562500e-002	-3.52450e-003
100	 4.8339843750e-002	-1.00123e-002
101	 4.8828125000e-002	 2.27180e-003
102	 4.9316406250e-002	-1.23389e-002
103	 4.9804687500e-002	 8.08760e-003
104	 5.0292968750e-002	 2.15930e-003
105	 5.0781250000e-002	-1.15873e-002
106	 5.1269531250e-002	-3.15824e-003
107	 5.1757812500e-002	-1.48786e-002
108	 5.2246093750e-002	 1.02038e-002
109	 5.2734375000e-002	 2.77105e-003
110	 5.3222656250e-002	-4.54797e-003
111	 5.3710937500e-002	 3.39771e-004
112	 5.4199218750e-002	-1.05136e-002
113	 5.4687500000e-002	 6.47124e-003
114	 5.5175781250e-002	-5.43500e-003
115	 5.5664062500e-002	 6.37908e-003
116	 5.6152343750e-002	 3.28742e-003
117	 5.6640625000e-002	-1.12055e-002
118	 5.7128906250e-002	 2.06345e-003
119	 5.7617187500e-002	-1.05507e-002
120	 5.8105468750e-002	 1.09751e-002
121	 5.8593750000e-002	 2.09075e-003
122	 5.9082031250e-002	-5.64927e-003
123	 5.9570312500e-002	-1.05047e-003
124	 6.0058593750e-002	-1.36521e-002
125	 6.0546875000e-002	 1.55431e-002
126	 6.1035156250e-002	-1.12544e-003
127	 6.1523437500e-002	 1.06605e-003
128	 6.2011718750e-002	 2.52282e-003
129	 6.2500000000e-002	-1.22262e-002
130	 6.2988281250e-002	 1.35091e-002
131	 6.3476562500e-002	-3.26999e-003
132	 6.3964843750e-002	 1.30658e-002
133	 6.4453125000e-002	 3.52449e-003
134	 6.4941406250e-002	-1.18094e-002
135	 6.5429687500e-002	 9.64511e-003
136	 6.5917968750e-002	-1.63174e-002
137	 6.6406250000e-002	 1.20360e-002
138	 6.6894531250e-002	 9.29507e-003
139	 6.7382812500e-002	-1.19838e-002
140	 6.7871093750e-002	 3.44262e-004
141	 6.8359375000e-002	-1.31651e-002
142	 6.8847656250e-002	 1.26327e-002
143	 6.9335937500e-002	 6.76206e-003
144	 6.9824218750e-002	-1.96232e-003
145	 7.0312500000e-002	-3.58989e-003
146	 7.0800781250e-002	-8.55586e-003
147	 7.1289062500e-002	 9.95100e-003
148	 7.1777343750e-002	-5.64800e-003
149	 7.2265625000e-002	 7.40131e-003
150	 7.2753906250e-002	 8.55890e-004
151	 7.3242187500e-002	-6.03111e-003
152	 7.3730468750e-002	 4.54744e-003
153	 7.4218750000e-002	-1.45890e-002
154	 7.4707031250e-002	 1.01917e-002
155	 7.5195312500e-002	 2.85598e-003
156	 7.5683593750e-002	-4.78972e-003
157	 7.6171875000e-002	-2.86935e-003
158	 7.6660156250e-002	-1.48634e-002
159	 7.7148437500e-002	 1.36439e-002
160	 7.7636718750e-002	-2.77455e-003
161	 7.8125000000e-002	-1.12436e-003
162	 7.8613281250e-002	 1.88947e-003
163	 7.9101562500e-002	-1.09048e-002
164	 7.9589843750e-002	 8.60158e-003
165	 8.0078125000e-002	-5.18218e-003
166	 8.0566406250e-002	 1.10423e-002
167	 8.1054687500e-002	 5.07952e-003
168	 8.1542968750e-002	-1.08835e-002
169	 8.2031250000e-002	 4.25987e-003
170	 8.2519531250e-002	-1.03373e-002
171	 8.3007812500e-002	 7.06149e-003
172	 8.3496093750e-002	 9.07030e-003
173	 8.3984375000e-002	-6.42882e-003
174	 8.4472656250e-002	-5.87984e-003
175	 8.4960937500e-002	-8.70694e-003
176	 8.5449218750e-002	 3.73921e-003
177	 8.5937500000e-002	 1.72379e-003
178	 8.6425781250e-002	 3.73281e-003
179	 8.6914062500e-002	-4.90764e-003
180	 8.7402343750e-002	-9.93754e-003
181	 8.7890625000e-002	 4.09863e-003
182	 8.8378906250e-002	-1.21608e-004
183	 8.8867187500e-002	 1.01470e-002
184	 8.9355468750e-002	 1.48111e-003
185	 8.9843750000e-002	-7.73156e-003
186	 9.0332031250e-002	 1.23306e-003
187	 9.0820312500e-002	-6.36677e-003
188	 9.1308593750e-002	 5.66441e-003
189	 9.1796875000e-002	 4.84326e-003
190	 9.2285156250e-002	-3.14235e-003
191	 9.2773437500e-002	-3.63625e-003
192	 9.3261718750e-002	-1.31989e-002
193	 9.3750000000e-002	 6.27945e-003
194	 9.4238281250e-002	 6.82573e-003
195	 9.4726562500e-002	-3.21948e-003
196	 9.5214843750e-002	-5.79480e-004
197	 9.5703125000e-002	-9.55721e-003
198	 9.6191406250e-002	 5.08547e-003
199	 9.6679687500e-002	 2.38061e-003
200	 9.7167968750e-002	 3.37156e-003
201	 9.7656250000e-002	 9.32947e-003
202	 9.8144531250e-002	-7.11879e-003
203	 9.8632812500e-002	 7.61444e-004
204	 9.9121093750e-002	-3.90546e-003
205	 9.9609375000e-002	 2.73569e-003
206	 1.0009765625e-001	 1.20218e-002
207	 1.0058593750e-001	-3.67890e-003
208	 1.0107421875e-001	-3.55953e-003
209	 1.0156250000e-001	-8.00605e-003
210	 1.0205078125e-001	 6.09287e-003
211	 1.0253906250e-001	 7.07976e-003
212	 1.0302734375e-001	-7.87972e-004
213	 1.0351562500e-001	 2.88280e-003
214	 1.0400390625e-001	-1.06903e-002
215	 1.0449218750e-001	 3.97375e-003
216	 1.0498046875e-001	 3.31591e-003
217	 1.0546875000e-001	 4.58322e-003
218	 1.0595703125e-001	 9.91759e-003
219	 1.0644531250e-001	-1.01874e-002
220	 1.0693359375e-001	 7.63619e-004
221	 1.0742187500e-001	-6.14931e-003
222	 1.0791015625e-001	 1.05620e-003
223	 1.0839843750e-001	 1.38675e-002
224	 1.0888671875e-001	-8.24790e-003
225	 1.0937500000e-001	-2.65425e-004
226	 1.0986328125e-001	-8.24770e-003
227	 1.1035156250e-001	 2.94171e-003
228	 1.1083984375e-001	 1.40813e-002
229	 1.1132812500e-001	-4.61282e-003
230	 1.1181640625e-001	 3.72444e-003
231	 1.1230468750e-001	-9.61365e-003
232	 1.1279296875e-001	 3.34439e-003
233	 1.1328125000e-001	 6.89031e-003
234	 1.1376953125e-001	-3.76688e-004
235	 1.1425781250e-001	 1.15612e-002
236	 1.1474609375e-001	-8.60657e-003
237	 1.1523437500e-001	 1.92506e-003
238	 1.1572265625e-001	-7.32134e-003
239	 1.1621093750e-001	 1.02350e-003
240	 1.1669921875e-001	 1.56516e-002
241	 1.1718750000e-001	-1.00816e-002
242	 1.1767578125e-001	 2.74777e-003
243	 1.1816406250e-001	-1.37908e-002
244	 1.1865234375e-001	 2.21962e-003
245	 1.1914062500e-001	 1.21350e-002
246	 1.1962890625e-001	-7.56530e-003
247	 1.2011718750e-001	 8.23611e-003
248	 1.2060546875e-001	-1.43342e-002
249	 1.2109375000e-001	 3.02879e-003
250	 1.2158203125e-001	 2.96572e-003
251	 1.2207031250e-001	-5.42971e-004
252	 1.2255859375e-001	 1.34780e-002
253	 1.2304687500e-001	-1.54405e-002
254	 1.2353515625e-001	 1.99764e-003
255	 1.2402343750e-001	-7.27914e-003
256	 1.2451171875e-001	-3.51329e-003
257	 1.2500000000e-001	 1.40889e-002
258	 1.2548828125e-001	-9.43255e-003
259	 1.2597656250e-001	-2.23040e-003
260	 1.2646484375e-001	-1.29099e-002
261	 1.2695312500e-001	 3.51022e-004
262	 1.2744140625e-001	 8.31073e-003
263	 1.2792968750e-001	-3.05847e-003
264	 1.2841796875e-001	 2.87802e-003
265	 1.2890625000e-001	-1.54737e-002
266	 1.2939453125e-001	 4.16784e-003
267	 1.2988281250e-001	 2.37808e-003
268	 1.3037109375e-001	-6.16653e-004
269	 1.3085937500e-001	 1.16709e-002
270	 1.3134765625e-001	-1.03200e-002
271	 1.3183593750e-001	 2.71329e-003
272	 1.3232421875e-001	-6.87774e-003
273	 1.3281250000e-001	-2.41034e-003
274	 1.3330078125e-001	 1.44252e-002
275	 1.3378906250e-001	-5.73422e-003
276	 1.3427734375e-001	 1.20176e-004
277	 1.3476562500e-001	-1.17007e-002
278	 1.3525390625e-001	 5.10149e-004
279	 1.3574218750e-001	 1.09082e-002
280	 1.3623046875e-001	-2.64670e-003
281	 1.3671875000e-001	 6.17570e-003
282	 1.3720703125e-001	-7.95275e-003
283	 1.3769531250e-001	 4.01351e-003
284	 1.3818359375e-001	 4.44949e-003
285	 1.3867187500e-001	 2.80927e-003
286	 1.3916015625e-001	 1.35526e-002
287	 1.3964843750e-001	-5.10127e-003
288	 1.4013671875e-001	 2.71631e-003
289	 1.4062500000e-001	-1.98170e-003
290	 1.4111328125e-001	-1.61762e-003
291	 1.4160156250e-001	 1.30254e-002
292	 1.4208984375e-001	 2.11808e-003
293	 1.4257812500e-001	-3.42383e-003
294	 1.4306640625e-001	-9.21275e-003
295	 1.4355468750e-001	 1.70623e-003
296	 1.4404296875e-001	 8.53863e-003
297	 1.4453125000e-001	 1.21187e-003
298	 1.4501953125e-001	 2.40080e-003
299	 1.4550781250e-001	-9.78326e-003
300	 1.4599609375e-001	-4.88842e-004
301	 1.4648437500e-001	 7.19640e-003
302	 1.4697265625e-001	 9.65147e-004
303	 1.4746093750e-001	 1.01681e-002
304	 1.4794921875e-001	-5.79428e-003
305	 1.4843750000e-001	-2.71575e-003
306	 1.4892578125e-001	 2.99026e-004
307	 1.4941406250e-001	-8.01984e-003
308	 1.4990234375e-001	 1.21059e-002
309	 1.5039062500e-001	-3.65395e-003
310	 1.5087890625e-001	-6.58392e-003
311	 1.5136718750e-001	-8.09118e-003
312	 1.5185546875e-001	-1.11318e-002
313	 1.5234375000e-001	 1.30490e-002
314	 1.5283203125e-001	-4.99656e-003
315	 1.5332031250e-001	-4.83737e-003
316	 1.5380859375e-001	-6.20449e-003
317	 1.5429687500e-001	-4.04069e-003
318	 1.5478515625e-001	 7.86592e-003
319	 1.5527343750e-001	-6.33597e-003
320	 1.5576171875e-001	 8.74534e-003
321	 1.5625000000e-001	-3.14848e-003
322	 1.5673828125e-001	-4.65546e-003
323	 1.5722656250e-001	-2.90915e-003
324	 1.5771484375e-001	-9.43690e-003
325	 1.5820312500e-001	 1.47890e-002
326	 1.5869140625e-001	-2.30734e-003
327	 1.5917968750e-001	-1.70593e-003
328	 1.5966796875e-001	-7.16958e-003
329	 1.6015625000e-001	-5.30048e-003
330	 1.6064453125e-001	 1.70555e-002
331	 1.6113281250e-001	-5.13832e-003
332	 1.6162109375e-001	 9.49268e-003
333	 1.6210937500e-001	-1.61801e-003
334	 1.6259765625e-001	-4.52883e-003
335	 1.6308593750e-001	 1.28831e-002
336	 1.6357421875e-001	-2.02691e-003
337	 1.6406250000e-001	 2.11973e-002
338	 1.6455078125e-001	-2.18404e-004
339	 1.6503906250e-001	-4.86493e-003
340	 1.6552734375e-001	 7.82616e-003
341	 1.6601562500e-001	-5.46183e-003
342	 1.6650390625e-001	 2.00933e-002
343	 1.6699218750e-001	 1.83249e-003
344	 1.6748046875e-001	-9.35417e-004
345	 1.6796875000e-001	-4.61410e-004
346	 1.6845703125e-001	-5.82791e-003
347	 1.6894531250e-001	 1.60734e-002
348	 1.6943359375e-001	 1.17763e-004
349	 1.6992187500e-001	 6.83755e-003
350	 1.7041015625e-001	-5.54569e-003
351	 1.7089843750e-001	-2.57435e-003
352	 1.7138671875e-001	 1.14334e-002
353	 1.7187500000e-001	-8.53973e-004
354	 1.7236328125e-001	 1.49033e-002
355	 1.7285156250e-001	-5.89425e-003
356	 1.7333984375e-001	 2.56135e-003
357	 1.7382812500e-001	 2.45172e-003
358	 1.7431640625e-001	-7.96156e-003
359	 1.7480468750e-001	 1.82179e-002
360	 1.7529296875e-001	-4.84058e-003
361	 1.7578125000e-001	 1.24573e-004
362	 1.7626953125e-001	-7.62081e-003
363	 1.7675781250e-001	-1.15165e-002
364	 1.7724609375e-001	 1.49860e-002
365	 1.7773437500e-001	-5.97808e-003
366	 1.7822265625e-001	 2.98227e-003
367	 1.7871093750e-001	-5.31032e-003
368	 1.7919921875e-001	-7.28996e-003
369	 1.7968750000e-001	 6.89313e-003
370	 1.8017578125e-001	-3.75190e-003
371	 1.8066406250e-001	 1.17843e-002
372	 1.8115234375e-001	-4.41508e-003
373	 1.8164062500e-001	-4.95726e-003
374	 1.8212890625e-001	-7.67126e-004
375	 1.8261718750e-001	-9.63745e-003
376	 1.8310546875e-001	 1.15848e-002
377	 1.8359375000e-001	 1.46472e-003
378	 1.8408203125e-001	-3.77785e-003
379	 1.8457031250e-001	-8.49069e-003
380	 1.8505859375e-001	-5.05485e-003
381	 1.8554687500e-001	 1.05765e-002
382	 1.8603515625e-001	 3.22417e-003
383	 1.8652343750e-001	 7.58963e-003
384	 1.8701171875e-001	-6.59670e-003
385	 1.8750000000e-001	-2.52801e-004
386	 1.8798828125e-001	 7.48535e-003
387	 1.8847656250e-001	 7.81354e-004
388	 1.8896484375e-001	 1.35654e-002
389	 1.8945312500e-001	-2.20001e-003
390	 1.8994140625e-001	 1.50059e-003
391	 1.9042968750e-001	 1.33487e-004
392	 1.9091796875e-001	-8.25539e-003
393	 1.9140625000e-001	 1.64389e-002
394	 1.9189453125e-001	 4.09642e-003
395	 1.9238281250e-001	-4.06986e-003
396	 1.9287109375e-001	-1.73791e-004
397	 1.9335937500e-001	-6.73150e-003
398	 1.9384765625e-001	 1.23375e-002
399	 1.9433593750e-001	 5.37814e-003
400	 1.9482421875e-001	-1.46495e-003
401	 1.9531250000e-001	 1.58667e-003
402	 1.9580078125e-001	-5.11948e-003
403	 1.9628906250e-001	 7.52607e-003
404	 1.9677734375e-001	 2.09371e-003
405	 1.9726562500e-001	 9.52981e-003
406	 1.9775390625e-001	 6.50297e-003
407	 1.9824218750e-001	-6.87904e-003
408	 1.9873046875e-001	 4.72445e-003
409	 1.9921875000e-001	-5.73638e-003
410	 1.9970703125e-001	 6.58693e-003
411	 2.0019531250e-001	 8.01901e-003
412	 2.0068359375e-001	-7.62139e-003
413	 2.0117187500e-001	-4.79262e-003
414	 2.0166015625e-001	-9.52117e-003
415	 2.0214843750e-001	 7.75907e-003
416	 2.0263671875e-001	 4.07780e-003
417	 2.0312500000e-001	 2.61202e-003
418	 2.0361328125e-001	-1.39231e-003
419	 2.0410156250e-001	-1.16793e-002
420	 2.0458984375e-001	 9.12866e-003
421	 2.0507812500e-001	-8.24321e-004
422	 2.0556640625e-001	 7.42515e-003
423	 2.0605468750e-001	 2.59647e-003
424	 2.0654296875e-001	-1.23900e-002
425	 2.0703125000e-001	 7.42095e-003
426	 2.0751953125e-001	-1.29287e-002
427	 2.0800781250e-001	 4.70119e-003
428	 2.0849609375e-001	 9.54528e-003
429	 2.0898437500e-001	-1.02385e-002
430	 2.0947265625e-001	 1.86995e-003
431	 2.0996093750e-001	-1.55239e-002
432	 2.1044921875e-001	 9.43788e-003
433	 2.1093750000e-001	 8.51990e-003
434	 2.1142578125e-001	-4.93699e-003
435	 2.1191406250e-001	 8.68256e-004
436	 2.1240234375e-001	-1.21478e-002
437	 2.1289062500e-001	 1.46737e-002
438	 2.1337890625e-001	-9.94002e-004
439	 2.1386718750e-001	 5.64067e-003
440	 2.1435546875e-001	 1.07121e-002
441	 2.1484375000e-001	-1.23061e-002
442	 2.1533203125e-001	 1.13889e-002
443	 2.1582031250e-001	-9.46070e-003
444	 2.1630859375e-001	 7.41175e-003
445	 2.1679687500e-001	 1.01356e-002
446	 2.1728515625e-001	-8.82216e-003
447	 2.1777343750e-001	 2.01791e-003
448	 2.1826171875e-001	-1.48287e-002
449	 2.1875000000e-001	 1.61481e-002
450	 2.1923828125e-001	 1.67220e-003
451	 2.1972656250e-001	-2.74271e-004
452	 2.2021484375e-001	 8.16266e-003
453	 2.2070312500e-001	-1.34940e-002
454	 2.2119140625e-001	 1.49909e-002
455	 2.2167968750e-001	-4.28441e-003
456	 2.2216796875e-001	 9.79395e-003
457	 2.2265625000e-001	 9.66595e-003
458	 2.2314453125e-001	-1.34767e-002
459	 2.2363281250e-001	 4.68315e-003
460	 2.2412109375e-001	-1.37271e-002
461	 2.2460937500e-001	 1.02360e-002
462	 2.2509765625e-001	 3.39576e-003
463	 2.2558593750e-001	-9.05895e-003
464	 2.2607421875e-001	-1.62926e-003
465	 2.2656250000e-001	-1.96096e-002
466	 2.2705078125e-001	 1.17564e-002
467	 2.2753906250e-001	-1.02148e-003
468	 2.2802734375e-001	 1.57489e-003
469	 2.2851562500e-001	 1.96910e-003
470	 2.2900390625e-001	-1.67747e-002
471	 2.2949218750e-001	 1.22457e-002
472	 2.2998046875e-001	-4.26976e-003
473	 2.3046875000e-001	 9.74891e-003
474	 2.3095703125e-001	 2.72415e-003
475	 2.3144531250e-001	-1.06877e-002
476	 2.3193359375e-001	 7.96748e-003
477	 2.3242187500e-001	-1.39570e-002
478	 2.3291015625e-001	 1.03964e-002
479	 2.3339843750e-001	 5.17221e-003
480	 2.3388671875e-001	-4.36231e-003
481	 2.3437500000e-001	 1.50193e-003
482	 2.3486328125e-001	-1.52057e-002
483	 2.3535156250e-001	 1.16981e-002
484	 2.3583984375e-001	 1.64775e-003
485	 2.3632812500e-001	 1.17893e-004
486	 2.3681640625e-001	 3.31345e-003
487	 2.3730468750e-001	-8.58096e-003
488	 2.3779296875e-001	 7.79450e-003
489	 2.3828125000e-001	-2.53503e-003
490	 2.3876953125e-001	 1.07295e-002
491	 2.3925781250e-001	 8.16720e-003
492	 2.3974609375e-001	-2.43438e-003
493	 2.4023437500e-001	 1.95974e-003
494	 2.4072265625e-001	-1.04371e-002
495	 2.4121093750e-001	 1.05502e-002
496	 2.4169921875e-001	 7.17747e-003
497	 2.4218750000e-001	-1.68160e-003
498	 2.4267578125e-001	-2.38450e-003
499	 2.4316406250e-001	-1.07398e-002
500	 2.4365234375e-001	 1.06884e-002
501	 2.4414062500e-001	 5.96962e-003
502	 2.4462890625e-001	 1.69561e-003
503	 2.4511718750e-001	 1.71655e-003
504	 2.4560546875e-001	-8.40455e-003
505	 2.4609375000e-001	 6.26681e-003
506	 2.4658203125e-001	 3.22603e-003
507	 2.4707031250e-001	 7.12320e-003
508	 2.4755859375e-001	 7.17157e-003
509	 2.4804687500e-001	-9.05210e-003
510	 2.4853515625e-001	 4.81038e-005
511	 2.4902343750e-001	-6.31221e-003
512	 2.4951171875e-001	 1.28867e-004
513	 2.5000000000e-001	 1.38686e-002
514	 2.5048828125e-001	-7.16002e-003
515	 2.5097656250e-001	-5.88198e-003
516	 2.5146484375e-001	-8.13634e-003
517	 2.5195312500e-001	-5.30864e-003
518	 2.5244140625e-001	 1.05361e-002
519	 2.5292968750e-001	-3.76524e-003
520	 2.5341796875e-001	-2.11912e-003
521	 2.5390625000e-001	-3.96813e-003
522	 2.5439453125e-001	-1.90079e-003
523	 2.5488281250e-001	 3.88613e-003
524	 2.5537109375e-001	-1.07345e-003
525	 2.5585937500e-001	 6.81860e-003
526	 2.5634765625e-001	-5.37441e-003
527	 2.5683593750e-001	-3.61578e-003
528	 2.5732421875e-001	-4.65923e-003
529	 2.5781250000e-001	-2.96312e-003
530	 2.5830078125e-001	 1.03439e-002
531	 2.5878906250e-001	-4.19126e-003
532	 2.5927734375e-001	-1.58088e-003
533	 2.5976562500e-001	-1.05746e-002
534	 2.6025390625e-001	 9.67250e-004
535	 2.6074218750e-001	 1.08692e-002
536	 2.6123046875e-001	-6.59126e-003
537	 2.6171875000e-001	 7.94105e-003
538	 2.6220703125e-001	-9.81108e-003
539	 2.6269531250e-001	 4.62397e-004
540	 2.6318359375e-001	 8.38613e-003
541	 2.6367187500e-001	-9.41294e-004
542	 2.6416015625e-001	 1.72036e-002
543	 2.6464843750e-001	-1.17313e-002
544	 2.6513671875e-001	 2.32366e-003
545	 2.6562500000e-001	-7.27613e-004
546	 2.6611328125e-001	-1.08541e-002
547	 2.6660156250e-001	 2.32196e-002
548	 2.6708984375e-001	-7.34092e-003
549	 2.6757812500e-001	-4.37083e-003
550	 2.6806640625e-001	-5.86316e-003
551	 2.6855468750e-001	-4.54211e-003
552	 2.6904296875e-001	 1.68828e-002
553	 2.6953125000e-001	-3.07050e-003
554	 2.7001953125e-001	 4.01871e-003
555	 2.7050781250e-001	-1.01941e-002
556	 2.7099609375e-001	 3.28404e-003
557	 2.7148437500e-001	 9.02014e-003
558	 2.7197265625e-001	-2.53749e-003
559	 2.7246093750e-001	 1.49701e-002
560	 2.7294921875e-001	-1.12405e-002
561	 2.7343750000e-001	 3.06773e-003
562	 2.7392578125e-001	-3.66258e-003
563	 2.7441406250e-001	-5.57138e-003
564	 2.7490234375e-001	 1.53271e-002
565	 2.7539062500e-001	-1.16237e-002
566	 2.7587890625e-001	 5.96182e-003
567	 2.7636718750e-001	-1.48827e-002
568	 2.7685546875e-001	-2.87260e-003
569	 2.7734375000e-001	 1.41847e-002
570	 2.7783203125e-001	-1.41965e-002
571	 2.7832031250e-001	 1.07252e-002
572	 2.7880859375e-001	-1.46934e-002
573	 2.7929687500e-001	 1.08803e-003
574	 2.7978515625e-001	 6.15759e-003
575	 2.8027343750e-001	-7.85550e-003
576	 2.8076171875e-001	 1.97873e-002
577	 2.8125000000e-001	-1.46581e-002
578	 2.8173828125e-001	 4.94454e-004
579	 2.8222656250e-001	-6.78176e-004
580	 2.8271484375e-001	-8.47355e-003
581	 2.8320312500e-001	 1.45265e-002
582	 2.8369140625e-001	-8.02479e-003
583	 2.8417968750e-001	-5.92893e-004
584	 2.8466796875e-001	-1.42685e-002
585	 2.8515625000e-001	-4.85828e-003
586	 2.8564453125e-001	 6.70903e-003
587	 2.8613281250e-001	-5.23598e-003
588	 2.8662109375e-001	 8.22407e-003
589	 2.8710937500e-001	-1.59525e-002
590	 2.8759765625e-001	 1.18497e-003
591	 2.8808593750e-001	 6.06492e-003
592	 2.8857421875e-001	 1.23983e-003
593	 2.8906250000e-001	 1.19994e-002
594	 2.8955078125e-001	-9.42651e-003
595	 2.9003906250e-001	 4.83700e-003
596	 2.9052734375e-001	-5.26386e-003
597	 2.9101562500e-001	-2.15845e-003
598	 2.9150390625e-001	 1.11932e-002
599	 2.9199218750e-001	-3.28463e-003
600	 2.9248046875e-001	 5.20773e-003
601	 2.9296875000e-001	-1.25813e-002
602	 2.9345703125e-001	-2.08330e-003
603	 2.9394531250e-001	 1.35866e-002
604	 2.9443359375e-001	-1.86753e-003
605	 2.9492187500e-001	 2.98272e-003
606	 2.9541015625e-001	-7.71872e-003
607	 2.9589843750e-001	 1.83717e-004
608	 2.9638671875e-001	 5.98396e-003
609	 2.9687500000e-001	 7.22724e-005
610	 2.9736328125e-001	 1.09019e-002
611	 2.9785156250e-001	-1.23418e-004
612	 2.9833984375e-001	-7.84909e-005
613	 2.9882812500e-001	-3.98296e-003
614	 2.9931640625e-001	-3.55485e-003
615	 2.9980468750e-001	 1.35519e-002
616	 3.0029296875e-001	 1.44524e-003
617	 3.0078125000e-001	-4.79892e-003
618	 3.0126953125e-001	-8.28236e-003
619	 3.0175781250e-001	-2.61010e-003
620	 3.0224609375e-001	 1.03477e-002
621	 3.0273437500e-001	-2.09459e-004
622	 3.0322265625e-001	 2.34516e-003
623	 3.0371093750e-001	-3.66012e-003
624	 3.0419921875e-001	-5.13534e-003
625	 3.0468750000e-001	 5.24357e-003
626	 3.0517578125e-001	 1.11367e-003
627	 3.0566406250e-001	 7.19562e-003
628	 3.0615234375e-001	-4.99029e-003
629	 3.0664062500e-001	-6.63018e-003
630	 3.0712890625e-001	-5.93419e-004
631	 3.0761718750e-001	-6.96227e-003
632	 3.0810546875e-001	 1.24026e-002
633	 3.0859375000e-001	-5.96241e-004
634	 3.0908203125e-001	-7.43427e-003
635	 3.0957031250e-001	-3.80561e-003
636	 3.1005859375e-001	-1.01574e-002
637	 3.1054687500e-001	 1.33120e-002
638	 3.1103515625e-001	-5.47143e-004
639	 3.1152343750e-001	-3.48938e-003
640	 3.1201171875e-001	-1.31619e-003
641	 3.1250000000e-001	-8.98400e-003
642	 3.1298828125e-001	 9.79818e-003
643	 3.1347656250e-001	-3.37166e-003
644	 3.1396484375e-001	 6.04535e-003
645	 3.1445312500e-001	-2.29014e-004
646	 3.1494140625e-001	-7.80774e-003
647	 3.1542968750e-001	 2.13468e-003
648	 3.1591796875e-001	-1.34753e-002
649	 3.1640625000e-001	 1.29922e-002
650	 3.1689453125e-001	-5.99981e-004
651	 3.1738281250e-001	-7.74704e-003
652	 3.1787109375e-001	-4.19259e-003
653	 3.1835937500e-001	-1.43501e-002
654	 3.1884765625e-001	 1.48918e-002
655	 3.1933593750e-001	-4.20830e-003
656	 3.1982421875e-001	 1.93772e-003
657	 3.2031250000e-001	-1.18981e-003
658	 3.2080078125e-001	-8.92794e-003
659	 3.2128906250e-001	 1.21327e-002
660	 3.2177734375e-001	-5.71974e-003
661	 3.2226562500e-001	 1.47620e-002
662	 3.2275390625e-001	 4.83929e-005
663	 3.2324218750e-001	-8.76657e-003
664	 3.2373046875e-001	 6.59862e-003
665	 3.2421875000e-001	-1.40504e-002
666	 3.2470703125e-001	 1.50814e-002
667	 3.2519531250e-001	 4.12179e-003
668	 3.2568359375e-001	-8.05007e-003
669	 3.2617187500e-001	-1.46335e-003
670	 3.2666015625e-001	-1.02809e-002
671	 3.2714843750e-001	 1.43750e-002
672	 3.2763671875e-001	 1.30652e-003
673	 3.2812500000e-001	 3.05142e-003
674	 3.2861328125e-001	-4.54296e-003
675	 3.2910156250e-001	-7.49478e-003
676	 3.2958984375e-001	 1.10362e-002
677	 3.3007812500e-001	-5.71444e-003
678	 3.3056640625e-001	 1.38754e-002
679	 3.3105468750e-001	-3.33318e-003
680	 3.3154296875e-001	-9.02223e-003
681	 3.3203125000e-001	 4.53336e-003
682	 3.3251953125e-001	-1.24407e-002
683	 3.3300781250e-001	 1.54690e-002
684	 3.3349609375e-001	 2.70127e-004
685	 3.3398437500e-001	-5.20502e-003
686	 3.3447265625e-001	-4.52208e-003
687	 3.3496093750e-001	-1.36469e-002
688	 3.3544921875e-001	 1.43636e-002
689	 3.3593750000e-001	-4.00399e-003
690	 3.3642578125e-001	 1.55843e-003
691	 3.3691406250e-001	-1.46588e-003
692	 3.3740234375e-001	-8.03030e-003
693	 3.3789062500e-001	 7.67352e-003
694	 3.3837890625e-001	-6.08874e-003
695	 3.3886718750e-001	 1.20129e-002
696	 3.3935546875e-001	 1.61266e-003
697	 3.3984375000e-001	-6.20336e-003
698	 3.4033203125e-001	 2.69770e-003
699	 3.4082031250e-001	-8.74822e-003
700	 3.4130859375e-001	 7.73422e-003
701	 3.4179687500e-001	 4.65121e-003
702	 3.4228515625e-001	-3.70410e-003
703	 3.4277343750e-001	-7.60347e-003
704	 3.4326171875e-001	-5.49204e-003
705	 3.4375000000e-001	 7.29501e-003
706	 3.4423828125e-001	 4.15609e-004
707	 3.4472656250e-001	 4.13239e-003
708	 3.4521484375e-001	-5.39375e-003
709	 3.4570312500e-001	-8.65972e-003
710	 3.4619140625e-001	 7.91430e-003
711	 3.4667968750e-001	-1.50528e-004
712	 3.4716796875e-001	 7.89371e-003
713	 3.4765625000e-001	 4.00524e-003
714	 3.4814453125e-001	-8.84512e-003
715	 3.4863281250e-001	 2.11579e-003
716	 3.4912109375e-001	-5.38508e-003
717	 3.4960937500e-001	 7.37339e-003
718	 3.5009765625e-001	 8.21055e-003
719	 3.5058593750e-001	-7.55832e-003
720	 3.5107421875e-001	-2.77567e-003
721	 3.5156250000e-001	-9.69712e-003
722	 3.5205078125e-001	 8.53484e-003
723	 3.5253906250e-001	 6.67299e-003
724	 3.5302734375e-001	-4.34945e-003
725	 3.5351562500e-001	-1.08468e-004
726	 3.5400390625e-001	-9.19815e-003
727	 3.5449218750e-001	 6.48741e-003
728	 3.5498046875e-001	-1.18653e-004
729	 3.5546875000e-001	 1.21127e-003
730	 3.5595703125e-001	 5.35864e-003
731	 3.5644531250e-001	-8.99612e-003
732	 3.5693359375e-001	 1.36818e-003
733	 3.5742187500e-001	-7.48480e-003
734	 3.5791015625e-001	 6.23735e-003
735	 3.5839843750e-001	 8.42159e-003
736	 3.5888671875e-001	-9.83287e-003
737	 3.5937500000e-001	-1.36236e-003
738	 3.5986328125e-001	-1.33736e-002
739	 3.6035156250e-001	 6.31123e-003
740	 3.6083984375e-001	 4.38379e-003
741	 3.6132812500e-001	-5.35057e-003
742	 3.6181640625e-001	 7.65481e-003
743	 3.6230468750e-001	-1.48777e-002
744	 3.6279296875e-001	 3.76278e-003
745	 3.6328125000e-001	 2.05258e-003
746	 3.6376953125e-001	 2.93523e-003
747	 3.6425781250e-001	 1.00905e-002
748	 3.6474609375e-001	-1.54324e-002
749	 3.6523437500e-001	 2.87648e-003
750	 3.6572265625e-001	-9.50315e-003
751	 3.6621093750e-001	 3.73039e-003
752	 3.6669921875e-001	 1.08611e-002
753	 3.6718750000e-001	-1.24838e-002
754	 3.6767578125e-001	 1.20405e-003
755	 3.6816406250e-001	-1.45546e-002
756	 3.6865234375e-001	 8.12408e-003
757	 3.6914062500e-001	 8.03971e-003
758	 3.6962890625e-001	-5.51842e-003
759	 3.7011718750e-001	 1.52608e-003
760	 3.7060546875e-001	-1.38159e-002
761	 3.7109375000e-001	 1.07832e-002
762	 3.7158203125e-001	 3.18677e-004
763	 3.7207031250e-001	 4.02813e-003
764	 3.7255859375e-001	 5.94564e-003
765	 3.7304687500e-001	-9.14042e-003
766	 3.7353515625e-001	 8.75881e-003
767	 3.7402343750e-001	-1.55523e-002
768	 3.7451171875e-001	 6.91977e-003
769	 3.7500000000e-001	 1.18704e-002
770	 3.7548828125e-001	-1.03577e-002
771	 3.7597656250e-001	 2.09303e-003
772	 3.7646484375e-001	-1.82321e-002
773	 3.7695312500e-001	 9.02853e-003
774	 3.7744140625e-001	 7.28506e-003
775	 3.7792968750e-001	-5.60281e-003
776	 3.7841796875e-001	 6.36705e-003
777	 3.7890625000e-001	-1.30437e-002
778	 3.7939453125e-001	 9.23595e-003
779	 3.7988281250e-001	-1.06215e-003
780	 3.8037109375e-001	 4.45772e-003
781	 3.8085937500e-001	 1.01890e-002
782	 3.8134765625e-001	-1.17235e-002
783	 3.8183593750e-001	 4.73000e-003
784	 3.8232421875e-001	-1.24537e-002
785	 3.8281250000e-001	 3.95496e-003
786	 3.8330078125e-001	 1.00576e-002
787	 3.8378906250e-001	-8.59814e-003
788	 3.8427734375e-001	-4.81509e-003
789	 3.8476562500e-001	-1.64641e-002
790	 3.8525390625e-001	 4.98907e-003
791	 3.8574218750e-001	 1.67148e-004
792	 3.8623046875e-001	-8.90810e-006
793	 3.8671875000e-001	-1.16638e-003
794	 3.8720703125e-001	-1.61412e-002
795	 3.8769531250e-001	 7.41747e-003
796	 3.8818359375e-001	-5.90413e-003
797	 3.8867187500e-001	 4.90949e-003
798	 3.8916015625e-001	 3.60474e-003
799	 3.8964843750e-001	-1.24587e-002
800	 3.9013671875e-001	 5.27311e-003
801	 3.9062500000e-001	-1.36613e-002
802	 3.9111328125e-001	 1.44618e-003
803	 3.9160156250e-001	 9.14527e-003
804	 3.9208984375e-001	-8.74650e-003
805	 3.9257812500e-001	-2.50600e-003
806	 3.9306640625e-001	-1.35296e-002
807	 3.9355468750e-001	 2.29219e-003
808	 3.9404296875e-001	 8.27623e-003
809	 3.9453125000e-001	-4.59490e-003
810	 3.9501953125e-001	-9.78446e-004
811	 3.9550781250e-001	-8.77621e-003
812	 3.9599609375e-001	 2.62061e-003
813	 3.9648437500e-001	 2.62941e-003
814	 3.9697265625e-001	 3.72232e-003
815	 3.9746093750e-001	 1.08612e-002
816	 3.9794921875e-001	-5.27878e-003
817	 3.9843750000e-001	 1.30195e-004
818	 3.9892578125e-001	-2.38636e-004
819	 3.9941406250e-001	 5.84522e-004
820	 3.9990234375e-001	 1.09715e-002
821	 4.0039062500e-001	 1.16534e-003
822	 4.0087890625e-001	-6.25178e-003
823	 4.0136718750e-001	-8.70181e-003
824	 4.0185546875e-001	 4.29445e-003
825	 4.0234375000e-001	 8.18914e-003
826	 4.0283203125e-001	 2.05829e-003
827	 4.0332031250e-001	 3.66724e-003
828	 4.0380859375e-001	-8.72943e-003
829	 4.0429687500e-001	 1.45231e-003
830	 4.0478515625e-001	 6.42087e-003
831	 4.0527343750e-001	 2.51681e-003
832	 4.0576171875e-001	 9.81468e-003
833	 4.0625000000e-001	-5.62163e-003
834	 4.0673828125e-001	-2.03385e-003
835	 4.0722656250e-001	-2.00632e-003
836	 4.0771484375e-001	-3.59469e-003
837	 4.0820312500e-001	 1.37711e-002
838	 4.0869140625e-001	-2.92547e-003
839	 4.0917968750e-001	-4.72700e-003
840	 4.0966796875e-001	-7.89603e-003
841	 4.1015625000e-001	-6.87092e-003
842	 4.1064453125e-001	 1.24790e-002
843	 4.1113281250e-001	-6.51271e-003
844	 4.1162109375e-001	-3.33206e-003
845	 4.1210937500e-001	-6.86853e-003
846	 4.1259765625e-001	-5.86093e-003
847	 4.1308593750e-001	 7.27496e-003
848	 4.1357421875e-001	-4.40640e-003
849	 4.1406250000e-001	 8.48152e-003
850	 4.1455078125e-001	-6.11008e-003
851	 4.1503906250e-001	-6.24955e-003
852	 4.1552734375e-001	-2.06921e-003
853	 4.1601562500e-001	-7.01942e-003
854	 4.1650390625e-001	 1.40234e-002
855	 4.1699218750e-001	-6.09063e-003
856	 4.1748046875e-001	-2.03186e-003
857	 4.1796875000e-001	-9.01808e-003
858	 4.1845703125e-001	-4.51870e-003
859	 4.1894531250e-001	 1.53159e-002
860	 4.1943359375e-001	-1.02541e-002
861	 4.1992187500e-001	 6.41628e-003
862	 4.2041015625e-001	-5.84289e-003
863	 4.2089843750e-001	-5.40665e-003
864	 4.2138671875e-001	 8.76741e-003
865	 4.2187500000e-001	-1.67227e-003
866	 4.2236328125e-001	 1.50334e-002
867	 4.2285156250e-001	-1.00114e-002
868	 4.2333984375e-001	-4.15470e-003
869	 4.2382812500e-001	-3.84370e-004
870	 4.2431640625e-001	-6.38235e-003
871	 4.2480468750e-001	 1.77187e-002
872	 4.2529296875e-001	-7.70155e-003
873	 4.2578125000e-001	-3.31844e-003
874	 4.2626953125e-001	-7.45382e-003
875	 4.2675781250e-001	-5.72701e-003
876	 4.2724609375e-001	 1.36093e-002
877	 4.2773437500e-001	-4.04240e-003
878	 4.2822265625e-001	 6.72474e-003
879	 4.2871093750e-001	-1.07435e-002
880	 4.2919921875e-001	-1.85253e-003
881	 4.2968750000e-001	 9.72930e-003
882	 4.3017578125e-001	-2.83693e-003
883	 4.3066406250e-001	 1.28083e-002
884	 4.3115234375e-001	-1.10793e-002
885	 4.3164062500e-001	-6.06077e-004
886	 4.3212890625e-001	-2.53467e-003
887	 4.3261718750e-001	-1.04916e-002
888	 4.3310546875e-001	 1.71347e-002
889	 4.3359375000e-001	-7.57731e-003
890	 4.3408203125e-001	-3.36873e-003
891	 4.3457031250e-001	-9.18489e-003
892	 4.3505859375e-001	-9.44753e-003
893	 4.3554687500e-001	 1.24357e-002
894	 4.3603515625e-001	-7.61303e-003
895	 4.3652343750e-001	 4.06448e-004
896	 4.3701171875e-001	-8.06937e-003
897	 4.3750000000e-001	-3.56386e-003
898	 4.3798828125e-001	 2.29444e-003
899	 4.3847656250e-001	-7.47649e-003
900	 4.3896484375e-001	 1.07027e-002
901	 4.3945312500e-001	-6.35449e-003
902	 4.3994140625e-001	-5.76096e-003
903	 4.4042968750e-001	-6.55525e-003
904	 4.4091796875e-001	-7.48394e-003
905	 4.4140625000e-001	 1.15368e-002
906	 4.4189453125e-001	-2.52334e-003
907	 4.4238281250e-001	-3.82763e-003
908	 4.4287109375e-001	-1.13172e-002
909	 4.4335937500e-001	-3.29870e-003
910	 4.4384765625e-001	 9.13306e-003
911	 4.4433593750e-001	-2.20898e-003
912	 4.4482421875e-001	 4.73303e-003
913	 4.4531250000e-001	-1.04361e-002
914	 4.4580078125e-001	-5.20497e-003
915	 4.4628906250e-001	 6.60921e-003
916	 4.4677734375e-001	 4.52978e-004
917	 4.4726562500e-001	 1.22945e-002
918	 4.4775390625e-001	-4.90190e-003
919	 4.4824218750e-001	-2.34598e-003
920	 4.4873046875e-001	 4.25250e-003
921	 4.4921875000e-001	-5.70611e-003
922	 4.4970703125e-001	 1.46265e-002
923	 4.5019531250e-001	 4.97722e-003
924	 4.5068359375e-001	-6.96750e-003
925	 4.5117187500e-001	-3.64759e-003
926	 4.5166015625e-001	-7.47602e-003
927	 4.5214843750e-001	 1.01906e-002
928	 4.5263671875e-001	 6.14705e-003
929	 4.5312500000e-001	-1.80158e-003
930	 4.5361328125e-001	-1.66157e-003
931	 4.5410156250e-001	-5.19951e-003
932	 4.5458984375e-001	 8.21471e-003
933	 4.5507812500e-001	 2.25349e-003
934	 4.5556640625e-001	 3.40535e-003
935	 4.5605468750e-001	 4.25643e-004
936	 4.5654296875e-001	-7.31927e-003
937	 4.5703125000e-001	-3.27014e-004
938	 4.5751953125e-001	-5.68309e-003
939	 4.5800781250e-001	 8.78083e-003
940	 4.5849609375e-001	 3.63502e-003
941	 4.5898437500e-001	-5.33835e-003
942	 4.5947265625e-001	-6.67022e-003
943	 4.5996093750e-001	-1.06808e-002
944	 4.6044921875e-001	 1.00713e-002
945	 4.6093750000e-001	-2.23414e-003
946	 4.6142578125e-001	-2.22857e-004
947	 4.6191406250e-001	-3.52688e-003
948	 4.6240234375e-001	-1.21122e-002
949	 4.6289062500e-001	 9.57481e-003
950	 4.6337890625e-001	-3.28858e-003
951	 4.6386718750e-001	 9.61385e-003
952	 4.6435546875e-001	 1.00354e-003
953	 4.6484375000e-001	-1.24928e-002
954	 4.6533203125e-001	 5.80337e-003
955	 4.6582031250e-001	-1.34462e-002
956	 4.6630859375e-001	 8.46661e-003
957	 4.6679687500e-001	 6.13639e-003
958	 4.6728515625e-001	-1.22338e-002
959	 4.6777343750e-001	 2.83005e-004
960	 4.6826171875e-001	-1.33562e-002
961	 4.6875000000e-001	 9.24057e-003
962	 4.6923828125e-001	 4.73660e-003
963	 4.6972656250e-001	-3.13149e-003
964	 4.7021484375e-001	 6.28117e-004
965	 4.7070312500e-001	-9.46218e-003
966	 4.7119140625e-001	 1.20301e-002
967	 4.7167968750e-001	 7.91749e-005
968	 4.7216796875e-001	 5.54484e-003
969	 4.7265625000e-001	 4.05633e-003
970	 4.7314453125e-001	-8.99860e-003
971	 4.7363281250e-001	 3.74588e-003
972	 4.7412109375e-001	-9.72192e-003
973	 4.7460937500e-001	 9.02150e-003
974	 4.7509765625e-001	 1.80633e-003
975	 4.7558593750e-001	-8.40887e-003
976	 4.7607421875e-001	-2.91094e-003
977	 4.7656250000e-001	-1.60700e-002
978	 4.7705078125e-001	 1.41331e-002
979	 4.7753906250e-001	-2.59061e-003
980	 4.7802734375e-001	-3.31266e-003
981	 4.7851562500e-001	 1.41318e-003
982	 4.7900390625e-001	-1.42413e-002
983	 4.7949218750e-001	 1.09796e-002
984	 4.7998046875e-001	-8.46635e-003
985	 4.8046875000e-001	 7.68286e-003
986	 4.8095703125e-001	 3.38944e-003
987	 4.8144531250e-001	-1.40273e-002
988	 4.8193359375e-001	 4.13514e-003
989	 4.8242187500e-001	-1.51046e-002
990	 4.8291015625e-001	 1.06778e-002
991	 4.8339843750e-001	 4.90286e-003
992	 4.8388671875e-001	-9.37440e-003
993	 4.8437500000e-001	-3.75078e-003
994	 4.8486328125e-001	-1.74893e-002
995	 4.8535156250e-001	 9.72215e-003
996	 4.8583984375e-001	-9.61747e-004
997	 4.8632812500e-001	-2.89064e-004
998	 4.8681640625e-001	-1.54584e-003
999	 4.8730468750e-001	-1.29691e-002
1000	 4.8779296875e-001	 1.10440e-002
1001	 4.8828125000e-001	-1.16664e-003
1002	 4.8876953125e-001	 1.07423e-002
1003	 4.8925781250e-001	 2.23282e-003
1004	 4.8974609375e-001	-6.89492e-003
1005	 4.9023437500e-001	 4.08814e-003
1006	 4.9072265625e-001	-1.15773e-002
1007	 4.9121093750e-001	 1.14406e-002
1008	 4.9169921875e-001	 3.72965e-003
1009	 4.9218750000e-001	-3.58800e-003
1010	 4.9267578125e-001	-2.47578e-003
1011	 4.9316406250e-001	-1.26008e-002
1012	 4.9365234375e-001	 1.47025e-002
1013	 4.9414062500e-001	 2.73666e-003
1014	 4.9462890625e-001	-4.17872e-004
1015	 4.9511718750e-001	 1.15456e-003
1016	 4.9560546875e-001	-7.30627e-003
1017	 4.9609375000e-001	 7.79961e-003
1018	 4.9658203125e-001	-2.24481e-003
1019	 4.9707031250e-001	 9.28391e-003
1020	 4.9755859375e-001	 5.19657e-003
1021	 4.9804687500e-001	-4.71415e-003
1022	 4.9853515625e-001	 1.18661e-003
1023	 4.9902343750e-001	-1.12459e-002
1024	 4.9951171875e-001	 9.86056e-003
1025	 5.0000000000e-001	 7.52939e-003
1026	 5.0048828125e-001	-5.82757e-003
1027	 5.0097656250e-001	-2.90421e-003
1028	 5.0146484375e-001	-8.15825e-003
1029	 5.0195312500e-001	 8.93928e-003
1030	 5.0244140625e-001	 3.92274e-003
1031	 5.0292968750e-001	 8.90885e-004
1032	 5.0341796875e-001	 3.72276e-004
1033	 5.0390625000e-001	-9.95201e-003
1034	 5.0439453125e-001	 4.22054e-003
1035	 5.0488281250e-001	 2.58494e-003
1036	 5.0537109375e-001	 7.22851e-003
1037	 5.0585937500e-001	 2.66051e-003
1038	 5.0634765625e-001	-1.12377e-002
1039	 5.0683593750e-001	 1.23721e-003
1040	 5.0732421875e-001	-6.56308e-003
1041	 5.0781250000e-001	 2.13665e-003
1042	 5.0830078125e-001	 1.11524e-002
1043	 5.0878906250e-001	-6.20004e-003
1044	 5.0927734375e-001	-3.35103e-003
1045	 5.0976562500e-001	-1.01014e-002
1046	 5.1025390625e-001	 4.01068e-004
1047	 5.1074218750e-001	 8.22196e-003
1048	 5.1123046875e-001	-2.89003e-003
1049	 5.1171875000e-001	-2.41923e-003
1050	 5.1220703125e-001	-1.06500e-002
1051	 5.1269531250e-001	 3.33741e-003
1052	 5.1318359375e-001	 2.60963e-003
1053	 5.1367187500e-001	 2.68821e-003
1054	 5.1416015625e-001	 6.77501e-003
1055	 5.1464843750e-001	-9.68844e-003
1056	 5.1513671875e-001	 3.84843e-003
1057	 5.1562500000e-001	-8.99545e-003
1058	 5.1611328125e-001	 9.49912e-005
1059	 5.1660156250e-001	 1.13492e-002
1060	 5.1708984375e-001	-1.04149e-002
1061	 5.1757812500e-001	 1.14377e-003
1062	 5.1806640625e-001	-1.40192e-002
1063	 5.1855468750e-001	 4.29140e-003
1064	 5.1904296875e-001	 1.03837e-002
1065	 5.1953125000e-001	-4.86116e-003
1066	 5.2001953125e-001	 6.78541e-003
1067	 5.2050781250e-001	-1.25794e-002
1068	 5.2099609375e-001	 5.56244e-003
1069	 5.2148437500e-001	 1.25898e-003
1070	 5.2197265625e-001	 9.52986e-004
1071	 5.2246093750e-001	 1.30061e-002
1072	 5.2294921875e-001	-1.43476e-002
1073	 5.2343750000e-001	 3.28586e-003
1074	 5.2392578125e-001	-5.90824e-003
1075	 5.2441406250e-001	-4.98952e-003
1076	 5.2490234375e-001	 1.35744e-002
1077	 5.2539062500e-001	-9.15588e-003
1078	 5.2587890625e-001	-5.64747e-003
1079	 5.2636718750e-001	-1.31471e-002
1080	 5.2685546875e-001	 3.10255e-004
1081	 5.2734375000e-001	 7.60076e-003
1082	 5.2783203125e-001	-4.99874e-003
1083	 5.2832031250e-001	 2.29841e-003
1084	 5.2880859375e-001	-1.43234e-002
1085	 5.2929687500e-001	 3.90866e-003
1086	 5.2978515625e-001	 3.23558e-003
1087	 5.3027343750e-001	 2.69893e-004
1088	 5.3076171875e-001	 8.89144e-003
1089	 5.3125000000e-001	-1.40296e-002
1090	 5.3173828125e-001	 2.78347e-003
1091	 5.3222656250e-001	-8.67095e-003
1092	 5.3271484375e-001	-3.31815e-004
1093	 5.3320312500e-001	 1.20377e-002
1094	 5.3369140625e-001	-1.07825e-002
1095	 5.3417968750e-001	 2.22258e-003
1096	 5.3466796875e-001	-1.44110e-002
1097	 5.3515625000e-001	 1.46587e-003
1098	 5.3564453125e-001	 1.08731e-002
1099	 5.3613281250e-001	-5.57121e-003
1100	 5.3662109375e-001	 6.98597e-003
1101	 5.3710937500e-001	-1.08235e-002
1102	 5.3759765625e-001	 2.23981e-003
1103	 5.3808593750e-001	 3.16474e-003
1104	 5.3857421875e-001	-2.77527e-005
1105	 5.3906250000e-001	 9.30307e-003
1106	 5.3955078125e-001	-9.28110e-003
1107	 5.4003906250e-001	-8.80688e-004
1108	 5.4052734375e-001	-8.44528e-003
1109	 5.4101562500e-001	-1.75199e-003
1110	 5.4150390625e-001	 7.48562e-003
1111	 5.4199218750e-001	-5.64369e-003
1112	 5.4248046875e-001	-3.33001e-003
1113	 5.4296875000e-001	-1.48270e-002
1114	 5.4345703125e-001	-7.98179e-004
1115	 5.4394531250e-001	 2.72349e-003
1116	 5.4443359375e-001	-2.62451e-003
1117	 5.4492187500e-001	 2.48908e-003
1118	 5.4541015625e-001	-1.38671e-002
1119	 5.4589843750e-001	 7.73371e-004
1120	 5.4638671875e-001	 1.83943e-003
1121	 5.4687500000e-001	 6.45292e-004
1122	 5.4736328125e-001	 9.13766e-003
1123	 5.4785156250e-001	-1.00816e-002
1124	 5.4833984375e-001	-2.72168e-004
1125	 5.4882812500e-001	-5.78928e-003
1126	 5.4931640625e-001	-4.34597e-003
1127	 5.4980468750e-001	 9.84620e-003
1128	 5.5029296875e-001	-9.43935e-003
1129	 5.5078125000e-001	-4.11779e-003
1130	 5.5126953125e-001	-1.17121e-002
1131	 5.5175781250e-001	-4.19129e-003
1132	 5.5224609375e-001	 1.10460e-002
1133	 5.5273437500e-001	-4.22367e-003
1134	 5.5322265625e-001	-2.63695e-004
1135	 5.5371093750e-001	-7.31095e-003
1136	 5.5419921875e-001	 7.64651e-004
1137	 5.5468750000e-001	 3.25935e-003
1138	 5.5517578125e-001	-2.94486e-003
1139	 5.5566406250e-001	 7.38645e-003
1140	 5.5615234375e-001	-6.16169e-003
1141	 5.5664062500e-001	-2.80796e-003
1142	 5.5712890625e-001	-5.99801e-003
1143	 5.5761718750e-001	-3.58096e-003
1144	 5.5810546875e-001	 1.31482e-002
1145	 5.5859375000e-001	-4.70417e-003
1146	 5.5908203125e-001	-4.32198e-003
1147	 5.5957031250e-001	-1.06949e-002
1148	 5.6005859375e-001	-3.72517e-003
1149	 5.6054687500e-001	 1.11936e-002
1150	 5.6103515625e-001	-6.22813e-003
1151	 5.6152343750e-001	 7.72780e-003
1152	 5.6201171875e-001	-5.42757e-003
1153	 5.6250000000e-001	-5.46117e-003
1154	 5.6298828125e-001	 6.55294e-003
1155	 5.6347656250e-001	-3.67204e-003
1156	 5.6396484375e-001	 1.51407e-002
1157	 5.6445312500e-001	-6.97157e-003
1158	 5.6494140625e-001	-3.96750e-003
1159	 5.6542968750e-001	-1.04273e-004
1160	 5.6591796875e-001	-1.08145e-002
1161	 5.6640625000e-001	 1.70167e-002
1162	 5.6689453125e-001	-4.35553e-003
1163	 5.6738281250e-001	-5.07067e-003
1164	 5.6787109375e-001	-7.68967e-003
1165	 5.6835937500e-001	-9.14385e-003
1166	 5.6884765625e-001	 1.43726e-002
1167	 5.6933593750e-001	-3.74788e-003
1168	 5.6982421875e-001	 1.21366e-003
1169	 5.7031250000e-001	-9.45092e-003
1170	 5.7080078125e-001	-3.47640e-003
1171	 5.7128906250e-001	 7.60917e-003
1172	 5.7177734375e-001	-5.54679e-003
1173	 5.7226562500e-001	 9.68185e-003
1174	 5.7275390625e-001	-7.04534e-003
1175	 5.7324218750e-001	 1.65583e-003
1176	 5.7373046875e-001	-2.78437e-003
1177	 5.7421875000e-001	-1.31482e-002
1178	 5.7470703125e-001	 1.73826e-002
1179	 5.7519531250e-001	-5.66657e-003
1180	 5.7568359375e-001	-4.75251e-003
1181	 5.7617187500e-001	-1.06658e-002
1182	 5.7666015625e-001	-9.65261e-003
1183	 5.7714843750e-001	 1.78964e-002
1184	 5.7763671875e-001	-8.76003e-003
1185	 5.7812500000e-001	 3.50971e-003
1186	 5.7861328125e-001	-6.20571e-003
1187	 5.7910156250e-001	-5.27240e-003
1188	 5.7958984375e-001	 9.65794e-003
1189	 5.8007812500e-001	-7.13437e-003
1190	 5.8056640625e-001	 1.69853e-002
1191	 5.8105468750e-001	-5.19506e-003
1192	 5.8154296875e-001	-4.53380e-003
1193	 5.8203125000e-001	 1.84173e-003
1194	 5.8251953125e-001	-1.22922e-002
1195	 5.8300781250e-001	 1.31080e-002
1196	 5.8349609375e-001	-1.42547e-003
1197	 5.8398437500e-001	-2.96613e-003
1198	 5.8447265625e-001	-8.00463e-003
1199	 5.8496093750e-001	-5.90648e-003
1200	 5.8544921875e-001	 1.01194e-002
1201	 5.8593750000e-001	-1.82691e-003
1202	 5.8642578125e-001	 9.24133e-003
1203	 5.8691406250e-001	-9.48391e-003
1204	 5.8740234375e-001	-4.14139e-003
1205	 5.8789062500e-001	 6.94685e-003
1206	 5.8837890625e-001	-1.97248e-003
1207	 5.8886718750e-001	 1.46575e-002
1208	 5.8935546875e-001	-6.11352e-003
1209	 5.8984375000e-001	-5.68925e-004
1210	 5.9033203125e-001	 1.12243e-004
1211	 5.9082031250e-001	-7.86275e-003
1212	 5.9130859375e-001	 1.17567e-002
1213	 5.9179687500e-001	-4.76268e-003
1214	 5.9228515625e-001	-8.28212e-004
1215	 5.9277343750e-001	-5.20889e-003
1216	 5.9326171875e-001	-9.35557e-003
1217	 5.9375000000e-001	 9.45698e-003
1218	 5.9423828125e-001	-6.31118e-004
1219	 5.9472656250e-001	 9.58209e-004
1220	 5.9521484375e-001	-7.41469e-003
1221	 5.9570312500e-001	-6.86120e-003
1222	 5.9619140625e-001	 4.77384e-003
1223	 5.9667968750e-001	-1.84826e-003
1224	 5.9716796875e-001	 8.01450e-003
1225	 5.9765625000e-001	-1.98694e-003
1226	 5.9814453125e-001	-8.07151e-003
1227	 5.9863281250e-001	-2.14621e-003
1228	 5.9912109375e-001	-6.20814e-003
1229	 5.9960937500e-001	 5.45596e-003
1230	 6.0009765625e-001	 4.35478e-003
1231	 6.0058593750e-001	-2.86173e-003
1232	 6.0107421875e-001	-1.16935e-002
1233	 6.0156250000e-001	-6.54376e-003
1234	 6.0205078125e-001	 9.05386e-003
1235	 6.0253906250e-001	 1.40608e-003
1236	 6.0302734375e-001	 2.23990e-003
1237	 6.0351562500e-001	-4.33608e-003
1238	 6.0400390625e-001	-7.99847e-003
1239	 6.0449218750e-001	 5.51576e-003
1240	 6.0498046875e-001	 4.31972e-003
1241	 6.0546875000e-001	 6.17568e-003
1242	 6.0595703125e-001	 4.58893e-004
1243	 6.0644531250e-001	-7.93792e-003
1244	 6.0693359375e-001	-1.86011e-003
1245	 6.0742187500e-001	-5.00489e-003
1246	 6.0791015625e-001	 8.23840e-003
1247	 6.0839843750e-001	 7.07205e-003
1248	 6.0888671875e-001	-9.58417e-003
1249	 6.0937500000e-001	-3.48518e-003
1250	 6.0986328125e-001	-1.01356e-002
1251	 6.1035156250e-001	 7.46623e-003
1252	 6.1083984375e-001	 7.01102e-003
1253	 6.1132812500e-001	-6.75491e-003
1254	 6.1181640625e-001	 3.35078e-006
1255	 6.1230468750e-001	-1.19769e-002
1256	 6.1279296875e-001	 6.85689e-003
1257	 6.1328125000e-001	 2.00851e-003
1258	 6.1376953125e-001	 1.03000e-003
1259	 6.1425781250e-001	 6.64088e-003
1260	 6.1474609375e-001	-1.18800e-002
1261	 6.1523437500e-001	 3.73504e-003
1262	 6.1572265625e-001	-8.97732e-003
1263	 6.1621093750e-001	 5.67135e-003
1264	 6.1669921875e-001	 7.05564e-003
1265	 6.1718750000e-001	-1.32236e-002
1266	 6.1767578125e-001	 8.31575e-004
1267	 6.1816406250e-001	-1.66803e-002
1268	 6.1865234375e-001	 7.91951e-003
1269	 6.1914062500e-001	 3.24912e-003
1270	 6.1962890625e-001	-4.52723e-003
1271	 6.2011718750e-001	 8.09082e-003
1272	 6.2060546875e-001	-1.59829e-002
1273	 6.2109375000e-001	 8.43408e-003
1274	 6.2158203125e-001	-1.79393e-003
1275	 6.2207031250e-001	 5.78078e-003
1276	 6.2255859375e-001	 8.00715e-003
1277	 6.2304687500e-001	-1.60996e-002
1278	 6.2353515625e-001	 5.71695e-003
1279	 6.2402343750e-001	-1.36609e-002
1280	 6.2451171875e-001	 8.20527e-003
1281	 6.2500000000e-001	 7.45024e-003
1282	 6.2548828125e-001	-1.35937e-002
1283	 6.2597656250e-001	 1.37793e-003
1284	 6.2646484375e-001	-2.08332e-002
1285	 6.2695312500e-001	 7.44429e-003
1286	 6.2744140625e-001	 3.16796e-003
1287	 6.2792968750e-001	-4.43916e-003
1288	 6.2841796875e-001	 5.70442e-004
1289	 6.2890625000e-001	-1.68978e-002
1290	 6.2939453125e-001	 1.35481e-002
1291	 6.2988281250e-001	-2.21274e-003
1292	 6.3037109375e-001	 7.27171e-003
1293	 6.3085937500e-001	 4.09627e-003
1294	 6.3134765625e-001	-1.26750e-002
1295	 6.3183593750e-001	 1.00994e-002
1296	 6.3232421875e-001	-1.71364e-002
1297	 6.3281250000e-001	 9.90530e-003
1298	 6.3330078125e-001	 8.56921e-003
1299	 6.3378906250e-001	-1.10294e-002
1300	 6.3427734375e-001	 8.78354e-004
1301	 6.3476562500e-001	-1.99771e-002
1302	 6.3525390625e-001	 1.16409e-002
1303	 6.3574218750e-001	 1.24486e-003
1304	 6.3623046875e-001	-6.90154e-003
1305	 6.3671875000e-001	 1.21510e-003
1306	 6.3720703125e-001	-1.29017e-002
1307	 6.3769531250e-001	 1.03054e-002
1308	 6.3818359375e-001	-4.85141e-003
1309	 6.3867187500e-001	 8.25229e-003
1310	 6.3916015625e-001	 5.66534e-003
1311	 6.3964843750e-001	-1.12095e-002
1312	 6.4013671875e-001	 2.96659e-003
1313	 6.4062500000e-001	-1.40940e-002
1314	 6.4111328125e-001	 6.91919e-003
1315	 6.4160156250e-001	 4.45017e-003
1316	 6.4208984375e-001	-6.13819e-003
1317	 6.4257812500e-001	-5.84682e-003
1318	 6.4306640625e-001	-1.51697e-002
1319	 6.4355468750e-001	 9.47694e-003
1320	 6.4404296875e-001	-2.28639e-003
1321	 6.4453125000e-001	 9.73256e-004
1322	 6.4501953125e-001	-9.42841e-004
1323	 6.4550781250e-001	-1.27899e-002
1324	 6.4599609375e-001	 6.79293e-003
1325	 6.4648437500e-001	-4.53775e-003
1326	 6.4697265625e-001	 1.02927e-002
1327	 6.4746093750e-001	 2.97678e-003
1328	 6.4794921875e-001	-1.03819e-002
1329	 6.4843750000e-001	 5.91964e-003
1330	 6.4892578125e-001	-1.00855e-002
1331	 6.4941406250e-001	 4.27690e-003
1332	 6.4990234375e-001	 8.29775e-003
1333	 6.5039062500e-001	-7.24883e-003
1334	 6.5087890625e-001	-5.09828e-003
1335	 6.5136718750e-001	-8.98526e-003
1336	 6.5185546875e-001	 3.56560e-003
1337	 6.5234375000e-001	 6.57429e-003
1338	 6.5283203125e-001	-4.49187e-004
1339	 6.5332031250e-001	-3.72081e-003
1340	 6.5380859375e-001	-4.99884e-003
1341	 6.5429687500e-001	 5.96729e-003
1342	 6.5478515625e-001	 2.69831e-003
1343	 6.5527343750e-001	 4.46216e-003
1344	 6.5576171875e-001	 5.00268e-003
1345	 6.5625000000e-001	-3.20597e-003
1346	 6.5673828125e-001	-3.17507e-003
1347	 6.5722656250e-001	-6.45958e-003
1348	 6.5771484375e-001	 3.71696e-003
1349	 6.5820312500e-001	 4.56103e-003
1350	 6.5869140625e-001	-3.00434e-003
1351	 6.5917968750e-001	-5.10801e-003
1352	 6.5966796875e-001	-1.27310e-002
1353	 6.6015625000e-001	 5.03971e-003
1354	 6.6064453125e-001	 4.78293e-003
1355	 6.6113281250e-001	-5.74785e-003
1356	 6.6162109375e-001	 9.59579e-004
1357	 6.6210937500e-001	-9.26384e-003
1358	 6.6259765625e-001	 6.45046e-006
1359	 6.6308593750e-001	 1.41051e-004
1360	 6.6357421875e-001	 1.13881e-003
1361	 6.6406250000e-001	 9.60755e-003
1362	 6.6455078125e-001	-1.11242e-002
1363	 6.6503906250e-001	-2.08173e-003
1364	 6.6552734375e-001	-4.88112e-003
1365	 6.6601562500e-001	-4.28547e-003
1366	 6.6650390625e-001	 1.41339e-002
1367	 6.6699218750e-001	-9.16821e-003
1368	 6.6748046875e-001	-7.59966e-003
1369	 6.6796875000e-001	-1.01441e-002
1370	 6.6845703125e-001	-6.31870e-003
1371	 6.6894531250e-001	 9.11156e-003
1372	 6.6943359375e-001	-5.47551e-003
1373	 6.6992187500e-001	 2.29305e-003
1374	 6.7041015625e-001	-9.07184e-003
1375	 6.7089843750e-001	-9.57335e-004
1376	 6.7138671875e-001	 6.48279e-003
1377	 6.7187500000e-001	-2.93355e-003
1378	 6.7236328125e-001	 9.60216e-003
1379	 6.7285156250e-001	-1.04346e-002
1380	 6.7333984375e-001	-4.27369e-004
1381	 6.7382812500e-001	-2.25291e-003
1382	 6.7431640625e-001	-2.43253e-003
1383	 6.7480468750e-001	 1.32908e-002
1384	 6.7529296875e-001	-9.90946e-003
1385	 6.7578125000e-001	 1.19627e-003
1386	 6.7626953125e-001	-1.01409e-002
1387	 6.7675781250e-001	 3.59248e-004
1388	 6.7724609375e-001	 1.51422e-002
1389	 6.7773437500e-001	-9.05780e-003
1390	 6.7822265625e-001	 8.13350e-003
1391	 6.7871093750e-001	-9.30070e-003
1392	 6.7919921875e-001	 3.54518e-003
1393	 6.7968750000e-001	 7.84771e-003
1394	 6.8017578125e-001	-5.09009e-003
1395	 6.8066406250e-001	 1.57746e-002
1396	 6.8115234375e-001	-1.16426e-002
1397	 6.8164062500e-001	 8.33706e-004
1398	 6.8212890625e-001	-3.50424e-003
1399	 6.8261718750e-001	-5.53447e-003
1400	 6.8310546875e-001	 1.74288e-002
1401	 6.8359375000e-001	-1.02758e-002
1402	 6.8408203125e-001	-3.12461e-003
1403	 6.8457031250e-001	-1.28016e-002
1404	 6.8505859375e-001	-3.53578e-003
1405	 6.8554687500e-001	 1.06355e-002
1406	 6.8603515625e-001	-6.03609e-003
1407	 6.8652343750e-001	 4.39635e-003
1408	 6.8701171875e-001	-1.60842e-002
1409	 6.8750000000e-001	 4.20047e-004
1410	 6.8798828125e-001	 3.04679e-003
1411	 6.8847656250e-001	-2.47938e-003
1412	 6.8896484375e-001	 1.07983e-002
1413	 6.8945312500e-001	-1.44898e-002
1414	 6.8994140625e-001	 3.06099e-003
1415	 6.9042968750e-001	-9.50784e-003
1416	 6.9091796875e-001	-5.05060e-003
1417	 6.9140625000e-001	 1.49398e-002
1418	 6.9189453125e-001	-1.22656e-002
1419	 6.9238281250e-001	-7.80701e-004
1420	 6.9287109375e-001	-1.46336e-002
1421	 6.9335937500e-001	-2.75530e-003
1422	 6.9384765625e-001	 1.02950e-002
1423	 6.9433593750e-001	-7.46505e-003
1424	 6.9482421875e-001	 4.15685e-003
1425	 6.9531250000e-001	-1.19567e-002
1426	 6.9580078125e-001	 6.96794e-004
1427	 6.9628906250e-001	 2.09426e-003
1428	 6.9677734375e-001	-1.46356e-003
1429	 6.9726562500e-001	 1.21553e-002
1430	 6.9775390625e-001	-8.90203e-003
1431	 6.9824218750e-001	 2.40208e-003
1432	 6.9873046875e-001	-7.39968e-003
1433	 6.9921875000e-001	-3.84647e-003
1434	 6.9970703125e-001	 1.22378e-002
1435	 7.0019531250e-001	-6.42861e-003
1436	 7.0068359375e-001	-1.45411e-003
1437	 7.0117187500e-001	-1.54600e-002
1438	 7.0166015625e-001	-1.33710e-003
1439	 7.0214843750e-001	 1.04819e-002
1440	 7.0263671875e-001	-3.17419e-004
1441	 7.0312500000e-001	 6.18508e-003
1442	 7.0361328125e-001	-1.09933e-002
1443	 7.0410156250e-001	 4.31347e-004
1444	 7.0458984375e-001	 6.18087e-003
1445	 7.0507812500e-001	 4.47006e-003
1446	 7.0556640625e-001	 1.13593e-002
1447	 7.0605468750e-001	-7.28465e-003
1448	 7.0654296875e-001	 1.06544e-003
1449	 7.0703125000e-001	 1.30674e-003
1450	 7.0751953125e-001	-4.16430e-003
1451	 7.0800781250e-001	 1.14816e-002
1452	 7.0849609375e-001	 2.25818e-003
1453	 7.0898437500e-001	-4.19459e-003
1454	 7.0947265625e-001	-8.09087e-003
1455	 7.0996093750e-001	-5.55274e-003
1456	 7.1044921875e-001	 1.16796e-002
1457	 7.1093750000e-001	 3.17786e-003
1458	 7.1142578125e-001	-1.61247e-003
1459	 7.1191406250e-001	-7.67353e-003
1460	 7.1240234375e-001	-3.45762e-003
1461	 7.1289062500e-001	 8.13457e-003
1462	 7.1337890625e-001	-2.96396e-003
1463	 7.1386718750e-001	 9.02583e-003
1464	 7.1435546875e-001	-7.89329e-004
1465	 7.1484375000e-001	-6.13731e-003
1466	 7.1533203125e-001	-1.29139e-004
1467	 7.1582031250e-001	-1.05775e-002
1468	 7.1630859375e-001	 1.21778e-002
1469	 7.1679687500e-001	 5.32264e-004
1470	 7.1728515625e-001	-4.79391e-003
1471	 7.1777343750e-001	-5.05175e-003
1472	 7.1826171875e-001	-1.09074e-002
1473	 7.1875000000e-001	 1.70222e-002
1474	 7.1923828125e-001	-2.30432e-003
1475	 7.1972656250e-001	 2.23124e-003
1476	 7.2021484375e-001	 1.35345e-003
1477	 7.2070312500e-001	-6.71836e-003
1478	 7.2119140625e-001	 1.20394e-002
1479	 7.2167968750e-001	-1.99078e-003
1480	 7.2216796875e-001	 1.53488e-002
1481	 7.2265625000e-001	 2.91124e-003
1482	 7.2314453125e-001	-6.01456e-003
1483	 7.2363281250e-001	 5.95761e-003
1484	 7.2412109375e-001	-6.87978e-003
1485	 7.2460937500e-001	 1.70551e-002
1486	 7.2509765625e-001	 2.51764e-003
1487	 7.2558593750e-001	-4.68571e-003
1488	 7.2607421875e-001	-1.94701e-003
1489	 7.2656250000e-001	-7.15855e-003
1490	 7.2705078125e-001	 1.51481e-002
1491	 7.2753906250e-001	-1.44387e-003
1492	 7.2802734375e-001	 6.27414e-003
1493	 7.2851562500e-001	-4.24565e-003
1494	 7.2900390625e-001	-7.25711e-003
1495	 7.2949218750e-001	 1.48107e-002
1496	 7.2998046875e-001	-2.92850e-003
1497	 7.3046875000e-001	 1.58669e-002
1498	 7.3095703125e-001	-2.65877e-003
1499	 7.3144531250e-001	-5.95807e-003
1500	 7.3193359375e-001	 4.57268e-003
1501	 7.3242187500e-001	-1.22329e-002
1502	 7.3291015625e-001	 1.80887e-002
1503	 7.3339843750e-001	-5.47893e-003
1504	 7.3388671875e-001	-5.05902e-003
1505	 7.3437500000e-001	-2.93847e-003
1506	 7.3486328125e-001	-1.58065e-002
1507	 7.3535156250e-001	 1.77293e-002
1508	 7.3583984375e-001	-5.99831e-003
1509	 7.3632812500e-001	 1.38656e-003
1510	 7.3681640625e-001	-2.36494e-003
1511	 7.3730468750e-001	-7.64500e-003
1512	 7.3779296875e-001	 1.23326e-002
1513	 7.3828125000e-001	-4.89445e-003
1514	 7.3876953125e-001	 1.39710e-002
1515	 7.3925781250e-001	-1.08881e-003
1516	 7.3974609375e-001	-4.27525e-003
1517	 7.4023437500e-001	 2.78877e-003
1518	 7.4072265625e-001	-8.60026e-003
1519	 7.4121093750e-001	 1.60105e-002
1520	 7.4169921875e-001	 1.29998e-003
1521	 7.4218750000e-001	 8.95387e-004
1522	 7.4267578125e-001	-5.48539e-003
1523	 7.4316406250e-001	-8.44724e-003
1524	 7.4365234375e-001	 1.32651e-002
1525	 7.4414062500e-001	-2.92479e-003
1526	 7.4462890625e-001	 8.36277e-003
1527	 7.4511718750e-001	-3.94760e-003
1528	 7.4560546875e-001	-7.51544e-003
1529	 7.4609375000e-001	 8.72294e-003
1530	 7.4658203125e-001	-2.63140e-003
1531	 7.4707031250e-001	 1.73428e-002
1532	 7.4755859375e-001	 1.75378e-003
1533	 7.4804687500e-001	-2.82594e-003
1534	 7.4853515625e-001	 4.64495e-003
1535	 7.4902343750e-001	-6.95653e-003
1536	 7.4951171875e-001	 1.80288e-002
1537	 7.5000000000e-001	 6.20322e-003
1538	 7.5048828125e-001	-3.09490e-003
1539	 7.5097656250e-001	-1.91071e-003
1540	 7.5146484375e-001	-6.77314e-003
1541	 7.5195312500e-001	 1.45905e-002
1542	 7.5244140625e-001	 5.70643e-003
1543	 7.5292968750e-001	 2.52887e-003
1544	 7.5341796875e-001	 1.39316e-004
1545	 7.5390625000e-001	-1.07131e-003
1546	 7.5439453125e-001	 1.02003e-002
1547	 7.5488281250e-001	 3.55275e-003
1548	 7.5537109375e-001	 8.81548e-003
1549	 7.5585937500e-001	 1.88339e-003
1550	 7.5634765625e-001	-6.54521e-004
1551	 7.5683593750e-001	 3.15575e-004
1552	 7.5732421875e-001	-7.08070e-003
1553	 7.5781250000e-001	 1.22719e-002
1554	 7.5830078125e-001	 7.56119e-003
1555	 7.5878906250e-001	-4.34204e-003
1556	 7.5927734375e-001	-4.08768e-003
1557	 7.5976562500e-001	-8.32926e-003
1558	 7.6025390625e-001	 9.74557e-003
1559	 7.6074218750e-001	 3.59821e-003
1560	 7.6123046875e-001	-1.73318e-003
1561	 7.6171875000e-001	 7.51340e-004
1562	 7.6220703125e-001	-1.08196e-002
1563	 7.6269531250e-001	 4.27937e-003
1564	 7.6318359375e-001	 1.54819e-003
1565	 7.6367187500e-001	 7.79128e-003
1566	 7.6416015625e-001	 6.47949e-003
1567	 7.6464843750e-001	-1.17014e-002
1568	 7.6513671875e-001	 3.52172e-003
1569	 7.6562500000e-001	-7.58254e-003
1570	 7.6611328125e-001	 4.00127e-003
1571	 7.6660156250e-001	 1.31020e-002
1572	 7.6708984375e-001	-9.39449e-003
1573	 7.6757812500e-001	-2.24218e-003
1574	 7.6806640625e-001	-1.08810e-002
1575	 7.6855468750e-001	 4.88949e-003
1576	 7.6904296875e-001	 7.43287e-003
1577	 7.6953125000e-001	-4.00190e-003
1578	 7.7001953125e-001	 1.13130e-003
1579	 7.7050781250e-001	-1.00316e-002
1580	 7.7099609375e-001	 1.17963e-002
1581	 7.7148437500e-001	 3.61724e-003
1582	 7.7197265625e-001	 3.09949e-003
1583	 7.7246093750e-001	 9.73556e-003
1584	 7.7294921875e-001	-8.79134e-003
1585	 7.7343750000e-001	 8.07378e-003
1586	 7.7392578125e-001	-7.87177e-003
1587	 7.7441406250e-001	 5.84801e-003
1588	 7.7490234375e-001	 1.49344e-002
1589	 7.7539062500e-001	-7.30769e-003
1590	 7.7587890625e-001	 6.36130e-003
1591	 7.7636718750e-001	-1.33398e-002
1592	 7.7685546875e-001	 1.01513e-002
1593	 7.7734375000e-001	 1.04198e-002
1594	 7.7783203125e-001	-7.36665e-003
1595	 7.7832031250e-001	 9.50339e-003
1596	 7.7880859375e-001	-1.35953e-002
1597	 7.7929687500e-001	 9.90916e-003
1598	 7.7978515625e-001	 2.61494e-003
1599	 7.8027343750e-001	 4.98089e-003
1600	 7.8076171875e-001	 1.57967e-002
1601	 7.8125000000e-001	-1.47906e-002
1602	 7.8173828125e-001	 8.14185e-003
1603	 7.8222656250e-001	-6.34325e-003
1604	 7.8271484375e-001	 3.58515e-003
1605	 7.8320312500e-001	 1.30423e-002
1606	 7.8369140625e-001	-1.00425e-002
1607	 7.8417968750e-001	 1.74683e-003
1608	 7.8466796875e-001	-1.62712e-002
1609	 7.8515625000e-001	 7.12630e-003
1610	 7.8564453125e-001	 4.36446e-003
1611	 7.8613281250e-001	-4.11710e-003
1612	 7.8662109375e-001	 5.87684e-003
1613	 7.8710937500e-001	-1.85528e-002
1614	 7.8759765625e-001	 9.66687e-003
1615	 7.8808593750e-001	 3.80972e-003
1616	 7.8857421875e-001	 4.72460e-003
1617	 7.8906250000e-001	 6.15978e-003
1618	 7.8955078125e-001	-1.43422e-002
1619	 7.9003906250e-001	 5.16795e-003
1620	 7.9052734375e-001	-1.15862e-002
1621	 7.9101562500e-001	 3.89431e-003
1622	 7.9150390625e-001	 6.62346e-003
1623	 7.9199218750e-001	-1.15010e-002
1624	 7.9248046875e-001	 1.55515e-003
1625	 7.9296875000e-001	-1.85618e-002
1626	 7.9345703125e-001	 5.81214e-003
1627	 7.9394531250e-001	 8.50982e-003
1628	 7.9443359375e-001	-5.64630e-003
1629	 7.9492187500e-001	 2.69211e-003
1630	 7.9541015625e-001	-1.22687e-002
1631	 7.9589843750e-001	 8.22186e-003
1632	 7.9638671875e-001	 8.16759e-004
1633	 7.9687500000e-001	 3.30116e-003
1634	 7.9736328125e-001	 8.41286e-003
1635	 7.9785156250e-001	-8.55770e-003
1636	 7.9833984375e-001	 3.39195e-003
1637	 7.9882812500e-001	-9.90127e-003
1638	 7.9931640625e-001	 3.93823e-003
1639	 7.9980468750e-001	 8.11106e-003
1640	 8.0029296875e-001	-3.26172e-003
1641	 8.0078125000e-001	-1.83660e-003
1642	 8.0126953125e-001	-1.47381e-002
1643	 8.0175781250e-001	 9.14954e-003
1644	 8.0224609375e-001	 4.35385e-003
1645	 8.0273437500e-001	-3.63400e-004
1646	 8.0322265625e-001	 5.57679e-003
1647	 8.0371093750e-001	-8.86975e-003
1648	 8.0419921875e-001	 4.80519e-003
1649	 8.0468750000e-001	 2.82670e-004
1650	 8.0517578125e-001	 5.15958e-003
1651	 8.0566406250e-001	 8.21022e-003
1652	 8.0615234375e-001	-6.15030e-003
1653	 8.0664062500e-001	-8.00631e-004
1654	 8.0712890625e-001	-6.98390e-003
1655	 8.0761718750e-001	 2.92308e-003
1656	 8.0810546875e-001	 1.27009e-002
1657	 8.0859375000e-001	-5.63202e-003
1658	 8.0908203125e-001	-6.10544e-003
1659	 8.0957031250e-001	-5.76500e-003
1660	 8.1005859375e-001	-1.17248e-003
1661	 8.1054687500e-001	 1.02452e-002
1662	 8.1103515625e-001	 8.54446e-004
1663	 8.1152343750e-001	-4.99786e-003
1664	 8.1201171875e-001	-5.89695e-003
1665	 8.1250000000e-001	 2.18582e-003
1666	 8.1298828125e-001	 5.57018e-003
1667	 8.1347656250e-001	 4.62458e-003
1668	 8.1396484375e-001	 8.69961e-003
1669	 8.1445312500e-001	-5.40676e-003
1670	 8.1494140625e-001	-2.70059e-004
1671	 8.1542968750e-001	-3.22464e-003
1672	 8.1591796875e-001	-4.01767e-003
1673	 8.1640625000e-001	 1.29766e-002
1674	 8.1689453125e-001	-4.55938e-003
1675	 8.1738281250e-001	-3.04870e-003
1676	 8.1787109375e-001	-8.85690e-003
1677	 8.1835937500e-001	-2.53648e-003
1678	 8.1884765625e-001	 1.44222e-002
1679	 8.1933593750e-001	-3.81979e-003
1680	 8.1982421875e-001	 5.23061e-003
1681	 8.2031250000e-001	-4.27146e-003
1682	 8.2080078125e-001	-1.30487e-003
1683	 8.2128906250e-001	 8.34590e-003
1684	 8.2177734375e-001	 1.15199e-003
1685	 8.2226562500e-001	 1.41824e-002
1686	 8.2275390625e-001	-4.79040e-003
1687	 8.2324218750e-001	-3.29652e-004
1688	 8.2373046875e-001	 3.22436e-005
1689	 8.2421875000e-001	-7.62975e-003
1690	 8.2470703125e-001	 1.70120e-002
1691	 8.2519531250e-001	-1.43527e-003
1692	 8.2568359375e-001	-5.62786e-003
1693	 8.2617187500e-001	-8.40106e-003
1694	 8.2666015625e-001	-2.66544e-003
1695	 8.2714843750e-001	 1.48082e-002
1696	 8.2763671875e-001	-1.71178e-003
1697	 8.2812500000e-001	 5.70170e-003
1698	 8.2861328125e-001	-1.13644e-002
1699	 8.2910156250e-001	-3.66114e-004
1700	 8.2958984375e-001	 1.06704e-002
1701	 8.3007812500e-001	-3.08304e-003
1702	 8.3056640625e-001	 1.63659e-002
1703	 8.3105468750e-001	-1.07443e-002
1704	 8.3154296875e-001	 2.92893e-003
1705	 8.3203125000e-001	 1.27290e-003
1706	 8.3251953125e-001	-9.72070e-003
1707	 8.3300781250e-001	 2.27188e-002
1708	 8.3349609375e-001	-7.66803e-003
1709	 8.3398437500e-001	 3.04107e-004
1710	 8.3447265625e-001	-7.27932e-003
1711	 8.3496093750e-001	-4.87562e-003
1712	 8.3544921875e-001	 1.79272e-002
1713	 8.3593750000e-001	-1.14108e-002
1714	 8.3642578125e-001	 6.34797e-003
1715	 8.3691406250e-001	-7.67433e-003
1716	 8.3740234375e-001	 8.87651e-004
1717	 8.3789062500e-001	 9.64803e-003
1718	 8.3837890625e-001	-5.53344e-003
1719	 8.3886718750e-001	 2.01784e-002
1720	 8.3935546875e-001	-7.13411e-003
1721	 8.3984375000e-001	-4.38961e-004
1722	 8.4033203125e-001	-1.45951e-003
1723	 8.4082031250e-001	-4.92464e-003
1724	 8.4130859375e-001	 1.66250e-002
1725	 8.4179687500e-001	-7.55115e-003
1726	 8.4228515625e-001	 4.67648e-003
1727	 8.4277343750e-001	-1.07918e-002
1728	 8.4326171875e-001	-2.36276e-003
1729	 8.4375000000e-001	 1.46008e-002
1730	 8.4423828125e-001	-6.16092e-003
1731	 8.4472656250e-001	 1.42862e-002
1732	 8.4521484375e-001	-1.06821e-002
1733	 8.4570312500e-001	-2.68016e-003
1734	 8.4619140625e-001	 8.72488e-003
1735	 8.4667968750e-001	 4.45046e-005
1736	 8.4716796875e-001	 1.94113e-002
1737	 8.4765625000e-001	-1.05250e-002
1738	 8.4814453125e-001	 1.44021e-003
1739	 8.4863281250e-001	 9.12053e-004
1740	 8.4912109375e-001	-7.99951e-003
1741	 8.4960937500e-001	 1.67605e-002
1742	 8.5009765625e-001	-3.89022e-003
1743	 8.5058593750e-001	 1.61274e-003
1744	 8.5107421875e-001	-5.82281e-003
1745	 8.5156250000e-001	-6.26707e-003
1746	 8.5205078125e-001	 1.30562e-002
1747	 8.5253906250e-001	 1.51572e-003
1748	 8.5302734375e-001	 6.16171e-003
1749	 8.5351562500e-001	-6.74623e-003
1750	 8.5400390625e-001	-3.19580e-004
1751	 8.5449218750e-001	 6.59710e-003
1752	 8.5498046875e-001	 1.77449e-003
1753	 8.5546875000e-001	 1.18121e-002
1754	 8.5595703125e-001	-2.92305e-003
1755	 8.5644531250e-001	 1.62097e-003
1756	 8.5693359375e-001	-3.63961e-003
1757	 8.5742187500e-001	-5.84495e-004
1758	 8.5791015625e-001	 1.36149e-002
1759	 8.5839843750e-001	 1.16879e-004
1760	 8.5888671875e-001	 3.56724e-003
1761	 8.5937500000e-001	-8.47334e-003
1762	 8.5986328125e-001	-1.04794e-003
1763	 8.6035156250e-001	 1.26511e-002
1764	 8.6083984375e-001	-8.79076e-004
1765	 8.6132812500e-001	 5.58357e-003
1766	 8.6181640625e-001	-4.41932e-003
1767	 8.6230468750e-001	-1.81621e-003
1768	 8.6279296875e-001	 6.35808e-003
1769	 8.6328125000e-001	 4.80140e-004
1770	 8.6376953125e-001	 1.21595e-002
1771	 8.6425781250e-001	 8.86008e-004
1772	 8.6474609375e-001	-3.93538e-003
1773	 8.6523437500e-001	 1.74293e-003
1774	 8.6572265625e-001	-7.61610e-003
1775	 8.6621093750e-001	 1.00235e-002
1776	 8.6669921875e-001	 6.43467e-003
1777	 8.6718750000e-001	-9.88582e-003
1778	 8.6767578125e-001	-3.96127e-003
1779	 8.6816406250e-001	-5.62224e-003
1780	 8.6865234375e-001	 9.01629e-003
1781	 8.6914062500e-001	 6.58958e-003
1782	 8.6962890625e-001	-2.50463e-004
1783	 8.7011718750e-001	-5.56783e-004
1784	 8.7060546875e-001	-4.01218e-003
1785	 8.7109375000e-001	 9.04574e-003
1786	 8.7158203125e-001	 2.61325e-003
1787	 8.7207031250e-001	 6.61545e-003
1788	 8.7255859375e-001	 7.07145e-004
1789	 8.7304687500e-001	-4.09958e-003
1790	 8.7353515625e-001	 2.79981e-003
1791	 8.7402343750e-001	-7.46544e-003
1792	 8.7451171875e-001	 1.44739e-002
1793	 8.7500000000e-001	 1.95439e-003
1794	 8.7548828125e-001	-6.74072e-003
1795	 8.7597656250e-001	 4.95815e-004
1796	 8.7646484375e-001	-1.17138e-002
1797	 8.7695312500e-001	 1.53696e-002
1798	 8.7744140625e-001	 8.68057e-004
1799	 8.7792968750e-001	-9.26533e-004
1800	 8.7841796875e-001	 5.37840e-003
1801	 8.7890625000e-001	-6.53136e-003
1802	 8.7939453125e-001	 1.32781e-002
1803	 8.7988281250e-001	-1.59585e-003
1804	 8.8037109375e-001	 1.20731e-002
1805	 8.8085937500e-001	 7.05020e-003
1806	 8.8134765625e-001	-6.61053e-003
1807	 8.8183593750e-001	 7.79340e-003
1808	 8.8232421875e-001	-1.10099e-002
1809	 8.8281250000e-001	 1.49598e-002
1810	 8.8330078125e-001	 8.67587e-003
1811	 8.8378906250e-001	-5.74581e-003
1812	 8.8427734375e-001	 6.77910e-004
1813	 8.8476562500e-001	-1.06533e-002
1814	 8.8525390625e-001	 1.57888e-002
1815	 8.8574218750e-001	 2.17988e-003
1816	 8.8623046875e-001	 3.47561e-003
1817	 8.8671875000e-001	 1.55553e-003
1818	 8.8720703125e-001	-8.82913e-003
1819	 8.8769531250e-001	 1.54823e-002
1820	 8.8818359375e-001	-1.96605e-003
1821	 8.8867187500e-001	 1.13608e-002
1822	 8.8916015625e-001	 7.03592e-004
1823	 8.8964843750e-001	-7.80214e-003
1824	 8.9013671875e-001	 8.58655e-003
1825	 8.9062500000e-001	-1.28090e-002
1826	 8.9111328125e-001	 1.41328e-002
1827	 8.9160156250e-001	 3.22373e-003
1828	 8.9208984375e-001	-7.36194e-003
1829	 8.9257812500e-001	-5.19107e-004
1830	 8.9306640625e-001	-1.49325e-002
1831	 8.9355468750e-001	 1.38594e-002
1832	 8.9404296875e-001	 6.70060e-004
1833	 8.9453125000e-001	-1.19055e-003
1834	 8.9501953125e-001	-2.03324e-003
1835	 8.9550781250e-001	-1.00742e-002
1836	 8.9599609375e-001	 1.01468e-002
1837	 8.9648437500e-001	-6.91462e-003
1838	 8.9697265625e-001	 9.32988e-003
1839	 8.9746093750e-001	 2.66324e-003
1840	 8.9794921875e-001	-7.67387e-003
1841	 8.9843750000e-001	 3.38710e-003
1842	 8.9892578125e-001	-1.31496e-002
1843	 8.9941406250e-001	 9.66240e-003
1844	 8.9990234375e-001	 3.32562e-003
1845	 9.0039062500e-001	-1.65122e-003
1846	 9.0087890625e-001	-4.36540e-003
1847	 9.0136718750e-001	-1.32577e-002
1848	 9.0185546875e-001	 1.38200e-002
1849	 9.0234375000e-001	-1.42313e-003
1850	 9.0283203125e-001	 4.23256e-003
1851	 9.0332031250e-001	-1.27179e-003
1852	 9.0380859375e-001	-1.10415e-002
1853	 9.0429687500e-001	 1.02367e-002
1854	 9.0478515625e-001	-1.40403e-003
1855	 9.0527343750e-001	 1.32745e-002
1856	 9.0576171875e-001	 8.51138e-004
1857	 9.0625000000e-001	-7.74286e-003
1858	 9.0673828125e-001	 6.85095e-003
1859	 9.0722656250e-001	-8.77143e-003
1860	 9.0771484375e-001	 8.25936e-003
1861	 9.0820312500e-001	 7.72483e-003
1862	 9.0869140625e-001	-1.79005e-003
1863	 9.0917968750e-001	-3.84107e-003
1864	 9.0966796875e-001	-8.79276e-003
1865	 9.1015625000e-001	 8.43892e-003
1866	 9.1064453125e-001	 5.52742e-003
1867	 9.1113281250e-001	 2.67564e-003
1868	 9.1162109375e-001	-3.30349e-003
1869	 9.1210937500e-001	-6.58754e-003
1870	 9.1259765625e-001	 9.68634e-003
1871	 9.1308593750e-001	 5.25202e-003
1872	 9.1357421875e-001	 8.27176e-003
1873	 9.1406250000e-001	 5.55041e-003
1874	 9.1455078125e-001	-3.59822e-003
1875	 9.1503906250e-001	-5.30280e-005
1876	 9.1552734375e-001	-7.03138e-003
1877	 9.1601562500e-001	 8.53631e-003
1878	 9.1650390625e-001	 7.99458e-003
1879	 9.1699218750e-001	-4.99208e-003
1880	 9.1748046875e-001	-1.99844e-003
1881	 9.1796875000e-001	-1.17769e-002
1882	 9.1845703125e-001	 9.85160e-003
1883	 9.1894531250e-001	 7.01746e-003
1884	 9.1943359375e-001	-6.13086e-003
1885	 9.1992187500e-001	 5.02505e-003
1886	 9.2041015625e-001	-8.41717e-003
1887	 9.2089843750e-001	 3.74552e-003
1888	 9.2138671875e-001	 2.59545e-003
1889	 9.2187500000e-001	 3.05470e-003
1890	 9.2236328125e-001	 1.09241e-002
1891	 9.2285156250e-001	-1.01781e-002
1892	 9.2333984375e-001	-1.06339e-003
1893	 9.2382812500e-001	-6.03342e-003
1894	 9.2431640625e-001	-6.85166e-004
1895	 9.2480468750e-001	 1.12505e-002
1896	 9.2529296875e-001	-9.22380e-003
1897	 9.2578125000e-001	-3.32842e-003
1898	 9.2626953125e-001	-9.51539e-003
1899	 9.2675781250e-001	 2.25201e-005
1900	 9.2724609375e-001	 6.42037e-003
1901	 9.2773437500e-001	-3.45809e-003
1902	 9.2822265625e-001	 3.44643e-003
1903	 9.2871093750e-001	-1.36026e-002
1904	 9.2919921875e-001	 2.19087e-003
1905	 9.2968750000e-001	 4.25201e-003
1906	 9.3017578125e-001	 4.55439e-003
1907	 9.3066406250e-001	 1.16822e-002
1908	 9.3115234375e-001	-1.16920e-002
1909	 9.3164062500e-001	 4.59483e-003
1910	 9.3212890625e-001	-8.08441e-003
1911	 9.3261718750e-001	 4.13969e-003
1912	 9.3310546875e-001	 1.69654e-002
1913	 9.3359375000e-001	-1.13849e-002
1914	 9.3408203125e-001	 6.44186e-003
1915	 9.3457031250e-001	-1.19490e-002
1916	 9.3505859375e-001	 3.22252e-003
1917	 9.3554687500e-001	 1.55390e-002
1918	 9.3603515625e-001	-5.51947e-003
1919	 9.3652343750e-001	 5.67174e-003
1920	 9.3701171875e-001	-8.47256e-003
1921	 9.3750000000e-001	 9.85153e-003
1922	 9.3798828125e-001	 6.58261e-003
1923	 9.3847656250e-001	 5.19641e-003
1924	 9.3896484375e-001	 1.42892e-002
1925	 9.3945312500e-001	-7.24214e-003
1926	 9.3994140625e-001	 7.81516e-003
1927	 9.4042968750e-001	-7.78684e-003
1928	 9.4091796875e-001	 4.38000e-003
1929	 9.4140625000e-001	 1.74748e-002
1930	 9.4189453125e-001	-3.63604e-003
1931	 9.4238281250e-001	 2.16426e-003
1932	 9.4287109375e-001	-1.31575e-002
1933	 9.4335937500e-001	 6.80625e-003
1934	 9.4384765625e-001	 7.62287e-003
1935	 9.4433593750e-001	-1.07738e-003
1936	 9.4482421875e-001	 6.18261e-003
1937	 9.4531250000e-001	-1.35334e-002
1938	 9.4580078125e-001	 6.88611e-003
1939	 9.4628906250e-001	 1.12158e-003
1940	 9.4677734375e-001	 6.14132e-003
1941	 9.4726562500e-001	 1.14824e-002
1942	 9.4775390625e-001	-1.17584e-002
1943	 9.4824218750e-001	 6.75145e-003
1944	 9.4873046875e-001	-7.19000e-003
1945	 9.4921875000e-001	 2.92432e-003
1946	 9.4970703125e-001	 1.37664e-002
1947	 9.5019531250e-001	-6.77585e-003
1948	 9.5068359375e-001	-3.01665e-004
1949	 9.5117187500e-001	-1.07027e-002
1950	 9.5166015625e-001	 3.32212e-003
1951	 9.5214843750e-001	 7.33668e-003
1952	 9.5263671875e-001	 3.61173e-004
1953	 9.5312500000e-001	 2.01439e-003
1954	 9.5361328125e-001	-8.58504e-003
1955	 9.5410156250e-001	 6.61974e-003
1956	 9.5458984375e-001	 2.17321e-003
1957	 9.5507812500e-001	 5.36103e-003
1958	 9.5556640625e-001	 6.10402e-003
1959	 9.5605468750e-001	-5.46940e-003
1960	 9.5654296875e-001	 5.10294e-003
1961	 9.5703125000e-001	-5.88725e-003
1962	 9.5751953125e-001	 2.35958e-003
1963	 9.5800781250e-001	 1.07883e-002
1964	 9.5849609375e-001	 3.72745e-004
1965	 9.5898437500e-001	 4.13096e-004
1966	 9.5947265625e-001	-9.17052e-003
1967	 9.5996093750e-001	 4.10353e-003
1968	 9.6044921875e-001	 9.30295e-003
1969	 9.6093750000e-001	 2.76010e-004
1970	 9.6142578125e-001	 5.57972e-003
1971	 9.6191406250e-001	-5.74643e-003
1972	 9.6240234375e-001	 2.30816e-003
1973	 9.6289062500e-001	 8.10929e-003
1974	 9.6337890625e-001	 3.61621e-003
1975	 9.6386718750e-001	 1.24569e-002
1976	 9.6435546875e-001	-2.78607e-003
1977	 9.6484375000e-001	-3.04893e-003
1978	 9.6533203125e-001	 5.21599e-004
1979	 9.6582031250e-001	-2.96770e-003
1980	 9.6630859375e-001	 1.12008e-002
1981	 9.6679687500e-001	 1.06928e-003
1982	 9.6728515625e-001	-6.71695e-003
1983	 9.6777343750e-001	-7.12147e-003
1984	 9.6826171875e-001	-2.36790e-003
1985	 9.6875000000e-001	 1.11533e-002
1986	 9.6923828125e-001	 3.35061e-003
1987	 9.6972656250e-001	-5.90141e-004
1988	 9.7021484375e-001	-5.33907e-003
1989	 9.7070312500e-001	 1.99338e-003
1990	 9.7119140625e-001	 9.06388e-003
1991	 9.7167968750e-001	 1.17340e-003
1992	 9.7216796875e-001	 7.15370e-003
1993	 9.7265625000e-001	-3.49110e-003
1994	 9.7314453125e-001	-2.01269e-003
1995	 9.7363281250e-001	-1.11538e-003
1996	 9.7412109375e-001	-4.34180e-003
1997	 9.7460937500e-001	 1.35772e-002
1998	 9.7509765625e-001	-4.09146e-003
1999	 9.7558593750e-001	-1.97644e-003
2000	 9.7607421875e-001	-4.91141e-003
2001	 9.7656250000e-001	-7.67342e-003
2002	 9.7705078125e-001	 1.88820e-002
2003	 9.7753906250e-001	-4.85325e-003
2004	 9.7802734375e-001	 2.30679e-003
2005	 9.7851562500e-001	-2.79858e-004
2006	 9.7900390625e-001	-4.81138e-003
2007	 9.7949218750e-001	 1.28269e-002
2008	 9.7998046875e-001	-1.51742e-003
2009	 9.8046875000e-001	 1.72121e-002
2010	 9.8095703125e-001	 2.34200e-004
2011	 9.8144531250e-001	-3.75606e-003
2012	 9.8193359375e-001	 6.53063e-003
2013	 9.8242187500e-001	-5.94873e-003
2014	 9.8291015625e-001	 1.78783e-002
2015	 9.8339843750e-001	 7.11117e-004
2016	 9.8388671875e-001	-1.42437e-003
2017	 9.8437500000e-001	-2.73301e-003
2018	 9.8486328125e-001	-4.37062e-003
2019	 9.8535156250e-001	 1.66018e-002
2020	 9.8583984375e-001	-3.19695e-003
2021	 9.8632812500e-001	 9.95578e-003
2022	 9.8681640625e-001	-5.06193e-003
2023	 9.8730468750e-001	-3.91146e-003
2024	 9.8779296875e-001	 1.41851e-002
2025	 9.8828125000e-001	-1.68554e-003
2026	 9.8876953125e-001	 1.81091e-002
2027	 9.8925781250e-001	-7.47713e-003
2028	 9.8974609375e-001	-1.40818e-004
2029	 9.9023437500e-001	 1.58306e-003
2030	 9.9072265625e-001	-1.17979e-002
2031	 9.9121093750e-001	 2.31448e-002
2032	 9.9169921875e-001	-1.03991e-002
2033	 9.9218750000e-001	-2.74329e-003
2034	 9.9267578125e-001	-5.26203e-003
2035	 9.9316406250e-001	-1.25436e-002
2036	 9.9365234375e-001	 1.90519e-002
2037	 9.9414062500e-001	-9.13320e-003
2038	 9.9462890625e-001	 4.27733e-004
2039	 9.9511718750e-001	-1.04380e-002
2040	 9.9560546875e-001	-5.59737e-003
2041	 9.9609375000e-001	 8.92920e-003
2042	 9.9658203125e-001	-1.08590e-002
2043	 9.9707031250e-001	 1.51940e-002
2044	 9.9755859375e-001	-8.67790e-003
2045	 9.9804687500e-001	-3.16979e-003
2046	 9.9853515625e-001	-6.88019e-004
2047	 9.9902343750e-001	-1.39836e-002
2048	 9.9951171875e-001	 1.54365e-002
TagsBegin:	 	 
OverLoad:	 	False
OverLoadRatio: []	 	 0.00000e+000
TagsEnd:	 	 
TagScalesBegin:	 	 
TagScalesEnd:	 	 



Header Size:	 79	 
Pulse Version:	 80	 
Running Pulse Version:	PULSE LabShop  Version 21.0.0.671 - 2017-10-20	 
Decimal Symbol:	.	 
Date Format:	yyyy-MM-dd	 
Time Format:	HH:mm:ss:mmm	 
Data Type:	Real	 
Slice:	False	 
Z-Axis type:	Linear	 
Z-Axis size:	1	 
Z-Axis unit:	 	 
Z-Axis first value:	 0.0000000000e+000	 
Z-Axis delta:	 1.0000000000e+000	 
X-Axis type:	Linear	 
X-Axis size:	2048	 
X-Axis unit:	s	 
X-Axis first value:	 0.0000000000e+000	 
X-Axis delta:	 4.8828125000e-004	 
	 	 
AmplitudeUnit:	m/s^2	 
Analyzer:	FFT_Spectrum_Averaging	 
AnalyzerName:	FFT	 
	 	 
	 	 
Bipolar:	True	 
CenterFrequency:	 4.0000000000e+002	 
	 	 
	 	 
	 	 
	 	 
	 	 
	 	 
	 	 
	 	 
Domain:	0	 
Function:	Time	 
	 	 
InputRange:	 9.7370983447e+001	 
	 	 
	 	 
MultiBufferName:	Input	 
NBW:	 1.5000000000e+000	 
	 	 
OverlapFailed:	False	 
	 	 
Power:	False	 
PowerUnit:	(m/s^2)^2	 
	 	 
RecordLength:	 1.0000000000e+000	 
	 	 
	 	 
	 	 
	 	 
	 	 
	 	 
SamplingRatio:	 2.5600000000e+000	 
Signal:	Acc_ref_z	 
	 	 
SignalUnit:	m/s^2	 
	 	 
	 	 
	 	 
Title:	Time(Acc_ref_z)	 
Title1:	Working : 1mVpp : Input : FFT	 
	 	 
	 	 
Weight:	0	 
ZoomOn:	False	 
	 	 
TemplateName:	Working	 
MeasurementName:	1mVpp	 
MeasurementSlice:	False	 
	 	 
	 	 
	 	 
EnvelopeOn:	False	 
	 	 
	 	 
	 	 
Z-index:	 	1
Date:	 	2025-03-07
Time:	 	17:02:05:603
Relative time:	 	 0.00000e+000
Z-axis:	 	 0.0000000000e+000
1	 0.0000000000e+000	 1.32273e-002
2	 4.8828125000e-004	-4.60337e-003
3	 9.7656250000e-004	-2.71474e-002
4	 1.4648437500e-003	-4.50056e-002
5	 1.9531250000e-003	-6.62144e-002
6	 2.4414062500e-003	-8.68773e-002
7	 2.9296875000e-003	-9.20708e-002
8	 3.4179687500e-003	-7.72127e-002
9	 3.9062500000e-003	-4.19562e-002
10	 4.3945312500e-003	-1.31639e-002
11	 4.8828125000e-003	-3.64519e-003
12	 5.3710937500e-003	 7.71997e-003
13	 5.8593750000e-003	 2.28292e-002
14	 6.3476562500e-003	 2.41532e-002
15	 6.8359375000e-003	-1.04602e-003
16	 7.3242187500e-003	-3.89841e-002
17	 7.8125000000e-003	-6.59786e-002
18	 8.3007812500e-003	-7.60386e-002
19	 8.7890625000e-003	-7.75324e-002
20	 9.2773437500e-003	-7.44535e-002
21	 9.7656250000e-003	-5.28231e-002
22	 1.0253906250e-002	-1.86994e-002
23	 1.0742187500e-002	 6.31876e-003
24	 1.1230468750e-002	 1.96064e-002
25	 1.1718750000e-002	 3.43477e-002
26	 1.2207031250e-002	 5.14521e-002
27	 1.2695312500e-002	 4.85094e-002
28	 1.3183593750e-002	 3.51918e-002
29	 1.3671875000e-002	 3.72195e-002
30	 1.4160156250e-002	 6.13250e-002
31	 1.4648437500e-002	 9.21870e-002
32	 1.5136718750e-002	 1.02870e-001
33	 1.5625000000e-002	 1.03630e-001
34	 1.6113281250e-002	 1.10345e-001
35	 1.6601562500e-002	 1.13706e-001
36	 1.7089843750e-002	 9.63751e-002
37	 1.7578125000e-002	 5.88064e-002
38	 1.8066406250e-002	 2.24376e-002
39	 1.8554687500e-002	-1.83988e-002
40	 1.9042968750e-002	-6.80554e-002
41	 1.9531250000e-002	-1.06273e-001
42	 2.0019531250e-002	-1.20869e-001
43	 2.0507812500e-002	-1.13551e-001
44	 2.0996093750e-002	-1.04105e-001
45	 2.1484375000e-002	-9.60120e-002
46	 2.1972656250e-002	-7.75207e-002
47	 2.2460937500e-002	-5.36608e-002
48	 2.2949218750e-002	-3.65854e-002
49	 2.3437500000e-002	-3.42535e-002
50	 2.3925781250e-002	-3.60252e-002
51	 2.4414062500e-002	-2.91608e-002
52	 2.4902343750e-002	-1.45750e-002
53	 2.5390625000e-002	 4.22594e-003
54	 2.5878906250e-002	 2.43347e-002
55	 2.6367187500e-002	 5.19937e-002
56	 2.6855468750e-002	 7.83538e-002
57	 2.7343750000e-002	 8.77355e-002
58	 2.7832031250e-002	 8.68695e-002
59	 2.8320312500e-002	 8.20306e-002
60	 2.8808593750e-002	 6.84551e-002
61	 2.9296875000e-002	 3.84215e-002
62	 2.9785156250e-002	-1.82489e-003
63	 3.0273437500e-002	-2.97237e-002
64	 3.0761718750e-002	-3.04737e-002
65	 3.1250000000e-002	-9.07752e-003
66	 3.1738281250e-002	 7.87467e-003
67	 3.2226562500e-002	 1.11518e-002
68	 3.2714843750e-002	 2.34389e-002
69	 3.3203125000e-002	 4.87082e-002
70	 3.3691406250e-002	 6.59013e-002
71	 3.4179687500e-002	 6.29204e-002
72	 3.4667968750e-002	 4.89471e-002
73	 3.5156250000e-002	 2.78525e-002
74	 3.5644531250e-002	 1.74888e-003
75	 3.6132812500e-002	-1.90607e-002
76	 3.6621093750e-002	-3.16208e-002
77	 3.7109375000e-002	-3.23845e-002
78	 3.7597656250e-002	-3.08433e-002
79	 3.8085937500e-002	-4.44505e-002
80	 3.8574218750e-002	-6.45353e-002
81	 3.9062500000e-002	-7.38685e-002
82	 3.9550781250e-002	-7.74120e-002
83	 4.0039062500e-002	-9.51958e-002
84	 4.0527343750e-002	-1.22485e-001
85	 4.1015625000e-002	-1.33882e-001
86	 4.1503906250e-002	-1.24025e-001
87	 4.1992187500e-002	-1.00041e-001
88	 4.2480468750e-002	-6.83848e-002
89	 4.2968750000e-002	-2.39597e-002
90	 4.3457031250e-002	 3.56057e-002
91	 4.3945312500e-002	 8.32417e-002
92	 4.4433593750e-002	 1.05205e-001
93	 4.4921875000e-002	 1.18929e-001
94	 4.5410156250e-002	 1.35795e-001
95	 4.5898437500e-002	 1.37080e-001
96	 4.6386718750e-002	 1.08568e-001
97	 4.6875000000e-002	 7.49062e-002
98	 4.7363281250e-002	 6.06351e-002
99	 4.7851562500e-002	 6.27507e-002
100	 4.8339843750e-002	 5.89892e-002
101	 4.8828125000e-002	 3.79101e-002
102	 4.9316406250e-002	 1.98729e-002
103	 4.9804687500e-002	 1.59698e-002
104	 5.0292968750e-002	 5.37587e-003
105	 5.0781250000e-002	-2.13021e-002
106	 5.1269531250e-002	-4.00022e-002
107	 5.1757812500e-002	-5.21762e-002
108	 5.2246093750e-002	-6.86861e-002
109	 5.2734375000e-002	-7.46166e-002
110	 5.3222656250e-002	-6.56440e-002
111	 5.3710937500e-002	-4.13947e-002
112	 5.4199218750e-002	-1.57665e-002
113	 5.4687500000e-002	-3.44229e-003
114	 5.5175781250e-002	 4.67337e-003
115	 5.5664062500e-002	 1.72960e-002
116	 5.6152343750e-002	 2.74393e-002
117	 5.6640625000e-002	 6.60602e-003
118	 5.7128906250e-002	-3.24882e-002
119	 5.7617187500e-002	-5.34665e-002
120	 5.8105468750e-002	-6.17358e-002
121	 5.8593750000e-002	-6.49346e-002
122	 5.9082031250e-002	-6.49222e-002
123	 5.9570312500e-002	-5.65638e-002
124	 6.0058593750e-002	-3.06497e-002
125	 6.0546875000e-002	-5.60267e-003
126	 6.1035156250e-002	 9.91698e-003
127	 6.1523437500e-002	 1.94519e-002
128	 6.2011718750e-002	 3.16598e-002
129	 6.2500000000e-002	 4.22869e-002
130	 6.2988281250e-002	 3.26484e-002
131	 6.3476562500e-002	 2.66071e-002
132	 6.3964843750e-002	 4.60027e-002
133	 6.4453125000e-002	 8.04163e-002
134	 6.4941406250e-002	 1.05945e-001
135	 6.5429687500e-002	 1.07704e-001
136	 6.5917968750e-002	 9.95235e-002
137	 6.6406250000e-002	 9.84990e-002
138	 6.6894531250e-002	 9.38064e-002
139	 6.7382812500e-002	 6.12922e-002
140	 6.7871093750e-002	 1.86462e-002
141	 6.8359375000e-002	-1.37907e-002
142	 6.8847656250e-002	-5.53533e-002
143	 6.9335937500e-002	-1.03348e-001
144	 6.9824218750e-002	-1.30822e-001
145	 7.0312500000e-002	-1.21660e-001
146	 7.0800781250e-002	-1.00345e-001
147	 7.1289062500e-002	-9.48900e-002
148	 7.1777343750e-002	-9.35159e-002
149	 7.2265625000e-002	-8.06154e-002
150	 7.2753906250e-002	-4.99578e-002
151	 7.3242187500e-002	-3.75114e-002
152	 7.3730468750e-002	-5.52147e-002
153	 7.4218750000e-002	-5.48366e-002
154	 7.4707031250e-002	-2.54667e-002
155	 7.5195312500e-002	 3.32057e-003
156	 7.5683593750e-002	 1.45194e-002
157	 7.6171875000e-002	 3.39941e-002
158	 7.6660156250e-002	 7.09078e-002
159	 7.7148437500e-002	 9.51096e-002
160	 7.7636718750e-002	 9.56978e-002
161	 7.8125000000e-002	 8.20221e-002
162	 7.8613281250e-002	 6.81282e-002
163	 7.9101562500e-002	 4.76229e-002
164	 7.9589843750e-002	 7.81608e-003
165	 8.0078125000e-002	-2.92531e-002
166	 8.0566406250e-002	-3.34129e-002
167	 8.1054687500e-002	-9.41382e-003
168	 8.1542968750e-002	 5.10978e-003
169	 8.2031250000e-002	 1.05339e-002
170	 8.2519531250e-002	 3.03255e-002
171	 8.3007812500e-002	 5.79076e-002
172	 8.3496093750e-002	 7.26927e-002
173	 8.3984375000e-002	 6.28335e-002
174	 8.4472656250e-002	 4.94261e-002
175	 8.4960937500e-002	 4.17805e-002
176	 8.5449218750e-002	 2.12504e-002
177	 8.5937500000e-002	-1.11852e-002
178	 8.6425781250e-002	-3.27648e-002
179	 8.6914062500e-002	-2.69866e-002
180	 8.7402343750e-002	-1.90482e-002
181	 8.7890625000e-002	-3.61044e-002
182	 8.8378906250e-002	-5.38913e-002
183	 8.8867187500e-002	-5.46428e-002
184	 8.9355468750e-002	-5.49748e-002
185	 8.9843750000e-002	-7.93074e-002
186	 9.0332031250e-002	-1.22024e-001
187	 9.0820312500e-002	-1.42907e-001
188	 9.1308593750e-002	-1.33086e-001
189	 9.1796875000e-002	-1.12427e-001
190	 9.2285156250e-002	-8.52446e-002
191	 9.2773437500e-002	-3.81092e-002
192	 9.3261718750e-002	 2.19495e-002
193	 9.3750000000e-002	 6.45687e-002
194	 9.4238281250e-002	 9.17047e-002
195	 9.4726562500e-002	 1.24167e-001
196	 9.5214843750e-002	 1.52761e-001
197	 9.5703125000e-002	 1.46584e-001
198	 9.6191406250e-002	 1.06928e-001
199	 9.6679687500e-002	 7.20058e-002
200	 9.7167968750e-002	 6.23313e-002
201	 9.7656250000e-002	 6.23205e-002
202	 9.8144531250e-002	 5.22466e-002
203	 9.8632812500e-002	 3.91282e-002
204	 9.9121093750e-002	 3.61720e-002
205	 9.9609375000e-002	 2.95526e-002
206	 1.0009765625e-001	 9.18106e-003
207	 1.0058593750e-001	-1.35282e-002
208	 1.0107421875e-001	-2.70892e-002
209	 1.0156250000e-001	-3.96573e-002
210	 1.0205078125e-001	-6.57695e-002
211	 1.0253906250e-001	-8.80396e-002
212	 1.0302734375e-001	-8.36072e-002
213	 1.0351562500e-001	-6.07128e-002
214	 1.0400390625e-001	-3.61103e-002
215	 1.0449218750e-001	-1.28672e-002
216	 1.0498046875e-001	 9.30617e-003
217	 1.0546875000e-001	 2.26386e-002
218	 1.0595703125e-001	 2.15668e-002
219	 1.0644531250e-001	 9.84093e-003
220	 1.0693359375e-001	-1.14908e-002
221	 1.0742187500e-001	-4.03189e-002
222	 1.0791015625e-001	-6.79241e-002
223	 1.0839843750e-001	-8.16721e-002
224	 1.0888671875e-001	-7.66698e-002
225	 1.0937500000e-001	-6.24587e-002
226	 1.0986328125e-001	-4.40887e-002
227	 1.1035156250e-001	-2.07498e-002
228	 1.1083984375e-001	 6.33062e-003
229	 1.1132812500e-001	 3.01403e-002
230	 1.1181640625e-001	 3.88610e-002
231	 1.1230468750e-001	 3.67098e-002
232	 1.1279296875e-001	 3.23357e-002
233	 1.1328125000e-001	 3.15812e-002
234	 1.1376953125e-001	 3.69583e-002
235	 1.1425781250e-001	 5.90493e-002
236	 1.1474609375e-001	 9.33403e-002
237	 1.1523437500e-001	 1.07303e-001
238	 1.1572265625e-001	 1.02936e-001
239	 1.1621093750e-001	 1.02183e-001
240	 1.1669921875e-001	 1.05655e-001
241	 1.1718750000e-001	 9.36312e-002
242	 1.1767578125e-001	 5.06433e-002
243	 1.1816406250e-001	-4.09955e-003
244	 1.1865234375e-001	-4.86518e-002
245	 1.1914062500e-001	-8.15650e-002
246	 1.1962890625e-001	-1.13352e-001
247	 1.2011718750e-001	-1.33038e-001
248	 1.2060546875e-001	-1.17918e-001
249	 1.2109375000e-001	-9.40511e-002
250	 1.2158203125e-001	-8.70893e-002
251	 1.2207031250e-001	-8.32518e-002
252	 1.2255859375e-001	-6.01349e-002
253	 1.2304687500e-001	-3.19070e-002
254	 1.2353515625e-001	-3.27055e-002
255	 1.2402343750e-001	-4.90952e-002
256	 1.2451171875e-001	-4.64571e-002
257	 1.2500000000e-001	-1.87093e-002
258	 1.2548828125e-001	 8.34705e-003
259	 1.2597656250e-001	 2.33711e-002
260	 1.2646484375e-001	 5.56611e-002
261	 1.2695312500e-001	 9.57177e-002
262	 1.2744140625e-001	 1.03939e-001
263	 1.2792968750e-001	 8.67078e-002
264	 1.2841796875e-001	 7.23823e-002
265	 1.2890625000e-001	 6.60556e-002
266	 1.2939453125e-001	 3.61396e-002
267	 1.2988281250e-001	-1.48822e-002
268	 1.3037109375e-001	-4.36301e-002
269	 1.3085937500e-001	-2.88996e-002
270	 1.3134765625e-001	 5.27827e-003
271	 1.3183593750e-001	 1.37114e-002
272	 1.3232421875e-001	 1.29412e-002
273	 1.3281250000e-001	 4.10869e-002
274	 1.3330078125e-001	 7.43266e-002
275	 1.3378906250e-001	 7.19496e-002
276	 1.3427734375e-001	 4.83449e-002
277	 1.3476562500e-001	 3.90645e-002
278	 1.3525390625e-001	 3.02780e-002
279	 1.3574218750e-001	 2.33921e-003
280	 1.3623046875e-001	-2.88190e-002
281	 1.3671875000e-001	-3.96943e-002
282	 1.3720703125e-001	-2.71952e-002
283	 1.3769531250e-001	-2.49360e-002
284	 1.3818359375e-001	-4.53050e-002
285	 1.3867187500e-001	-5.99185e-002
286	 1.3916015625e-001	-5.93643e-002
287	 1.3964843750e-001	-7.38313e-002
288	 1.4013671875e-001	-1.17286e-001
289	 1.4062500000e-001	-1.45719e-001
290	 1.4111328125e-001	-1.38766e-001
291	 1.4160156250e-001	-1.17529e-001
292	 1.4208984375e-001	-9.44162e-002
293	 1.4257812500e-001	-6.62693e-002
294	 1.4306640625e-001	-1.51503e-002
295	 1.4355468750e-001	 4.90306e-002
296	 1.4404296875e-001	 9.09190e-002
297	 1.4453125000e-001	 1.10053e-001
298	 1.4501953125e-001	 1.28238e-001
299	 1.4550781250e-001	 1.40430e-001
300	 1.4599609375e-001	 1.20128e-001
301	 1.4648437500e-001	 7.94170e-002
302	 1.4697265625e-001	 6.01045e-002
303	 1.4746093750e-001	 6.50305e-002
304	 1.4794921875e-001	 7.09872e-002
305	 1.4843750000e-001	 5.86686e-002
306	 1.4892578125e-001	 3.17934e-002
307	 1.4941406250e-001	 1.93639e-002
308	 1.4990234375e-001	 1.74073e-002
309	 1.5039062500e-001	-7.41044e-004
310	 1.5087890625e-001	-2.66853e-002
311	 1.5136718750e-001	-3.83277e-002
312	 1.5185546875e-001	-5.56735e-002
313	 1.5234375000e-001	-8.67404e-002
314	 1.5283203125e-001	-9.44288e-002
315	 1.5332031250e-001	-6.55561e-002
316	 1.5380859375e-001	-2.43062e-002
317	 1.5429687500e-001	-9.82936e-004
318	 1.5478515625e-001	 2.83382e-003
319	 1.5527343750e-001	 9.52303e-003
320	 1.5576171875e-001	 2.42046e-002
321	 1.5625000000e-001	 2.48488e-002
322	 1.5673828125e-001	-7.74140e-003
323	 1.5722656250e-001	-4.03685e-002
324	 1.5771484375e-001	-5.11745e-002
325	 1.5820312500e-001	-6.51721e-002
326	 1.5869140625e-001	-7.69815e-002
327	 1.5917968750e-001	-7.07593e-002
328	 1.5966796875e-001	-4.50130e-002
329	 1.6015625000e-001	-1.34978e-002
330	 1.6064453125e-001	 6.19780e-003
331	 1.6113281250e-001	 1.80783e-002
332	 1.6162109375e-001	 2.86862e-002
333	 1.6210937500e-001	 3.80640e-002
334	 1.6259765625e-001	 3.47495e-002
335	 1.6308593750e-001	 2.45887e-002
336	 1.6357421875e-001	 3.15321e-002
337	 1.6406250000e-001	 5.38790e-002
338	 1.6455078125e-001	 7.90485e-002
339	 1.6503906250e-001	 9.61028e-002
340	 1.6552734375e-001	 1.06238e-001
341	 1.6601562500e-001	 1.11156e-001
342	 1.6650390625e-001	 1.07882e-001
343	 1.6699218750e-001	 9.03455e-002
344	 1.6748046875e-001	 5.20250e-002
345	 1.6796875000e-001	 1.00808e-002
346	 1.6845703125e-001	-3.23921e-002
347	 1.6894531250e-001	-8.14720e-002
348	 1.6943359375e-001	-1.18387e-001
349	 1.6992187500e-001	-1.30616e-001
350	 1.7041015625e-001	-1.24232e-001
351	 1.7089843750e-001	-1.14881e-001
352	 1.7138671875e-001	-1.05764e-001
353	 1.7187500000e-001	-8.90409e-002
354	 1.7236328125e-001	-6.59679e-002
355	 1.7285156250e-001	-4.41207e-002
356	 1.7333984375e-001	-4.12542e-002
357	 1.7382812500e-001	-5.63765e-002
358	 1.7431640625e-001	-5.88974e-002
359	 1.7480468750e-001	-3.82895e-002
360	 1.7529296875e-001	-1.12597e-002
361	 1.7578125000e-001	 1.36031e-002
362	 1.7626953125e-001	 4.18640e-002
363	 1.7675781250e-001	 7.18700e-002
364	 1.7724609375e-001	 9.19458e-002
365	 1.7773437500e-001	 9.83510e-002
366	 1.7822265625e-001	 9.24512e-002
367	 1.7871093750e-001	 7.30480e-002
368	 1.7919921875e-001	 4.16104e-002
369	 1.7968750000e-001	 2.10465e-003
370	 1.8017578125e-001	-3.10785e-002
371	 1.8066406250e-001	-3.55906e-002
372	 1.8115234375e-001	-1.37064e-002
373	 1.8164062500e-001	 6.14064e-003
374	 1.8212890625e-001	 2.03165e-002
375	 1.8261718750e-001	 3.76779e-002
376	 1.8310546875e-001	 5.71705e-002
377	 1.8359375000e-001	 7.17200e-002
378	 1.8408203125e-001	 7.15827e-002
379	 1.8457031250e-001	 6.33727e-002
380	 1.8505859375e-001	 4.74259e-002
381	 1.8554687500e-001	 1.74075e-002
382	 1.8603515625e-001	-1.88291e-002
383	 1.8652343750e-001	-3.94566e-002
384	 1.8701171875e-001	-3.19394e-002
385	 1.8750000000e-001	-2.37477e-002
386	 1.8798828125e-001	-3.53634e-002
387	 1.8847656250e-001	-5.38652e-002
388	 1.8896484375e-001	-6.40289e-002
389	 1.8945312500e-001	-6.61516e-002
390	 1.8994140625e-001	-8.06163e-002
391	 1.9042968750e-001	-1.14230e-001
392	 1.9091796875e-001	-1.37095e-001
393	 1.9140625000e-001	-1.27674e-001
394	 1.9189453125e-001	-1.07031e-001
395	 1.9238281250e-001	-8.73450e-002
396	 1.9287109375e-001	-4.64661e-002
397	 1.9335937500e-001	 1.47920e-002
398	 1.9384765625e-001	 7.07760e-002
399	 1.9433593750e-001	 1.09374e-001
400	 1.9482421875e-001	 1.28846e-001
401	 1.9531250000e-001	 1.37006e-001
402	 1.9580078125e-001	 1.31769e-001
403	 1.9628906250e-001	 1.05316e-001
404	 1.9677734375e-001	 7.39513e-002
405	 1.9726562500e-001	 6.11803e-002
406	 1.9775390625e-001	 6.24672e-002
407	 1.9824218750e-001	 4.51715e-002
408	 1.9873046875e-001	 1.45047e-002
409	 1.9921875000e-001	 5.05663e-003
410	 1.9970703125e-001	 1.10247e-002
411	 2.0019531250e-001	 9.39900e-003
412	 2.0068359375e-001	-8.36827e-003
413	 2.0117187500e-001	-3.19970e-002
414	 2.0166015625e-001	-4.88762e-002
415	 2.0214843750e-001	-6.57012e-002
416	 2.0263671875e-001	-8.20266e-002
417	 2.0312500000e-001	-8.20203e-002
418	 2.0361328125e-001	-5.49278e-002
419	 2.0410156250e-001	-2.31902e-002
420	 2.0458984375e-001	-1.10660e-002
421	 2.0507812500e-001	-3.21281e-003
422	 2.0556640625e-001	 1.29145e-002
423	 2.0605468750e-001	 2.87811e-002
424	 2.0654296875e-001	 2.08799e-002
425	 2.0703125000e-001	-1.20838e-002
426	 2.0751953125e-001	-4.37487e-002
427	 2.0800781250e-001	-6.33356e-002
428	 2.0849609375e-001	-6.92705e-002
429	 2.0898437500e-001	-6.91152e-002
430	 2.0947265625e-001	-5.80702e-002
431	 2.0996093750e-001	-2.95024e-002
432	 2.1044921875e-001	-9.66142e-003
433	 2.1093750000e-001	 2.98804e-003
434	 2.1142578125e-001	 2.34303e-002
435	 2.1191406250e-001	 4.41815e-002
436	 2.1240234375e-001	 5.29541e-002
437	 2.1289062500e-001	 4.38487e-002
438	 2.1337890625e-001	 3.72763e-002
439	 2.1386718750e-001	 4.69237e-002
440	 2.1435546875e-001	 7.39685e-002
441	 2.1484375000e-001	 9.90936e-002
442	 2.1533203125e-001	 1.05367e-001
443	 2.1582031250e-001	 1.07946e-001
444	 2.1630859375e-001	 1.07789e-001
445	 2.1679687500e-001	 9.60217e-002
446	 2.1728515625e-001	 7.08437e-002
447	 2.1777343750e-001	 3.64103e-002
448	 2.1826171875e-001	-3.57157e-003
449	 2.1875000000e-001	-4.91630e-002
450	 2.1923828125e-001	-8.63560e-002
451	 2.1972656250e-001	-1.13480e-001
452	 2.2021484375e-001	-1.26381e-001
453	 2.2070312500e-001	-1.18469e-001
454	 2.2119140625e-001	-1.05930e-001
455	 2.2167968750e-001	-9.48719e-002
456	 2.2216796875e-001	-7.86810e-002
457	 2.2265625000e-001	-5.59297e-002
458	 2.2314453125e-001	-4.30746e-002
459	 2.2363281250e-001	-4.51749e-002
460	 2.2412109375e-001	-4.67103e-002
461	 2.2460937500e-001	-3.52536e-002
462	 2.2509765625e-001	-5.26388e-003
463	 2.2558593750e-001	 1.97422e-002
464	 2.2607421875e-001	 3.23817e-002
465	 2.2656250000e-001	 5.84467e-002
466	 2.2705078125e-001	 8.89388e-002
467	 2.2753906250e-001	 9.57280e-002
468	 2.2802734375e-001	 8.19221e-002
469	 2.2851562500e-001	 7.21463e-002
470	 2.2900390625e-001	 5.98294e-002
471	 2.2949218750e-001	 2.48179e-002
472	 2.2998046875e-001	-1.72666e-002
473	 2.3046875000e-001	-3.47114e-002
474	 2.3095703125e-001	-1.10518e-002
475	 2.3144531250e-001	 1.85541e-002
476	 2.3193359375e-001	 1.86655e-002
477	 2.3242187500e-001	 1.41274e-002
478	 2.3291015625e-001	 3.77323e-002
479	 2.3339843750e-001	 7.13214e-002
480	 2.3388671875e-001	 7.21685e-002
481	 2.3437500000e-001	 5.44066e-002
482	 2.3486328125e-001	 4.44423e-002
483	 2.3535156250e-001	 2.89488e-002
484	 2.3583984375e-001	 1.26080e-003
485	 2.3632812500e-001	-2.29437e-002
486	 2.3681640625e-001	-2.22299e-002
487	 2.3730468750e-001	-1.26808e-002
488	 2.3779296875e-001	-2.63075e-002
489	 2.3828125000e-001	-5.34987e-002
490	 2.3876953125e-001	-7.02970e-002
491	 2.3925781250e-001	-6.73434e-002
492	 2.3974609375e-001	-7.76674e-002
493	 2.4023437500e-001	-1.14649e-001
494	 2.4072265625e-001	-1.33775e-001
495	 2.4121093750e-001	-1.24741e-001
496	 2.4169921875e-001	-1.10820e-001
497	 2.4218750000e-001	-9.67712e-002
498	 2.4267578125e-001	-6.06083e-002
499	 2.4316406250e-001	 7.67207e-003
500	 2.4365234375e-001	 6.85340e-002
501	 2.4414062500e-001	 9.33597e-002
502	 2.4462890625e-001	 1.03383e-001
503	 2.4511718750e-001	 1.23812e-001
504	 2.4560546875e-001	 1.37189e-001
505	 2.4609375000e-001	 1.13886e-001
506	 2.4658203125e-001	 7.70507e-002
507	 2.4707031250e-001	 6.59934e-002
508	 2.4755859375e-001	 7.04434e-002
509	 2.4804687500e-001	 5.88836e-002
510	 2.4853515625e-001	 3.26435e-002
511	 2.4902343750e-001	 1.74030e-002
512	 2.4951171875e-001	 2.05220e-002
513	 2.5000000000e-001	 1.71619e-002
514	 2.5048828125e-001	-8.21509e-003
515	 2.5097656250e-001	-3.23402e-002
516	 2.5146484375e-001	-4.14326e-002
517	 2.5195312500e-001	-6.02756e-002
518	 2.5244140625e-001	-8.61750e-002
519	 2.5292968750e-001	-8.67695e-002
520	 2.5341796875e-001	-5.64249e-002
521	 2.5390625000e-001	-2.47258e-002
522	 2.5439453125e-001	-1.59239e-002
523	 2.5488281250e-001	-6.02039e-003
524	 2.5537109375e-001	 1.91485e-002
525	 2.5585937500e-001	 3.67630e-002
526	 2.5634765625e-001	 2.73364e-002
527	 2.5683593750e-001	-9.23653e-003
528	 2.5732421875e-001	-4.02429e-002
529	 2.5781250000e-001	-5.35403e-002
530	 2.5830078125e-001	-6.59913e-002
531	 2.5878906250e-001	-6.96072e-002
532	 2.5927734375e-001	-5.67810e-002
533	 2.5976562500e-001	-3.08118e-002
534	 2.6025390625e-001	-7.83101e-003
535	 2.6074218750e-001	 4.55202e-003
536	 2.6123046875e-001	 2.27928e-002
537	 2.6171875000e-001	 4.41985e-002
538	 2.6220703125e-001	 5.27484e-002
539	 2.6269531250e-001	 4.16800e-002
540	 2.6318359375e-001	 2.91696e-002
541	 2.6367187500e-001	 3.65716e-002
542	 2.6416015625e-001	 5.79305e-002
543	 2.6464843750e-001	 8.56090e-002
544	 2.6513671875e-001	 1.07288e-001
545	 2.6562500000e-001	 1.15969e-001
546	 2.6611328125e-001	 1.14188e-001
547	 2.6660156250e-001	 1.02938e-001
548	 2.6708984375e-001	 8.18264e-002
549	 2.6757812500e-001	 5.15791e-002
550	 2.6806640625e-001	 1.75708e-002
551	 2.6855468750e-001	-3.31122e-002
552	 2.6904296875e-001	-8.73333e-002
553	 2.6953125000e-001	-1.18471e-001
554	 2.7001953125e-001	-1.29026e-001
555	 2.7050781250e-001	-1.21643e-001
556	 2.7099609375e-001	-1.09383e-001
557	 2.7148437500e-001	-9.41155e-002
558	 2.7197265625e-001	-7.76665e-002
559	 2.7246093750e-001	-6.21079e-002
560	 2.7294921875e-001	-4.68126e-002
561	 2.7343750000e-001	-4.82479e-002
562	 2.7392578125e-001	-5.15384e-002
563	 2.7441406250e-001	-4.20492e-002
564	 2.7490234375e-001	-2.71086e-002
565	 2.7539062500e-001	-3.53760e-003
566	 2.7587890625e-001	 2.38372e-002
567	 2.7636718750e-001	 5.08089e-002
568	 2.7685546875e-001	 7.48839e-002
569	 2.7734375000e-001	 9.50502e-002
570	 2.7783203125e-001	 1.00484e-001
571	 2.7832031250e-001	 8.39446e-002
572	 2.7880859375e-001	 6.05174e-002
573	 2.7929687500e-001	 2.92661e-002
574	 2.7978515625e-001	-4.61003e-003
575	 2.8027343750e-001	-2.38245e-002
576	 2.8076171875e-001	-2.29192e-002
577	 2.8125000000e-001	-7.60764e-003
578	 2.8173828125e-001	 9.55644e-003
579	 2.8222656250e-001	 2.44767e-002
580	 2.8271484375e-001	 3.66922e-002
581	 2.8320312500e-001	 6.00861e-002
582	 2.8369140625e-001	 8.12867e-002
583	 2.8417968750e-001	 7.19465e-002
584	 2.8466796875e-001	 5.31466e-002
585	 2.8515625000e-001	 3.78233e-002
586	 2.8564453125e-001	 1.61552e-002
587	 2.8613281250e-001	-9.33425e-003
588	 2.8662109375e-001	-2.29720e-002
589	 2.8710937500e-001	-1.92977e-002
590	 2.8759765625e-001	-2.21326e-002
591	 2.8808593750e-001	-3.84447e-002
592	 2.8857421875e-001	-6.02726e-002
593	 2.8906250000e-001	-7.10611e-002
594	 2.8955078125e-001	-6.41269e-002
595	 2.9003906250e-001	-8.00054e-002
596	 2.9052734375e-001	-1.20075e-001
597	 2.9101562500e-001	-1.39004e-001
598	 2.9150390625e-001	-1.21395e-001
599	 2.9199218750e-001	-9.35369e-002
600	 2.9248046875e-001	-6.65187e-002
601	 2.9296875000e-001	-2.32345e-002
602	 2.9345703125e-001	 3.08467e-002
603	 2.9394531250e-001	 7.62822e-002
604	 2.9443359375e-001	 1.04031e-001
605	 2.9492187500e-001	 1.20284e-001
606	 2.9541015625e-001	 1.33050e-001
607	 2.9589843750e-001	 1.30497e-001
608	 2.9638671875e-001	 1.02109e-001
609	 2.9687500000e-001	 6.57742e-002
610	 2.9736328125e-001	 5.82833e-002
611	 2.9785156250e-001	 6.47958e-002
612	 2.9833984375e-001	 4.64420e-002
613	 2.9882812500e-001	 2.12030e-002
614	 2.9931640625e-001	 1.09243e-002
615	 2.9980468750e-001	 8.92558e-003
616	 3.0029296875e-001	-4.04016e-003
617	 3.0078125000e-001	-2.91209e-002
618	 3.0126953125e-001	-4.57043e-002
619	 3.0175781250e-001	-4.93632e-002
620	 3.0224609375e-001	-5.61609e-002
621	 3.0273437500e-001	-7.60083e-002
622	 3.0322265625e-001	-8.24748e-002
623	 3.0371093750e-001	-5.22766e-002
624	 3.0419921875e-001	-1.83704e-002
625	 3.0468750000e-001	-7.07252e-003
626	 3.0517578125e-001	 1.19183e-003
627	 3.0566406250e-001	 1.72983e-002
628	 3.0615234375e-001	 2.62108e-002
629	 3.0664062500e-001	 7.33705e-003
630	 3.0712890625e-001	-2.86044e-002
631	 3.0761718750e-001	-4.87399e-002
632	 3.0810546875e-001	-4.90734e-002
633	 3.0859375000e-001	-5.27450e-002
634	 3.0908203125e-001	-6.53941e-002
635	 3.0957031250e-001	-5.58048e-002
636	 3.1005859375e-001	-2.23384e-002
637	 3.1054687500e-001	-2.09456e-003
638	 3.1103515625e-001	 8.91515e-003
639	 3.1152343750e-001	 2.95041e-002
640	 3.1201171875e-001	 5.44364e-002
641	 3.1250000000e-001	 5.89560e-002
642	 3.1298828125e-001	 3.88791e-002
643	 3.1347656250e-001	 3.61358e-002
644	 3.1396484375e-001	 6.70746e-002
645	 3.1445312500e-001	 1.06421e-001
646	 3.1494140625e-001	 1.14386e-001
647	 3.1542968750e-001	 9.75836e-002
648	 3.1591796875e-001	 1.00802e-001
649	 3.1640625000e-001	 1.11579e-001
650	 3.1689453125e-001	 9.60714e-002
651	 3.1738281250e-001	 5.95221e-002
652	 3.1787109375e-001	 2.89307e-002
653	 3.1835937500e-001	-2.04087e-003
654	 3.1884765625e-001	-5.08903e-002
655	 3.1933593750e-001	-9.57793e-002
656	 3.1982421875e-001	-1.15624e-001
657	 3.2031250000e-001	-1.07602e-001
658	 3.2080078125e-001	-9.92263e-002
659	 3.2128906250e-001	-1.09346e-001
660	 3.2177734375e-001	-1.08727e-001
661	 3.2226562500e-001	-8.28189e-002
662	 3.2275390625e-001	-5.76469e-002
663	 3.2324218750e-001	-5.55852e-002
664	 3.2373046875e-001	-5.20287e-002
665	 3.2421875000e-001	-3.50281e-002
666	 3.2470703125e-001	-2.07310e-002
667	 3.2519531250e-001	-6.57457e-003
668	 3.2568359375e-001	 1.00644e-002
669	 3.2617187500e-001	 3.92096e-002
670	 3.2666015625e-001	 7.32649e-002
671	 3.2714843750e-001	 8.27661e-002
672	 3.2763671875e-001	 7.46048e-002
673	 3.2812500000e-001	 6.81808e-002
674	 3.2861328125e-001	 6.38175e-002
675	 3.2910156250e-001	 3.93342e-002
676	 3.2958984375e-001	 4.04760e-005
677	 3.3007812500e-001	-1.76352e-002
678	 3.3056640625e-001	-1.60205e-002
679	 3.3105468750e-001	-6.41714e-003
680	 3.3154296875e-001	 1.73797e-003
681	 3.3203125000e-001	 6.61358e-003
682	 3.3251953125e-001	 2.14479e-002
683	 3.3300781250e-001	 4.35541e-002
684	 3.3349609375e-001	 5.75089e-002
685	 3.3398437500e-001	 5.67914e-002
686	 3.3447265625e-001	 5.44203e-002
687	 3.3496093750e-001	 4.37193e-002
688	 3.3544921875e-001	 1.66319e-002
689	 3.3593750000e-001	-3.15600e-003
690	 3.3642578125e-001	-7.92355e-003
691	 3.3691406250e-001	-9.92719e-003
692	 3.3740234375e-001	-1.81200e-002
693	 3.3789062500e-001	-3.43402e-002
694	 3.3837890625e-001	-5.00293e-002
695	 3.3886718750e-001	-6.09252e-002
696	 3.3935546875e-001	-7.10935e-002
697	 3.3984375000e-001	-9.47687e-002
698	 3.4033203125e-001	-1.23326e-001
699	 3.4082031250e-001	-1.32208e-001
700	 3.4130859375e-001	-1.22286e-001
701	 3.4179687500e-001	-9.76632e-002
702	 3.4228515625e-001	-6.56602e-002
703	 3.4277343750e-001	-2.60215e-002
704	 3.4326171875e-001	 2.28428e-002
705	 3.4375000000e-001	 6.54845e-002
706	 3.4423828125e-001	 9.45085e-002
707	 3.4472656250e-001	 1.15347e-001
708	 3.4521484375e-001	 1.29777e-001
709	 3.4570312500e-001	 1.28378e-001
710	 3.4619140625e-001	 1.03622e-001
711	 3.4667968750e-001	 7.25310e-002
712	 3.4716796875e-001	 6.32647e-002
713	 3.4765625000e-001	 7.31373e-002
714	 3.4814453125e-001	 7.62744e-002
715	 3.4863281250e-001	 5.50867e-002
716	 3.4912109375e-001	 2.65268e-002
717	 3.4960937500e-001	 1.25755e-002
718	 3.5009765625e-001	-7.11909e-004
719	 3.5058593750e-001	-2.42825e-002
720	 3.5107421875e-001	-4.56411e-002
721	 3.5156250000e-001	-5.72519e-002
722	 3.5205078125e-001	-7.28555e-002
723	 3.5253906250e-001	-8.70619e-002
724	 3.5302734375e-001	-7.88769e-002
725	 3.5351562500e-001	-4.81496e-002
726	 3.5400390625e-001	-1.30442e-002
727	 3.5449218750e-001	 4.25734e-003
728	 3.5498046875e-001	 7.71440e-003
729	 3.5546875000e-001	 1.36493e-002
730	 3.5595703125e-001	 1.83176e-002
731	 3.5644531250e-001	 8.28143e-004
732	 3.5693359375e-001	-3.35760e-002
733	 3.5742187500e-001	-5.37299e-002
734	 3.5791015625e-001	-6.00312e-002
735	 3.5839843750e-001	-6.39537e-002
736	 3.5888671875e-001	-6.39118e-002
737	 3.5937500000e-001	-5.41001e-002
738	 3.5986328125e-001	-2.80962e-002
739	 3.6035156250e-001	-5.02530e-004
740	 3.6083984375e-001	 1.47428e-002
741	 3.6132812500e-001	 2.22978e-002
742	 3.6181640625e-001	 2.91907e-002
743	 3.6230468750e-001	 3.15239e-002
744	 3.6279296875e-001	 2.43819e-002
745	 3.6328125000e-001	 2.47439e-002
746	 3.6376953125e-001	 4.20031e-002
747	 3.6425781250e-001	 7.00358e-002
748	 3.6474609375e-001	 9.76562e-002
749	 3.6523437500e-001	 1.10428e-001
750	 3.6572265625e-001	 1.13555e-001
751	 3.6621093750e-001	 1.13524e-001
752	 3.6669921875e-001	 1.05578e-001
753	 3.6718750000e-001	 8.02818e-002
754	 3.6767578125e-001	 4.01782e-002
755	 3.6816406250e-001	-1.15149e-003
756	 3.6865234375e-001	-5.13944e-002
757	 3.6914062500e-001	-9.76423e-002
758	 3.6962890625e-001	-1.19533e-001
759	 3.7011718750e-001	-1.18913e-001
760	 3.7060546875e-001	-1.06854e-001
761	 3.7109375000e-001	-1.03416e-001
762	 3.7158203125e-001	-1.00786e-001
763	 3.7207031250e-001	-8.82175e-002
764	 3.7255859375e-001	-6.27324e-002
765	 3.7304687500e-001	-4.19920e-002
766	 3.7353515625e-001	-4.88967e-002
767	 3.7402343750e-001	-5.77760e-002
768	 3.7451171875e-001	-4.66119e-002
769	 3.7500000000e-001	-2.31715e-002
770	 3.7548828125e-001	 3.54344e-004
771	 3.7597656250e-001	 2.59904e-002
772	 3.7646484375e-001	 5.86390e-002
773	 3.7695312500e-001	 8.62118e-002
774	 3.7744140625e-001	 9.59525e-002
775	 3.7792968750e-001	 8.39858e-002
776	 3.7841796875e-001	 6.59909e-002
777	 3.7890625000e-001	 4.93807e-002
778	 3.7939453125e-001	 2.19311e-002
779	 3.7988281250e-001	-1.08594e-002
780	 3.8037109375e-001	-2.94476e-002
781	 3.8085937500e-001	-2.04034e-002
782	 3.8134765625e-001	-2.03637e-003
783	 3.8183593750e-001	 5.84497e-003
784	 3.8232421875e-001	 1.65576e-002
785	 3.8281250000e-001	 4.02871e-002
786	 3.8330078125e-001	 6.68139e-002
787	 3.8378906250e-001	 7.14106e-002
788	 3.8427734375e-001	 5.72981e-002
789	 3.8476562500e-001	 4.75003e-002
790	 3.8525390625e-001	 3.63638e-002
791	 3.8574218750e-001	 1.16452e-002
792	 3.8623046875e-001	-1.60630e-002
793	 3.8671875000e-001	-2.32418e-002
794	 3.8720703125e-001	-1.45026e-002
795	 3.8769531250e-001	-1.98899e-002
796	 3.8818359375e-001	-4.37043e-002
797	 3.8867187500e-001	-6.21542e-002
798	 3.8916015625e-001	-6.50411e-002
799	 3.8964843750e-001	-7.16175e-002
800	 3.9013671875e-001	-1.01150e-001
801	 3.9062500000e-001	-1.34353e-001
802	 3.9111328125e-001	-1.33758e-001
803	 3.9160156250e-001	-1.07834e-001
804	 3.9208984375e-001	-8.67513e-002
805	 3.9257812500e-001	-6.06881e-002
806	 3.9306640625e-001	-1.00931e-002
807	 3.9355468750e-001	 4.70728e-002
808	 3.9404296875e-001	 8.70197e-002
809	 3.9453125000e-001	 1.08853e-001
810	 3.9501953125e-001	 1.23756e-001
811	 3.9550781250e-001	 1.32254e-001
812	 3.9599609375e-001	 1.16409e-001
813	 3.9648437500e-001	 7.92619e-002
814	 3.9697265625e-001	 5.60147e-002
815	 3.9746093750e-001	 6.38810e-002
816	 3.9794921875e-001	 6.57471e-002
817	 3.9843750000e-001	 3.70505e-002
818	 3.9892578125e-001	 1.31722e-002
819	 3.9941406250e-001	 1.21359e-002
820	 3.9990234375e-001	 1.07869e-002
821	 4.0039062500e-001	-8.69286e-003
822	 4.0087890625e-001	-4.05957e-002
823	 4.0136718750e-001	-5.68418e-002
824	 4.0185546875e-001	-6.27803e-002
825	 4.0234375000e-001	-8.15928e-002
826	 4.0283203125e-001	-9.56428e-002
827	 4.0332031250e-001	-7.81047e-002
828	 4.0380859375e-001	-3.73934e-002
829	 4.0429687500e-001	-1.45568e-002
830	 4.0478515625e-001	-1.28209e-002
831	 4.0527343750e-001	 4.18727e-005
832	 4.0576171875e-001	 2.14637e-002
833	 4.0625000000e-001	 2.14074e-002
834	 4.0673828125e-001	-1.06560e-002
835	 4.0722656250e-001	-4.63911e-002
836	 4.0771484375e-001	-5.97968e-002
837	 4.0820312500e-001	-6.05955e-002
838	 4.0869140625e-001	-6.84610e-002
839	 4.0917968750e-001	-6.92365e-002
840	 4.0966796875e-001	-3.94530e-002
841	 4.1015625000e-001	-8.05130e-003
842	 4.1064453125e-001	-2.98437e-003
843	 4.1113281250e-001	 3.36860e-003
844	 4.1162109375e-001	 2.81306e-002
845	 4.1210937500e-001	 4.80728e-002
846	 4.1259765625e-001	 4.04638e-002
847	 4.1308593750e-001	 2.58833e-002
848	 4.1357421875e-001	 3.71983e-002
849	 4.1406250000e-001	 7.19149e-002
850	 4.1455078125e-001	 1.01977e-001
851	 4.1503906250e-001	 1.05048e-001
852	 4.1552734375e-001	 1.05972e-001
853	 4.1601562500e-001	 1.20001e-001
854	 4.1650390625e-001	 1.15575e-001
855	 4.1699218750e-001	 8.52863e-002
856	 4.1748046875e-001	 5.21785e-002
857	 4.1796875000e-001	 2.27102e-002
858	 4.1845703125e-001	-1.79289e-002
859	 4.1894531250e-001	-6.61897e-002
860	 4.1943359375e-001	-9.82316e-002
861	 4.1992187500e-001	-1.07044e-001
862	 4.2041015625e-001	-1.02309e-001
863	 4.2089843750e-001	-1.02406e-001
864	 4.2138671875e-001	-1.02074e-001
865	 4.2187500000e-001	-8.52921e-002
866	 4.2236328125e-001	-6.21670e-002
867	 4.2285156250e-001	-5.17026e-002
868	 4.2333984375e-001	-5.65295e-002
869	 4.2382812500e-001	-5.27834e-002
870	 4.2431640625e-001	-3.92492e-002
871	 4.2480468750e-001	-2.49257e-002
872	 4.2529296875e-001	-2.64869e-003
873	 4.2578125000e-001	 2.41378e-002
874	 4.2626953125e-001	 5.69487e-002
875	 4.2675781250e-001	 8.29716e-002
876	 4.2724609375e-001	 8.67008e-002
877	 4.2773437500e-001	 8.19277e-002
878	 4.2822265625e-001	 7.74074e-002
879	 4.2871093750e-001	 6.03266e-002
880	 4.2919921875e-001	 2.20688e-002
881	 4.2968750000e-001	-1.31281e-002
882	 4.3017578125e-001	-2.51926e-002
883	 4.3066406250e-001	-1.96908e-002
884	 4.3115234375e-001	-4.00551e-003
885	 4.3164062500e-001	 7.12138e-003
886	 4.3212890625e-001	 1.40626e-002
887	 4.3261718750e-001	 3.09619e-002
888	 4.3310546875e-001	 5.05773e-002
889	 4.3359375000e-001	 5.84724e-002
890	 4.3408203125e-001	 5.83426e-002
891	 4.3457031250e-001	 5.34902e-002
892	 4.3505859375e-001	 2.75543e-002
893	 4.3554687500e-001	-5.92144e-003
894	 4.3603515625e-001	-1.72693e-002
895	 4.3652343750e-001	-1.52110e-002
896	 4.3701171875e-001	-1.51859e-002
897	 4.3750000000e-001	-2.15082e-002
898	 4.3798828125e-001	-3.31470e-002
899	 4.3847656250e-001	-4.70841e-002
900	 4.3896484375e-001	-5.85284e-002
901	 4.3945312500e-001	-7.53178e-002
902	 4.3994140625e-001	-1.05453e-001
903	 4.4042968750e-001	-1.30716e-001
904	 4.4091796875e-001	-1.41441e-001
905	 4.4140625000e-001	-1.36596e-001
906	 4.4189453125e-001	-1.08666e-001
907	 4.4238281250e-001	-6.59763e-002
908	 4.4287109375e-001	-1.91072e-002
909	 4.4335937500e-001	 3.46432e-002
910	 4.4384765625e-001	 8.37690e-002
911	 4.4433593750e-001	 1.12068e-001
912	 4.4482421875e-001	 1.23096e-001
913	 4.4531250000e-001	 1.28534e-001
914	 4.4580078125e-001	 1.21145e-001
915	 4.4628906250e-001	 9.53420e-002
916	 4.4677734375e-001	 6.65536e-002
917	 4.4726562500e-001	 5.13287e-002
918	 4.4775390625e-001	 5.57325e-002
919	 4.4824218750e-001	 6.27604e-002
920	 4.4873046875e-001	 4.90283e-002
921	 4.4921875000e-001	 2.58008e-002
922	 4.4970703125e-001	 2.32177e-002
923	 4.5019531250e-001	 2.10169e-002
924	 4.5068359375e-001	-1.15260e-002
925	 4.5117187500e-001	-4.85803e-002
926	 4.5166015625e-001	-6.93612e-002
927	 4.5214843750e-001	-8.36261e-002
928	 4.5263671875e-001	-9.03028e-002
929	 4.5312500000e-001	-8.36540e-002
930	 4.5361328125e-001	-5.75726e-002
931	 4.5410156250e-001	-2.24959e-002
932	 4.5458984375e-001	 2.40489e-003
933	 4.5507812500e-001	 1.21242e-002
934	 4.5556640625e-001	 2.22392e-002
935	 4.5605468750e-001	 3.92620e-002
936	 4.5654296875e-001	 2.05158e-002
937	 4.5703125000e-001	-3.47262e-002
938	 4.5751953125e-001	-6.83044e-002
939	 4.5800781250e-001	-7.18751e-002
940	 4.5849609375e-001	-6.94251e-002
941	 4.5898437500e-001	-7.04018e-002
942	 4.5947265625e-001	-5.69256e-002
943	 4.5996093750e-001	-2.26348e-002
944	 4.6044921875e-001	 7.97235e-003
945	 4.6093750000e-001	 2.30555e-002
946	 4.6142578125e-001	 2.70376e-002
947	 4.6191406250e-001	 4.32229e-002
948	 4.6240234375e-001	 5.83338e-002
949	 4.6289062500e-001	 3.84936e-002
950	 4.6337890625e-001	 1.74072e-002
951	 4.6386718750e-001	 3.66481e-002
952	 4.6435546875e-001	 7.59319e-002
953	 4.6484375000e-001	 9.76980e-002
954	 4.6533203125e-001	 1.05621e-001
955	 4.6582031250e-001	 1.14650e-001
956	 4.6630859375e-001	 1.23708e-001
957	 4.6679687500e-001	 1.14999e-001
958	 4.6728515625e-001	 7.83280e-002
959	 4.6777343750e-001	 3.83220e-002
960	 4.6826171875e-001	 4.75221e-003
961	 4.6875000000e-001	-4.44370e-002
962	 4.6923828125e-001	-1.02822e-001
963	 4.6972656250e-001	-1.29464e-001
964	 4.7021484375e-001	-1.16089e-001
965	 4.7070312500e-001	-1.03174e-001
966	 4.7119140625e-001	-1.07372e-001
967	 4.7167968750e-001	-9.86701e-002
968	 4.7216796875e-001	-7.04982e-002
969	 4.7265625000e-001	-4.20599e-002
970	 4.7314453125e-001	-3.52398e-002
971	 4.7363281250e-001	-4.91516e-002
972	 4.7412109375e-001	-4.75668e-002
973	 4.7460937500e-001	-2.94567e-002
974	 4.7509765625e-001	-1.49517e-002
975	 4.7558593750e-001	-4.14022e-003
976	 4.7607421875e-001	 2.30076e-002
977	 4.7656250000e-001	 6.46561e-002
978	 4.7705078125e-001	 8.66112e-002
979	 4.7753906250e-001	 9.34332e-002
980	 4.7802734375e-001	 9.37182e-002
981	 4.7851562500e-001	 7.91454e-002
982	 4.7900390625e-001	 4.87274e-002
983	 4.7949218750e-001	 7.35036e-003
984	 4.7998046875e-001	-2.52658e-002
985	 4.8046875000e-001	-3.19049e-002
986	 4.8095703125e-001	-1.91061e-002
987	 4.8144531250e-001	-8.24659e-003
988	 4.8193359375e-001	-1.88796e-003
989	 4.8242187500e-001	 1.79123e-002
990	 4.8291015625e-001	 4.48503e-002
991	 4.8339843750e-001	 6.33410e-002
992	 4.8388671875e-001	 6.89594e-002
993	 4.8437500000e-001	 6.31973e-002
994	 4.8486328125e-001	 4.98669e-002
995	 4.8535156250e-001	 2.82364e-002
996	 4.8583984375e-001	 1.42518e-003
997	 4.8632812500e-001	-2.41848e-002
998	 4.8681640625e-001	-2.97587e-002
999	 4.8730468750e-001	-2.26916e-002
1000	 4.8779296875e-001	-3.32608e-002
1001	 4.8828125000e-001	-5.25776e-002
1002	 4.8876953125e-001	-6.15635e-002
1003	 4.8925781250e-001	-6.14472e-002
1004	 4.8974609375e-001	-7.32028e-002
1005	 4.9023437500e-001	-1.03689e-001
1006	 4.9072265625e-001	-1.28859e-001
1007	 4.9121093750e-001	-1.28889e-001
1008	 4.9169921875e-001	-1.06448e-001
1009	 4.9218750000e-001	-7.98718e-002
1010	 4.9267578125e-001	-4.51979e-002
1011	 4.9316406250e-001	 9.09434e-003
1012	 4.9365234375e-001	 5.93868e-002
1013	 4.9414062500e-001	 8.98673e-002
1014	 4.9462890625e-001	 1.13347e-001
1015	 4.9511718750e-001	 1.37258e-001
1016	 4.9560546875e-001	 1.42331e-001
1017	 4.9609375000e-001	 1.16972e-001
1018	 4.9658203125e-001	 8.55385e-002
1019	 4.9707031250e-001	 6.88905e-002
1020	 4.9755859375e-001	 6.95482e-002
1021	 4.9804687500e-001	 6.41837e-002
1022	 4.9853515625e-001	 3.76945e-002
1023	 4.9902343750e-001	 1.90564e-002
1024	 4.9951171875e-001	 2.16669e-002
1025	 5.0000000000e-001	 1.64015e-002
1026	 5.0048828125e-001	-1.39323e-002
1027	 5.0097656250e-001	-4.08539e-002
1028	 5.0146484375e-001	-4.74677e-002
1029	 5.0195312500e-001	-5.79904e-002
1030	 5.0244140625e-001	-7.63096e-002
1031	 5.0292968750e-001	-8.23181e-002
1032	 5.0341796875e-001	-6.41939e-002
1033	 5.0390625000e-001	-3.19716e-002
1034	 5.0439453125e-001	-1.21774e-002
1035	 5.0488281250e-001	-1.04660e-002
1036	 5.0537109375e-001	 4.49947e-004
1037	 5.0585937500e-001	 2.63423e-002
1038	 5.0634765625e-001	 2.11582e-002
1039	 5.0683593750e-001	-2.04068e-002
1040	 5.0732421875e-001	-5.04561e-002
1041	 5.0781250000e-001	-5.77075e-002
1042	 5.0830078125e-001	-6.24426e-002
1043	 5.0878906250e-001	-7.06823e-002
1044	 5.0927734375e-001	-6.58953e-002
1045	 5.0976562500e-001	-4.10513e-002
1046	 5.1025390625e-001	-1.55997e-002
1047	 5.1074218750e-001	-2.48469e-003
1048	 5.1123046875e-001	 7.49492e-003
1049	 5.1171875000e-001	 3.07273e-002
1050	 5.1220703125e-001	 5.03956e-002
1051	 5.1269531250e-001	 3.54920e-002
1052	 5.1318359375e-001	 2.00210e-002
1053	 5.1367187500e-001	 4.16762e-002
1054	 5.1416015625e-001	 7.71859e-002
1055	 5.1464843750e-001	 9.58504e-002
1056	 5.1513671875e-001	 9.66728e-002
1057	 5.1562500000e-001	 1.01696e-001
1058	 5.1611328125e-001	 1.14684e-001
1059	 5.1660156250e-001	 1.12175e-001
1060	 5.1708984375e-001	 8.50318e-002
1061	 5.1757812500e-001	 4.99514e-002
1062	 5.1806640625e-001	 1.76535e-002
1063	 5.1855468750e-001	-2.96749e-002
1064	 5.1904296875e-001	-8.50958e-002
1065	 5.1953125000e-001	-1.11899e-001
1066	 5.2001953125e-001	-1.06591e-001
1067	 5.2050781250e-001	-9.84695e-002
1068	 5.2099609375e-001	-1.02801e-001
1069	 5.2148437500e-001	-9.81130e-002
1070	 5.2197265625e-001	-8.11516e-002
1071	 5.2246093750e-001	-6.48026e-002
1072	 5.2294921875e-001	-5.58340e-002
1073	 5.2343750000e-001	-5.35346e-002
1074	 5.2392578125e-001	-4.64348e-002
1075	 5.2441406250e-001	-3.69625e-002
1076	 5.2490234375e-001	-2.43528e-002
1077	 5.2539062500e-001	-4.17958e-003
1078	 5.2587890625e-001	 2.96934e-002
1079	 5.2636718750e-001	 7.00362e-002
1080	 5.2685546875e-001	 8.82824e-002
1081	 5.2734375000e-001	 9.11206e-002
1082	 5.2783203125e-001	 9.35316e-002
1083	 5.2832031250e-001	 8.07347e-002
1084	 5.2880859375e-001	 5.18324e-002
1085	 5.2929687500e-001	 1.53246e-002
1086	 5.2978515625e-001	-1.58557e-002
1087	 5.3027343750e-001	-2.96845e-002
1088	 5.3076171875e-001	-2.17755e-002
1089	 5.3125000000e-001	-4.49687e-004
1090	 5.3173828125e-001	 1.48788e-002
1091	 5.3222656250e-001	 2.53703e-002
1092	 5.3271484375e-001	 3.99469e-002
1093	 5.3320312500e-001	 5.95288e-002
1094	 5.3369140625e-001	 7.20570e-002
1095	 5.3417968750e-001	 6.65957e-002
1096	 5.3466796875e-001	 4.47926e-002
1097	 5.3515625000e-001	 1.93004e-002
1098	 5.3564453125e-001	 4.01487e-003
1099	 5.3613281250e-001	-9.05350e-003
1100	 5.3662109375e-001	-2.12222e-002
1101	 5.3710937500e-001	-2.17521e-002
1102	 5.3759765625e-001	-2.01402e-002
1103	 5.3808593750e-001	-3.02824e-002
1104	 5.3857421875e-001	-4.78539e-002
1105	 5.3906250000e-001	-5.87258e-002
1106	 5.3955078125e-001	-7.10663e-002
1107	 5.4003906250e-001	-1.00719e-001
1108	 5.4052734375e-001	-1.34785e-001
1109	 5.4101562500e-001	-1.50947e-001
1110	 5.4150390625e-001	-1.32503e-001
1111	 5.4199218750e-001	-9.40632e-002
1112	 5.4248046875e-001	-5.98172e-002
1113	 5.4296875000e-001	-1.59168e-002
1114	 5.4345703125e-001	 4.29499e-002
1115	 5.4394531250e-001	 8.90023e-002
1116	 5.4443359375e-001	 1.10247e-001
1117	 5.4492187500e-001	 1.23999e-001
1118	 5.4541015625e-001	 1.33941e-001
1119	 5.4589843750e-001	 1.22145e-001
1120	 5.4638671875e-001	 8.80856e-002
1121	 5.4687500000e-001	 5.31943e-002
1122	 5.4736328125e-001	 4.55306e-002
1123	 5.4785156250e-001	 6.08677e-002
1124	 5.4833984375e-001	 5.92886e-002
1125	 5.4882812500e-001	 3.37463e-002
1126	 5.4931640625e-001	 1.77917e-002
1127	 5.4980468750e-001	 1.69948e-002
1128	 5.5029296875e-001	 4.86550e-004
1129	 5.5078125000e-001	-2.83315e-002
1130	 5.5126953125e-001	-4.62717e-002
1131	 5.5175781250e-001	-6.07895e-002
1132	 5.5224609375e-001	-8.05162e-002
1133	 5.5273437500e-001	-9.36393e-002
1134	 5.5322265625e-001	-8.34397e-002
1135	 5.5371093750e-001	-4.62593e-002
1136	 5.5419921875e-001	-1.17451e-002
1137	 5.5468750000e-001	-2.50145e-003
1138	 5.5517578125e-001	 2.91047e-003
1139	 5.5566406250e-001	 2.34662e-002
1140	 5.5615234375e-001	 3.18634e-002
1141	 5.5664062500e-001	-1.11617e-003
1142	 5.5712890625e-001	-3.99199e-002
1143	 5.5761718750e-001	-5.54892e-002
1144	 5.5810546875e-001	-6.00528e-002
1145	 5.5859375000e-001	-6.53967e-002
1146	 5.5908203125e-001	-7.01584e-002
1147	 5.5957031250e-001	-5.22906e-002
1148	 5.6005859375e-001	-1.40340e-002
1149	 5.6054687500e-001	 1.22868e-002
1150	 5.6103515625e-001	 1.63287e-002
1151	 5.6152343750e-001	 2.23124e-002
1152	 5.6201171875e-001	 4.33266e-002
1153	 5.6250000000e-001	 4.72179e-002
1154	 5.6298828125e-001	 3.04598e-002
1155	 5.6347656250e-001	 3.23817e-002
1156	 5.6396484375e-001	 6.02400e-002
1157	 5.6445312500e-001	 9.04644e-002
1158	 5.6494140625e-001	 1.00454e-001
1159	 5.6542968750e-001	 1.00777e-001
1160	 5.6591796875e-001	 1.14271e-001
1161	 5.6640625000e-001	 1.29737e-001
1162	 5.6689453125e-001	 1.11659e-001
1163	 5.6738281250e-001	 6.21648e-002
1164	 5.6787109375e-001	 2.68965e-002
1165	 5.6835937500e-001	-4.07152e-003
1166	 5.6884765625e-001	-6.08307e-002
1167	 5.6933593750e-001	-1.12077e-001
1168	 5.6982421875e-001	-1.21491e-001
1169	 5.7031250000e-001	-1.01230e-001
1170	 5.7080078125e-001	-9.59508e-002
1171	 5.7128906250e-001	-1.05915e-001
1172	 5.7177734375e-001	-9.67276e-002
1173	 5.7226562500e-001	-6.17878e-002
1174	 5.7275390625e-001	-2.97000e-002
1175	 5.7324218750e-001	-3.91469e-002
1176	 5.7373046875e-001	-6.10351e-002
1177	 5.7421875000e-001	-4.86069e-002
1178	 5.7470703125e-001	-2.62964e-002
1179	 5.7519531250e-001	-1.67719e-002
1180	 5.7568359375e-001	 3.61902e-003
1181	 5.7617187500e-001	 4.80804e-002
1182	 5.7666015625e-001	 8.33721e-002
1183	 5.7714843750e-001	 9.07672e-002
1184	 5.7763671875e-001	 8.79248e-002
1185	 5.7812500000e-001	 8.41139e-002
1186	 5.7861328125e-001	 7.58095e-002
1187	 5.7910156250e-001	 4.40661e-002
1188	 5.7958984375e-001	-4.17717e-003
1189	 5.8007812500e-001	-3.09075e-002
1190	 5.8056640625e-001	-2.66186e-002
1191	 5.8105468750e-001	-1.68813e-002
1192	 5.8154296875e-001	-1.28982e-002
1193	 5.8203125000e-001	 8.06929e-003
1194	 5.8251953125e-001	 3.88432e-002
1195	 5.8300781250e-001	 5.56428e-002
1196	 5.8349609375e-001	 6.30837e-002
1197	 5.8398437500e-001	 6.45870e-002
1198	 5.8447265625e-001	 6.24065e-002
1199	 5.8496093750e-001	 4.79757e-002
1200	 5.8544921875e-001	 1.44228e-002
1201	 5.8593750000e-001	-1.75326e-002
1202	 5.8642578125e-001	-2.76605e-002
1203	 5.8691406250e-001	-2.48587e-002
1204	 5.8740234375e-001	-3.34896e-002
1205	 5.8789062500e-001	-4.47917e-002
1206	 5.8837890625e-001	-4.44857e-002
1207	 5.8886718750e-001	-4.87158e-002
1208	 5.8935546875e-001	-6.48103e-002
1209	 5.8984375000e-001	-8.84547e-002
1210	 5.9033203125e-001	-1.18244e-001
1211	 5.9082031250e-001	-1.37686e-001
1212	 5.9130859375e-001	-1.35588e-001
1213	 5.9179687500e-001	-1.17073e-001
1214	 5.9228515625e-001	-8.67108e-002
1215	 5.9277343750e-001	-3.78555e-002
1216	 5.9326171875e-001	 1.60637e-002
1217	 5.9375000000e-001	 5.70461e-002
1218	 5.9423828125e-001	 9.90099e-002
1219	 5.9472656250e-001	 1.34003e-001
1220	 5.9521484375e-001	 1.43139e-001
1221	 5.9570312500e-001	 1.29243e-001
1222	 5.9619140625e-001	 1.03236e-001
1223	 5.9667968750e-001	 7.61151e-002
1224	 5.9716796875e-001	 6.18920e-002
1225	 5.9765625000e-001	 6.26053e-002
1226	 5.9814453125e-001	 5.16672e-002
1227	 5.9863281250e-001	 3.37571e-002
1228	 5.9912109375e-001	 2.55610e-002
1229	 5.9960937500e-001	 1.96473e-002
1230	 6.0009765625e-001	 1.11408e-002
1231	 6.0058593750e-001	-3.40750e-003
1232	 6.0107421875e-001	-2.59637e-002
1233	 6.0156250000e-001	-5.28360e-002
1234	 6.0205078125e-001	-7.07068e-002
1235	 6.0253906250e-001	-7.95328e-002
1236	 6.0302734375e-001	-8.14818e-002
1237	 6.0351562500e-001	-6.17911e-002
1238	 6.0400390625e-001	-2.84096e-002
1239	 6.0449218750e-001	-4.46040e-003
1240	 6.0498046875e-001	 6.30817e-003
1241	 6.0546875000e-001	 1.49395e-002
1242	 6.0595703125e-001	 2.25928e-002
1243	 6.0644531250e-001	 1.80821e-002
1244	 6.0693359375e-001	-8.56174e-003
1245	 6.0742187500e-001	-4.58662e-002
1246	 6.0791015625e-001	-6.75525e-002
1247	 6.0839843750e-001	-6.75808e-002
1248	 6.0888671875e-001	-6.54031e-002
1249	 6.0937500000e-001	-6.13176e-002
1250	 6.0986328125e-001	-3.55684e-002
1251	 6.1035156250e-001	-3.94859e-003
1252	 6.1083984375e-001	 1.07456e-002
1253	 6.1132812500e-001	 1.85022e-002
1254	 6.1181640625e-001	 3.25364e-002
1255	 6.1230468750e-001	 4.28012e-002
1256	 6.1279296875e-001	 3.88040e-002
1257	 6.1328125000e-001	 3.13751e-002
1258	 6.1376953125e-001	 3.73517e-002
1259	 6.1425781250e-001	 7.08370e-002
1260	 6.1474609375e-001	 1.02602e-001
1261	 6.1523437500e-001	 1.00242e-001
1262	 6.1572265625e-001	 9.72583e-002
1263	 6.1621093750e-001	 1.11606e-001
1264	 6.1669921875e-001	 1.11539e-001
1265	 6.1718750000e-001	 7.92504e-002
1266	 6.1767578125e-001	 3.48698e-002
1267	 6.1816406250e-001	-2.10421e-003
1268	 6.1865234375e-001	-4.19121e-002
1269	 6.1914062500e-001	-8.18857e-002
1270	 6.1962890625e-001	-1.13717e-001
1271	 6.2011718750e-001	-1.24985e-001
1272	 6.2060546875e-001	-1.12288e-001
1273	 6.2109375000e-001	-1.05442e-001
1274	 6.2158203125e-001	-1.03290e-001
1275	 6.2207031250e-001	-8.33732e-002
1276	 6.2255859375e-001	-4.93997e-002
1277	 6.2304687500e-001	-4.02480e-002
1278	 6.2353515625e-001	-5.68680e-002
1279	 6.2402343750e-001	-5.51231e-002
1280	 6.2451171875e-001	-3.36233e-002
1281	 6.2500000000e-001	-1.05293e-002
1282	 6.2548828125e-001	 5.96100e-003
1283	 6.2597656250e-001	 2.75154e-002
1284	 6.2646484375e-001	 6.24449e-002
1285	 6.2695312500e-001	 8.69957e-002
1286	 6.2744140625e-001	 8.82147e-002
1287	 6.2792968750e-001	 8.00310e-002
1288	 6.2841796875e-001	 8.24037e-002
1289	 6.2890625000e-001	 7.27364e-002
1290	 6.2939453125e-001	 2.31238e-002
1291	 6.2988281250e-001	-2.59424e-002
1292	 6.3037109375e-001	-3.55075e-002
1293	 6.3085937500e-001	-1.28166e-002
1294	 6.3134765625e-001	 6.86794e-003
1295	 6.3183593750e-001	 1.10661e-002
1296	 6.3232421875e-001	 2.13933e-002
1297	 6.3281250000e-001	 4.56695e-002
1298	 6.3330078125e-001	 6.84733e-002
1299	 6.3378906250e-001	 6.75974e-002
1300	 6.3427734375e-001	 5.97109e-002
1301	 6.3476562500e-001	 5.57017e-002
1302	 6.3525390625e-001	 3.42999e-002
1303	 6.3574218750e-001	 4.01340e-003
1304	 6.3623046875e-001	-1.58239e-002
1305	 6.3671875000e-001	-1.87382e-002
1306	 6.3720703125e-001	-1.81062e-002
1307	 6.3769531250e-001	-2.89134e-002
1308	 6.3818359375e-001	-4.06719e-002
1309	 6.3867187500e-001	-4.94733e-002
1310	 6.3916015625e-001	-5.73168e-002
1311	 6.3964843750e-001	-7.73758e-002
1312	 6.4013671875e-001	-1.11904e-001
1313	 6.4062500000e-001	-1.31354e-001
1314	 6.4111328125e-001	-1.28504e-001
1315	 6.4160156250e-001	-1.15920e-001
1316	 6.4208984375e-001	-9.64841e-002
1317	 6.4257812500e-001	-5.92307e-002
1318	 6.4306640625e-001	-2.90682e-003
1319	 6.4355468750e-001	 5.16586e-002
1320	 6.4404296875e-001	 9.03734e-002
1321	 6.4453125000e-001	 1.12839e-001
1322	 6.4501953125e-001	 1.27606e-001
1323	 6.4550781250e-001	 1.33586e-001
1324	 6.4599609375e-001	 1.16229e-001
1325	 6.4648437500e-001	 8.49532e-002
1326	 6.4697265625e-001	 6.64545e-002
1327	 6.4746093750e-001	 6.60138e-002
1328	 6.4794921875e-001	 6.11572e-002
1329	 6.4843750000e-001	 4.13342e-002
1330	 6.4892578125e-001	 1.95616e-002
1331	 6.4941406250e-001	 1.37185e-002
1332	 6.4990234375e-001	 1.72957e-002
1333	 6.5039062500e-001	 1.61783e-003
1334	 6.5087890625e-001	-2.66780e-002
1335	 6.5136718750e-001	-4.83984e-002
1336	 6.5185546875e-001	-6.91786e-002
1337	 6.5234375000e-001	-8.89142e-002
1338	 6.5283203125e-001	-9.31436e-002
1339	 6.5332031250e-001	-6.75136e-002
1340	 6.5380859375e-001	-3.29437e-002
1341	 6.5429687500e-001	-1.85798e-002
1342	 6.5478515625e-001	-1.41264e-002
1343	 6.5527343750e-001	 8.71335e-004
1344	 6.5576171875e-001	 2.91160e-002
1345	 6.5625000000e-001	 3.33828e-002
1346	 6.5673828125e-001	-5.59289e-003
1347	 6.5722656250e-001	-4.34298e-002
1348	 6.5771484375e-001	-5.78957e-002
1349	 6.5820312500e-001	-6.63760e-002
1350	 6.5869140625e-001	-7.53604e-002
1351	 6.5917968750e-001	-7.04092e-002
1352	 6.5966796875e-001	-4.06678e-002
1353	 6.6015625000e-001	-8.47527e-003
1354	 6.6064453125e-001	 5.98798e-003
1355	 6.6113281250e-001	 1.34358e-002
1356	 6.6162109375e-001	 3.17097e-002
1357	 6.6210937500e-001	 5.18513e-002
1358	 6.6259765625e-001	 4.55721e-002
1359	 6.6308593750e-001	 2.77481e-002
1360	 6.6357421875e-001	 3.52983e-002
1361	 6.6406250000e-001	 6.45025e-002
1362	 6.6455078125e-001	 8.84540e-002
1363	 6.6503906250e-001	 9.88051e-002
1364	 6.6552734375e-001	 1.10072e-001
1365	 6.6601562500e-001	 1.24308e-001
1366	 6.6650390625e-001	 1.22375e-001
1367	 6.6699218750e-001	 9.37907e-002
1368	 6.6748046875e-001	 5.64167e-002
1369	 6.6796875000e-001	 2.66140e-002
1370	 6.6845703125e-001	-1.38617e-002
1371	 6.6894531250e-001	-6.81322e-002
1372	 6.6943359375e-001	-1.06662e-001
1373	 6.6992187500e-001	-1.13939e-001
1374	 6.7041015625e-001	-1.05497e-001
1375	 6.7089843750e-001	-1.05137e-001
1376	 6.7138671875e-001	-1.00236e-001
1377	 6.7187500000e-001	-7.93464e-002
1378	 6.7236328125e-001	-5.44730e-002
1379	 6.7285156250e-001	-4.16581e-002
1380	 6.7333984375e-001	-5.03907e-002
1381	 6.7382812500e-001	-5.34244e-002
1382	 6.7431640625e-001	-3.53269e-002
1383	 6.7480468750e-001	-1.51954e-002
1384	 6.7529296875e-001	 2.48624e-003
1385	 6.7578125000e-001	 2.58797e-002
1386	 6.7626953125e-001	 5.66379e-002
1387	 6.7675781250e-001	 7.67179e-002
1388	 6.7724609375e-001	 8.26472e-002
1389	 6.7773437500e-001	 9.09674e-002
1390	 6.7822265625e-001	 9.32650e-002
1391	 6.7871093750e-001	 7.51851e-002
1392	 6.7919921875e-001	 3.44865e-002
1393	 6.7968750000e-001	-6.07721e-003
1394	 6.8017578125e-001	-2.12145e-002
1395	 6.8066406250e-001	-1.48702e-002
1396	 6.8115234375e-001	-3.45160e-003
1397	 6.8164062500e-001	 2.51772e-003
1398	 6.8212890625e-001	 1.77408e-002
1399	 6.8261718750e-001	 3.99178e-002
1400	 6.8310546875e-001	 5.41044e-002
1401	 6.8359375000e-001	 5.91507e-002
1402	 6.8408203125e-001	 5.90524e-002
1403	 6.8457031250e-001	 5.86605e-002
1404	 6.8505859375e-001	 4.35798e-002
1405	 6.8554687500e-001	 1.41971e-002
1406	 6.8603515625e-001	-8.93695e-003
1407	 6.8652343750e-001	-1.77549e-002
1408	 6.8701171875e-001	-1.62038e-002
1409	 6.8750000000e-001	-2.36332e-002
1410	 6.8798828125e-001	-4.00818e-002
1411	 6.8847656250e-001	-5.23823e-002
1412	 6.8896484375e-001	-5.93824e-002
1413	 6.8945312500e-001	-7.09200e-002
1414	 6.8994140625e-001	-9.77827e-002
1415	 6.9042968750e-001	-1.24331e-001
1416	 6.9091796875e-001	-1.35430e-001
1417	 6.9140625000e-001	-1.25181e-001
1418	 6.9189453125e-001	-1.00422e-001
1419	 6.9238281250e-001	-6.58186e-002
1420	 6.9287109375e-001	-1.58243e-002
1421	 6.9335937500e-001	 3.21974e-002
1422	 6.9384765625e-001	 7.17356e-002
1423	 6.9433593750e-001	 1.04327e-001
1424	 6.9482421875e-001	 1.25237e-001
1425	 6.9531250000e-001	 1.30777e-001
1426	 6.9580078125e-001	 1.14373e-001
1427	 6.9628906250e-001	 9.24851e-002
1428	 6.9677734375e-001	 7.56260e-002
1429	 6.9726562500e-001	 6.77546e-002
1430	 6.9775390625e-001	 6.69832e-002
1431	 6.9824218750e-001	 5.47004e-002
1432	 6.9873046875e-001	 3.89672e-002
1433	 6.9921875000e-001	 3.06093e-002
1434	 6.9970703125e-001	 2.39014e-002
1435	 7.0019531250e-001	 7.01997e-003
1436	 7.0068359375e-001	-2.08616e-002
1437	 7.0117187500e-001	-4.74002e-002
1438	 7.0166015625e-001	-6.82506e-002
1439	 7.0214843750e-001	-7.77211e-002
1440	 7.0263671875e-001	-7.85260e-002
1441	 7.0312500000e-001	-7.21764e-002
1442	 7.0361328125e-001	-4.90957e-002
1443	 7.0410156250e-001	-1.86302e-002
1444	 7.0458984375e-001	 1.69340e-003
1445	 7.0507812500e-001	 1.20371e-002
1446	 7.0556640625e-001	 2.44836e-002
1447	 7.0605468750e-001	 3.14339e-002
1448	 7.0654296875e-001	 1.23320e-002
1449	 7.0703125000e-001	-2.92059e-002
1450	 7.0751953125e-001	-6.46625e-002
1451	 7.0800781250e-001	-7.16595e-002
1452	 7.0849609375e-001	-6.17782e-002
1453	 7.0898437500e-001	-5.50284e-002
1454	 7.0947265625e-001	-4.34707e-002
1455	 7.0996093750e-001	-1.98491e-002
1456	 7.1044921875e-001	 2.59677e-003
1457	 7.1093750000e-001	 1.73849e-002
1458	 7.1142578125e-001	 2.82258e-002
1459	 7.1191406250e-001	 4.11800e-002
1460	 7.1240234375e-001	 4.54040e-002
1461	 7.1289062500e-001	 3.11080e-002
1462	 7.1337890625e-001	 2.31140e-002
1463	 7.1386718750e-001	 4.35595e-002
1464	 7.1435546875e-001	 8.67226e-002
1465	 7.1484375000e-001	 1.13880e-001
1466	 7.1533203125e-001	 1.10815e-001
1467	 7.1582031250e-001	 1.11327e-001
1468	 7.1630859375e-001	 1.21347e-001
1469	 7.1679687500e-001	 1.13542e-001
1470	 7.1728515625e-001	 7.80766e-002
1471	 7.1777343750e-001	 3.32878e-002
1472	 7.1826171875e-001	-6.19039e-003
1473	 7.1875000000e-001	-4.92793e-002
1474	 7.1923828125e-001	-9.74890e-002
1475	 7.1972656250e-001	-1.28826e-001
1476	 7.2021484375e-001	-1.19075e-001
1477	 7.2070312500e-001	-9.49232e-002
1478	 7.2119140625e-001	-8.88907e-002
1479	 7.2167968750e-001	-8.72050e-002
1480	 7.2216796875e-001	-7.00327e-002
1481	 7.2265625000e-001	-4.58024e-002
1482	 7.2314453125e-001	-4.68518e-002
1483	 7.2363281250e-001	-6.04703e-002
1484	 7.2412109375e-001	-5.67533e-002
1485	 7.2460937500e-001	-3.24445e-002
1486	 7.2509765625e-001	-5.97365e-003
1487	 7.2558593750e-001	 4.79941e-003
1488	 7.2607421875e-001	 3.11391e-002
1489	 7.2656250000e-001	 8.05813e-002
1490	 7.2705078125e-001	 1.06573e-001
1491	 7.2753906250e-001	 9.86543e-002
1492	 7.2802734375e-001	 8.38600e-002
1493	 7.2851562500e-001	 7.83761e-002
1494	 7.2900390625e-001	 5.68013e-002
1495	 7.2949218750e-001	 7.43126e-003
1496	 7.2998046875e-001	-3.25118e-002
1497	 7.3046875000e-001	-3.41291e-002
1498	 7.3095703125e-001	-5.93427e-003
1499	 7.3144531250e-001	 7.87313e-003
1500	 7.3193359375e-001	 1.73182e-003
1501	 7.3242187500e-001	 2.15644e-002
1502	 7.3291015625e-001	 6.33448e-002
1503	 7.3339843750e-001	 7.75937e-002
1504	 7.3388671875e-001	 6.29508e-002
1505	 7.3437500000e-001	 5.58476e-002
1506	 7.3486328125e-001	 4.85741e-002
1507	 7.3535156250e-001	 2.19219e-002
1508	 7.3583984375e-001	-9.10699e-003
1509	 7.3632812500e-001	-2.20739e-002
1510	 7.3681640625e-001	-1.17719e-002
1511	 7.3730468750e-001	-1.02228e-002
1512	 7.3779296875e-001	-3.68678e-002
1513	 7.3828125000e-001	-5.78021e-002
1514	 7.3876953125e-001	-4.83346e-002
1515	 7.3925781250e-001	-4.49833e-002
1516	 7.3974609375e-001	-8.39367e-002
1517	 7.4023437500e-001	-1.27653e-001
1518	 7.4072265625e-001	-1.35046e-001
1519	 7.4121093750e-001	-1.25786e-001
1520	 7.4169921875e-001	-1.16626e-001
1521	 7.4218750000e-001	-9.32848e-002
1522	 7.4267578125e-001	-4.14334e-002
1523	 7.4316406250e-001	 2.29988e-002
1524	 7.4365234375e-001	 6.27076e-002
1525	 7.4414062500e-001	 8.31499e-002
1526	 7.4462890625e-001	 1.12223e-001
1527	 7.4511718750e-001	 1.43287e-001
1528	 7.4560546875e-001	 1.36483e-001
1529	 7.4609375000e-001	 9.42992e-002
1530	 7.4658203125e-001	 6.75816e-002
1531	 7.4707031250e-001	 6.53188e-002
1532	 7.4755859375e-001	 6.24458e-002
1533	 7.4804687500e-001	 5.06933e-002
1534	 7.4853515625e-001	 4.03663e-002
1535	 7.4902343750e-001	 3.57093e-002
1536	 7.4951171875e-001	 2.77941e-002
1537	 7.5000000000e-001	 5.48199e-003
1538	 7.5048828125e-001	-2.24217e-002
1539	 7.5097656250e-001	-3.33948e-002
1540	 7.5146484375e-001	-4.42500e-002
1541	 7.5195312500e-001	-7.66149e-002
1542	 7.5244140625e-001	-9.77831e-002
1543	 7.5292968750e-001	-8.43703e-002
1544	 7.5341796875e-001	-5.54204e-002
1545	 7.5390625000e-001	-3.78899e-002
1546	 7.5439453125e-001	-2.26568e-002
1547	 7.5488281250e-001	 5.61395e-003
1548	 7.5537109375e-001	 2.76573e-002
1549	 7.5585937500e-001	 3.37940e-002
1550	 7.5634765625e-001	 1.47561e-002
1551	 7.5683593750e-001	-1.96076e-002
1552	 7.5732421875e-001	-4.21153e-002
1553	 7.5781250000e-001	-5.81414e-002
1554	 7.5830078125e-001	-6.98036e-002
1555	 7.5878906250e-001	-6.92470e-002
1556	 7.5927734375e-001	-5.60284e-002
1557	 7.5976562500e-001	-3.87287e-002
1558	 7.6025390625e-001	-1.70298e-002
1559	 7.6074218750e-001	 1.41926e-002
1560	 7.6123046875e-001	 3.65135e-002
1561	 7.6171875000e-001	 4.35603e-002
1562	 7.6220703125e-001	 4.54726e-002
1563	 7.6269531250e-001	 4.01815e-002
1564	 7.6318359375e-001	 3.56503e-002
1565	 7.6367187500e-001	 4.52266e-002
1566	 7.6416015625e-001	 7.00187e-002
1567	 7.6464843750e-001	 9.66237e-002
1568	 7.6513671875e-001	 1.09082e-001
1569	 7.6562500000e-001	 1.09244e-001
1570	 7.6611328125e-001	 1.07856e-001
1571	 7.6660156250e-001	 1.08578e-001
1572	 7.6708984375e-001	 9.73999e-002
1573	 7.6757812500e-001	 6.43153e-002
1574	 7.6806640625e-001	 2.14226e-002
1575	 7.6855468750e-001	-2.66646e-002
1576	 7.6904296875e-001	-7.46575e-002
1577	 7.6953125000e-001	-1.08221e-001
1578	 7.7001953125e-001	-1.15581e-001
1579	 7.7050781250e-001	-1.06868e-001
1580	 7.7099609375e-001	-1.06241e-001
1581	 7.7148437500e-001	-1.05214e-001
1582	 7.7197265625e-001	-9.11782e-002
1583	 7.7246093750e-001	-6.46793e-002
1584	 7.7294921875e-001	-4.16555e-002
1585	 7.7343750000e-001	-4.34328e-002
1586	 7.7392578125e-001	-5.07689e-002
1587	 7.7441406250e-001	-3.92772e-002
1588	 7.7490234375e-001	-1.54666e-002
1589	 7.7539062500e-001	 3.04489e-003
1590	 7.7587890625e-001	 2.16815e-002
1591	 7.7636718750e-001	 5.42711e-002
1592	 7.7685546875e-001	 7.98510e-002
1593	 7.7734375000e-001	 8.83703e-002
1594	 7.7783203125e-001	 8.50308e-002
1595	 7.7832031250e-001	 7.24863e-002
1596	 7.7880859375e-001	 5.67357e-002
1597	 7.7929687500e-001	 2.90507e-002
1598	 7.7978515625e-001	-4.56511e-003
1599	 7.8027343750e-001	-2.58070e-002
1600	 7.8076171875e-001	-2.17194e-002
1601	 7.8125000000e-001	-7.91373e-003
1602	 7.8173828125e-001	-2.22341e-003
1603	 7.8222656250e-001	 1.31080e-002
1604	 7.8271484375e-001	 3.80217e-002
1605	 7.8320312500e-001	 5.87305e-002
1606	 7.8369140625e-001	 6.30852e-002
1607	 7.8417968750e-001	 5.16991e-002
1608	 7.8466796875e-001	 4.52063e-002
1609	 7.8515625000e-001	 3.70972e-002
1610	 7.8564453125e-001	 1.71836e-002
1611	 7.8613281250e-001	-7.07570e-003
1612	 7.8662109375e-001	-1.79328e-002
1613	 7.8710937500e-001	-1.38535e-002
1614	 7.8759765625e-001	-2.23893e-002
1615	 7.8808593750e-001	-4.28632e-002
1616	 7.8857421875e-001	-5.64975e-002
1617	 7.8906250000e-001	-5.91441e-002
1618	 7.8955078125e-001	-6.94475e-002
1619	 7.9003906250e-001	-1.02685e-001
1620	 7.9052734375e-001	-1.35626e-001
1621	 7.9101562500e-001	-1.37834e-001
1622	 7.9150390625e-001	-1.09716e-001
1623	 7.9199218750e-001	-8.04829e-002
1624	 7.9248046875e-001	-5.16292e-002
1625	 7.9296875000e-001	-3.70564e-003
1626	 7.9345703125e-001	 4.53149e-002
1627	 7.9394531250e-001	 8.15438e-002
1628	 7.9443359375e-001	 1.07772e-001
1629	 7.9492187500e-001	 1.29284e-001
1630	 7.9541015625e-001	 1.40631e-001
1631	 7.9589843750e-001	 1.20287e-001
1632	 7.9638671875e-001	 8.45989e-002
1633	 7.9687500000e-001	 6.57542e-002
1634	 7.9736328125e-001	 7.43395e-002
1635	 7.9785156250e-001	 7.99912e-002
1636	 7.9833984375e-001	 5.72937e-002
1637	 7.9882812500e-001	 3.35976e-002
1638	 7.9931640625e-001	 2.65824e-002
1639	 7.9980468750e-001	 1.85859e-002
1640	 8.0029296875e-001	-5.22378e-003
1641	 8.0078125000e-001	-3.08366e-002
1642	 8.0126953125e-001	-4.39287e-002
1643	 8.0175781250e-001	-6.04234e-002
1644	 8.0224609375e-001	-8.35918e-002
1645	 8.0273437500e-001	-9.46326e-002
1646	 8.0322265625e-001	-7.67559e-002
1647	 8.0371093750e-001	-3.72790e-002
1648	 8.0419921875e-001	-1.10586e-002
1649	 8.0468750000e-001	-2.91165e-003
1650	 8.0517578125e-001	 8.13176e-003
1651	 8.0566406250e-001	 2.42098e-002
1652	 8.0615234375e-001	 2.14669e-002
1653	 8.0664062500e-001	-1.02549e-002
1654	 8.0712890625e-001	-4.32280e-002
1655	 8.0761718750e-001	-6.02978e-002
1656	 8.0810546875e-001	-6.64428e-002
1657	 8.0859375000e-001	-7.45683e-002
1658	 8.0908203125e-001	-7.18757e-002
1659	 8.0957031250e-001	-4.31776e-002
1660	 8.1005859375e-001	-1.27408e-002
1661	 8.1054687500e-001	 1.37938e-003
1662	 8.1103515625e-001	 1.09687e-002
1663	 8.1152343750e-001	 3.03274e-002
1664	 8.1201171875e-001	 4.74793e-002
1665	 8.1250000000e-001	 3.91009e-002
1666	 8.1298828125e-001	 1.92330e-002
1667	 8.1347656250e-001	 2.35258e-002
1668	 8.1396484375e-001	 5.74542e-002
1669	 8.1445312500e-001	 9.01924e-002
1670	 8.1494140625e-001	 9.80327e-002
1671	 8.1542968750e-001	 1.00193e-001
1672	 8.1591796875e-001	 1.16380e-001
1673	 8.1640625000e-001	 1.24072e-001
1674	 8.1689453125e-001	 1.04143e-001
1675	 8.1738281250e-001	 6.81083e-002
1676	 8.1787109375e-001	 3.03257e-002
1677	 8.1835937500e-001	-8.48575e-003
1678	 8.1884765625e-001	-5.54083e-002
1679	 8.1933593750e-001	-9.85981e-002
1680	 8.1982421875e-001	-1.15950e-001
1681	 8.2031250000e-001	-1.11256e-001
1682	 8.2080078125e-001	-1.09435e-001
1683	 8.2128906250e-001	-1.06186e-001
1684	 8.2177734375e-001	-8.55510e-002
1685	 8.2226562500e-001	-5.81462e-002
1686	 8.2275390625e-001	-4.46112e-002
1687	 8.2324218750e-001	-4.92354e-002
1688	 8.2373046875e-001	-5.15776e-002
1689	 8.2421875000e-001	-4.07340e-002
1690	 8.2470703125e-001	-1.98431e-002
1691	 8.2519531250e-001	 5.51549e-004
1692	 8.2568359375e-001	 1.81540e-002
1693	 8.2617187500e-001	 5.04704e-002
1694	 8.2666015625e-001	 8.10785e-002
1695	 8.2714843750e-001	 8.77854e-002
1696	 8.2763671875e-001	 8.74919e-002
1697	 8.2812500000e-001	 8.86997e-002
1698	 8.2861328125e-001	 7.85696e-002
1699	 8.2910156250e-001	 4.61730e-002
1700	 8.2958984375e-001	 6.69637e-003
1701	 8.3007812500e-001	-1.87350e-002
1702	 8.3056640625e-001	-2.06917e-002
1703	 8.3105468750e-001	-2.05613e-003
1704	 8.3154296875e-001	 9.77533e-003
1705	 8.3203125000e-001	 1.28663e-002
1706	 8.3251953125e-001	 2.96996e-002
1707	 8.3300781250e-001	 5.23077e-002
1708	 8.3349609375e-001	 6.47904e-002
1709	 8.3398437500e-001	 6.78294e-002
1710	 8.3447265625e-001	 6.82403e-002
1711	 8.3496093750e-001	 4.98825e-002
1712	 8.3544921875e-001	 1.94735e-002
1713	 8.3593750000e-001	 1.36607e-003
1714	 8.3642578125e-001	-8.97546e-003
1715	 8.3691406250e-001	-1.11264e-002
1716	 8.3740234375e-001	-1.54616e-002
1717	 8.3789062500e-001	-3.21517e-002
1718	 8.3837890625e-001	-4.93192e-002
1719	 8.3886718750e-001	-5.51798e-002
1720	 8.3935546875e-001	-6.28825e-002
1721	 8.3984375000e-001	-9.31138e-002
1722	 8.4033203125e-001	-1.20301e-001
1723	 8.4082031250e-001	-1.27076e-001
1724	 8.4130859375e-001	-1.19747e-001
1725	 8.4179687500e-001	-9.83122e-002
1726	 8.4228515625e-001	-7.34300e-002
1727	 8.4277343750e-001	-3.42859e-002
1728	 8.4326171875e-001	 2.34360e-002
1729	 8.4375000000e-001	 7.16521e-002
1730	 8.4423828125e-001	 9.73581e-002
1731	 8.4472656250e-001	 1.13262e-001
1732	 8.4521484375e-001	 1.30792e-001
1733	 8.4570312500e-001	 1.24097e-001
1734	 8.4619140625e-001	 9.12967e-002
1735	 8.4667968750e-001	 6.87130e-002
1736	 8.4716796875e-001	 6.58883e-002
1737	 8.4765625000e-001	 7.02780e-002
1738	 8.4814453125e-001	 6.07719e-002
1739	 8.4863281250e-001	 3.49359e-002
1740	 8.4912109375e-001	 1.47224e-002
1741	 8.4960937500e-001	 1.20972e-002
1742	 8.5009765625e-001	 2.55664e-003
1743	 8.5058593750e-001	-2.64639e-002
1744	 8.5107421875e-001	-4.53613e-002
1745	 8.5156250000e-001	-5.96245e-002
1746	 8.5205078125e-001	-8.66989e-002
1747	 8.5253906250e-001	-1.01170e-001
1748	 8.5302734375e-001	-8.14103e-002
1749	 8.5351562500e-001	-4.70094e-002
1750	 8.5400390625e-001	-2.62287e-002
1751	 8.5449218750e-001	-1.35414e-002
1752	 8.5498046875e-001	-1.16167e-004
1753	 8.5546875000e-001	 1.56562e-002
1754	 8.5595703125e-001	 2.39388e-002
1755	 8.5644531250e-001	 6.93302e-004
1756	 8.5693359375e-001	-3.45784e-002
1757	 8.5742187500e-001	-4.89027e-002
1758	 8.5791015625e-001	-5.76664e-002
1759	 8.5839843750e-001	-7.14217e-002
1760	 8.5888671875e-001	-6.58380e-002
1761	 8.5937500000e-001	-3.97355e-002
1762	 8.5986328125e-001	-1.79933e-002
1763	 8.6035156250e-001	-3.39450e-003
1764	 8.6083984375e-001	 1.47303e-002
1765	 8.6132812500e-001	 3.34548e-002
1766	 8.6181640625e-001	 4.22074e-002
1767	 8.6230468750e-001	 4.10280e-002
1768	 8.6279296875e-001	 3.49594e-002
1769	 8.6328125000e-001	 3.84438e-002
1770	 8.6376953125e-001	 5.98807e-002
1771	 8.6425781250e-001	 8.33514e-002
1772	 8.6474609375e-001	 1.03444e-001
1773	 8.6523437500e-001	 1.24059e-001
1774	 8.6572265625e-001	 1.31753e-001
1775	 8.6621093750e-001	 1.24878e-001
1776	 8.6669921875e-001	 1.15449e-001
1777	 8.6718750000e-001	 9.29020e-002
1778	 8.6767578125e-001	 5.59872e-002
1779	 8.6816406250e-001	 1.34873e-002
1780	 8.6865234375e-001	-3.47498e-002
1781	 8.6914062500e-001	-7.75873e-002
1782	 8.6962890625e-001	-1.04210e-001
1783	 8.7011718750e-001	-1.08187e-001
1784	 8.7060546875e-001	-1.01620e-001
1785	 8.7109375000e-001	-9.49192e-002
1786	 8.7158203125e-001	-8.52459e-002
1787	 8.7207031250e-001	-7.38193e-002
1788	 8.7255859375e-001	-5.39182e-002
1789	 8.7304687500e-001	-3.89043e-002
1790	 8.7353515625e-001	-5.09505e-002
1791	 8.7402343750e-001	-6.05144e-002
1792	 8.7451171875e-001	-3.95165e-002
1793	 8.7500000000e-001	-7.08773e-003
1794	 8.7548828125e-001	 1.28624e-002
1795	 8.7597656250e-001	 3.06342e-002
1796	 8.7646484375e-001	 6.01873e-002
1797	 8.7695312500e-001	 8.52585e-002
1798	 8.7744140625e-001	 9.58365e-002
1799	 8.7792968750e-001	 8.73708e-002
1800	 8.7841796875e-001	 6.75742e-002
1801	 8.7890625000e-001	 4.57545e-002
1802	 8.7939453125e-001	 8.78091e-003
1803	 8.7988281250e-001	-3.31186e-002
1804	 8.8037109375e-001	-4.46319e-002
1805	 8.8085937500e-001	-1.77766e-002
1806	 8.8134765625e-001	 3.40328e-003
1807	 8.8183593750e-001	 1.31512e-003
1808	 8.8232421875e-001	 1.31786e-002
1809	 8.8281250000e-001	 4.37266e-002
1810	 8.8330078125e-001	 6.55696e-002
1811	 8.8378906250e-001	 6.11069e-002
1812	 8.8427734375e-001	 4.67891e-002
1813	 8.8476562500e-001	 4.12762e-002
1814	 8.8525390625e-001	 2.89255e-002
1815	 8.8574218750e-001	-2.63473e-004
1816	 8.8623046875e-001	-2.78529e-002
1817	 8.8671875000e-001	-2.11392e-002
1818	 8.8720703125e-001	-2.90817e-003
1819	 8.8769531250e-001	-1.85938e-002
1820	 8.8818359375e-001	-4.78703e-002
1821	 8.8867187500e-001	-5.51746e-002
1822	 8.8916015625e-001	-5.09720e-002
1823	 8.8964843750e-001	-7.21393e-002
1824	 8.9013671875e-001	-1.14044e-001
1825	 8.9062500000e-001	-1.37264e-001
1826	 8.9111328125e-001	-1.29191e-001
1827	 8.9160156250e-001	-1.05769e-001
1828	 8.9208984375e-001	-8.51788e-002
1829	 8.9257812500e-001	-4.50692e-002
1830	 8.9306640625e-001	 2.38269e-002
1831	 8.9355468750e-001	 7.40012e-002
1832	 8.9404296875e-001	 9.42323e-002
1833	 8.9453125000e-001	 1.13141e-001
1834	 8.9501953125e-001	 1.41045e-001
1835	 8.9550781250e-001	 1.46331e-001
1836	 8.9599609375e-001	 1.14255e-001
1837	 8.9648437500e-001	 8.21260e-002
1838	 8.9697265625e-001	 7.60807e-002
1839	 8.9746093750e-001	 8.47541e-002
1840	 8.9794921875e-001	 7.42624e-002
1841	 8.9843750000e-001	 4.49318e-002
1842	 8.9892578125e-001	 3.53402e-002
1843	 8.9941406250e-001	 4.51640e-002
1844	 8.9990234375e-001	 3.34907e-002
1845	 9.0039062500e-001	-5.82449e-003
1846	 9.0087890625e-001	-3.31751e-002
1847	 9.0136718750e-001	-4.13259e-002
1848	 9.0185546875e-001	-5.95957e-002
1849	 9.0234375000e-001	-8.36785e-002
1850	 9.0283203125e-001	-8.61843e-002
1851	 9.0332031250e-001	-6.18369e-002
1852	 9.0380859375e-001	-3.17534e-002
1853	 9.0429687500e-001	-1.73493e-002
1854	 9.0478515625e-001	-8.01274e-003
1855	 9.0527343750e-001	 1.63623e-002
1856	 9.0576171875e-001	 3.58833e-002
1857	 9.0625000000e-001	 2.02128e-002
1858	 9.0673828125e-001	-1.79264e-002
1859	 9.0722656250e-001	-4.49514e-002
1860	 9.0771484375e-001	-5.94213e-002
1861	 9.0820312500e-001	-7.05577e-002
1862	 9.0869140625e-001	-7.48199e-002
1863	 9.0917968750e-001	-6.23743e-002
1864	 9.0966796875e-001	-3.30778e-002
1865	 9.1015625000e-001	-1.35693e-002
1866	 9.1064453125e-001	-5.99344e-003
1867	 9.1113281250e-001	 1.18568e-002
1868	 9.1162109375e-001	 3.83135e-002
1869	 9.1210937500e-001	 4.53581e-002
1870	 9.1259765625e-001	 2.72584e-002
1871	 9.1308593750e-001	 1.86282e-002
1872	 9.1357421875e-001	 3.35080e-002
1873	 9.1406250000e-001	 6.30699e-002
1874	 9.1455078125e-001	 8.91546e-002
1875	 9.1503906250e-001	 9.92073e-002
1876	 9.1552734375e-001	 1.08102e-001
1877	 9.1601562500e-001	 1.17287e-001
1878	 9.1650390625e-001	 1.09912e-001
1879	 9.1699218750e-001	 8.73119e-002
1880	 9.1748046875e-001	 6.26760e-002
1881	 9.1796875000e-001	 2.83589e-002
1882	 9.1845703125e-001	-2.51575e-002
1883	 9.1894531250e-001	-7.53629e-002
1884	 9.1943359375e-001	-1.03407e-001
1885	 9.1992187500e-001	-1.12910e-001
1886	 9.2041015625e-001	-1.10471e-001
1887	 9.2089843750e-001	-1.02637e-001
1888	 9.2138671875e-001	-9.15228e-002
1889	 9.2187500000e-001	-7.68184e-002
1890	 9.2236328125e-001	-6.09723e-002
1891	 9.2285156250e-001	-5.43011e-002
1892	 9.2333984375e-001	-5.52400e-002
1893	 9.2382812500e-001	-4.85437e-002
1894	 9.2431640625e-001	-3.63698e-002
1895	 9.2480468750e-001	-1.93119e-002
1896	 9.2529296875e-001	 4.27746e-003
1897	 9.2578125000e-001	 2.83142e-002
1898	 9.2626953125e-001	 5.85322e-002
1899	 9.2675781250e-001	 8.84105e-002
1900	 9.2724609375e-001	 1.03126e-001
1901	 9.2773437500e-001	 1.01981e-001
1902	 9.2822265625e-001	 9.10833e-002
1903	 9.2871093750e-001	 6.99621e-002
1904	 9.2919921875e-001	 3.13937e-002
1905	 9.2968750000e-001	-6.00267e-003
1906	 9.3017578125e-001	-2.42282e-002
1907	 9.3066406250e-001	-1.89378e-002
1908	 9.3115234375e-001	 2.54737e-003
1909	 9.3164062500e-001	 1.22439e-002
1910	 9.3212890625e-001	 1.62170e-002
1911	 9.3261718750e-001	 3.92418e-002
1912	 9.3310546875e-001	 6.84992e-002
1913	 9.3359375000e-001	 7.56202e-002
1914	 9.3408203125e-001	 6.73640e-002
1915	 9.3457031250e-001	 5.77056e-002
1916	 9.3505859375e-001	 3.70856e-002
1917	 9.3554687500e-001	 1.09128e-002
1918	 9.3603515625e-001	-8.20869e-003
1919	 9.3652343750e-001	-1.49250e-002
1920	 9.3701171875e-001	-1.36287e-002
1921	 9.3750000000e-001	-2.30371e-002
1922	 9.3798828125e-001	-4.29054e-002
1923	 9.3847656250e-001	-5.30512e-002
1924	 9.3896484375e-001	-5.14714e-002
1925	 9.3945312500e-001	-6.37782e-002
1926	 9.3994140625e-001	-9.98574e-002
1927	 9.4042968750e-001	-1.26219e-001
1928	 9.4091796875e-001	-1.30459e-001
1929	 9.4140625000e-001	-1.20222e-001
1930	 9.4189453125e-001	-9.85443e-002
1931	 9.4238281250e-001	-6.82257e-002
1932	 9.4287109375e-001	-2.17701e-002
1933	 9.4335937500e-001	 3.09095e-002
1934	 9.4384765625e-001	 7.29151e-002
1935	 9.4433593750e-001	 9.98019e-002
1936	 9.4482421875e-001	 1.21644e-001
1937	 9.4531250000e-001	 1.38072e-001
1938	 9.4580078125e-001	 1.27766e-001
1939	 9.4628906250e-001	 9.62934e-002
1940	 9.4677734375e-001	 6.91987e-002
1941	 9.4726562500e-001	 6.16824e-002
1942	 9.4775390625e-001	 6.43957e-002
1943	 9.4824218750e-001	 5.80238e-002
1944	 9.4873046875e-001	 3.81625e-002
1945	 9.4921875000e-001	 2.07933e-002
1946	 9.4970703125e-001	 1.63963e-002
1947	 9.5019531250e-001	 1.05966e-003
1948	 9.5068359375e-001	-2.53782e-002
1949	 9.5117187500e-001	-4.32772e-002
1950	 9.5166015625e-001	-6.01091e-002
1951	 9.5214843750e-001	-7.85988e-002
1952	 9.5263671875e-001	-8.99717e-002
1953	 9.5312500000e-001	-8.05132e-002
1954	 9.5361328125e-001	-5.14788e-002
1955	 9.5410156250e-001	-2.66991e-002
1956	 9.5458984375e-001	-1.29584e-002
1957	 9.5507812500e-001	-2.79584e-003
1958	 9.5556640625e-001	 1.51751e-002
1959	 9.5605468750e-001	 2.28021e-002
1960	 9.5654296875e-001	-5.85097e-003
1961	 9.5703125000e-001	-4.55227e-002
1962	 9.5751953125e-001	-6.06291e-002
1963	 9.5800781250e-001	-5.87622e-002
1964	 9.5849609375e-001	-6.43897e-002
1965	 9.5898437500e-001	-6.93852e-002
1966	 9.5947265625e-001	-5.57768e-002
1967	 9.5996093750e-001	-2.73746e-002
1968	 9.6044921875e-001	-3.52027e-003
1969	 9.6093750000e-001	 9.82549e-003
1970	 9.6142578125e-001	 2.28907e-002
1971	 9.6191406250e-001	 3.72898e-002
1972	 9.6240234375e-001	 3.76879e-002
1973	 9.6289062500e-001	 2.42593e-002
1974	 9.6337890625e-001	 2.72105e-002
1975	 9.6386718750e-001	 6.17804e-002
1976	 9.6435546875e-001	 9.92730e-002
1977	 9.6484375000e-001	 1.09009e-001
1978	 9.6533203125e-001	 1.07289e-001
1979	 9.6582031250e-001	 1.14184e-001
1980	 9.6630859375e-001	 1.19126e-001
1981	 9.6679687500e-001	 1.05417e-001
1982	 9.6728515625e-001	 7.25381e-002
1983	 9.6777343750e-001	 3.85593e-002
1984	 9.6826171875e-001	 1.41689e-003
1985	 9.6875000000e-001	-5.07723e-002
1986	 9.6923828125e-001	-9.61591e-002
1987	 9.6972656250e-001	-1.07997e-001
1988	 9.7021484375e-001	-9.29301e-002
1989	 9.7070312500e-001	-8.79691e-002
1990	 9.7119140625e-001	-9.75291e-002
1991	 9.7167968750e-001	-9.37474e-002
1992	 9.7216796875e-001	-7.07348e-002
1993	 9.7265625000e-001	-5.01522e-002
1994	 9.7314453125e-001	-5.03234e-002
1995	 9.7363281250e-001	-5.72621e-002
1996	 9.7412109375e-001	-4.70744e-002
1997	 9.7460937500e-001	-2.36637e-002
1998	 9.7509765625e-001	-1.06628e-003
1999	 9.7558593750e-001	 2.12059e-002
2000	 9.7607421875e-001	 5.28500e-002
2001	 9.7656250000e-001	 8.50216e-002
2002	 9.7705078125e-001	 9.97606e-002
2003	 9.7753906250e-001	 9.80178e-002
2004	 9.7802734375e-001	 8.47325e-002
2005	 9.7851562500e-001	 6.53604e-002
2006	 9.7900390625e-001	 3.43244e-002
2007	 9.7949218750e-001	-1.65833e-003
2008	 9.7998046875e-001	-2.41396e-002
2009	 9.8046875000e-001	-2.49595e-002
2010	 9.8095703125e-001	-6.37600e-003
2011	 9.8144531250e-001	 5.61870e-003
2012	 9.8193359375e-001	 1.21923e-002
2013	 9.8242187500e-001	 3.16415e-002
2014	 9.8291015625e-001	 5.31995e-002
2015	 9.8339843750e-001	 6.35416e-002
2016	 9.8388671875e-001	 5.50330e-002
2017	 9.8437500000e-001	 4.18457e-002
2018	 9.8486328125e-001	 3.01406e-002
2019	 9.8535156250e-001	 9.08639e-003
2020	 9.8583984375e-001	-1.52256e-002
2021	 9.8632812500e-001	-2.98973e-002
2022	 9.8681640625e-001	-2.25805e-002
2023	 9.8730468750e-001	-1.66828e-002
2024	 9.8779296875e-001	-3.09026e-002
2025	 9.8828125000e-001	-5.03259e-002
2026	 9.8876953125e-001	-6.18474e-002
2027	 9.8925781250e-001	-6.63476e-002
2028	 9.8974609375e-001	-9.28004e-002
2029	 9.9023437500e-001	-1.34301e-001
2030	 9.9072265625e-001	-1.51537e-001
2031	 9.9121093750e-001	-1.37316e-001
2032	 9.9169921875e-001	-1.11634e-001
2033	 9.9218750000e-001	-8.83743e-002
2034	 9.9267578125e-001	-4.31785e-002
2035	 9.9316406250e-001	 1.98328e-002
2036	 9.9365234375e-001	 6.37546e-002
2037	 9.9414062500e-001	 8.98618e-002
2038	 9.9462890625e-001	 1.14693e-001
2039	 9.9511718750e-001	 1.38520e-001
2040	 9.9560546875e-001	 1.35741e-001
2041	 9.9609375000e-001	 9.95019e-002
2042	 9.9658203125e-001	 6.75068e-002
2043	 9.9707031250e-001	 6.89062e-002
2044	 9.9755859375e-001	 8.21998e-002
2045	 9.9804687500e-001	 6.51669e-002
2046	 9.9853515625e-001	 3.92632e-002
2047	 9.9902343750e-001	 3.68996e-002
2048	 9.9951171875e-001	 3.83292e-002
TagsBegin:	 	 
OverLoad:	 	False
OverLoadRatio: []	 	 0.00000e+000
TagsEnd:	 	 
TagScalesBegin:	 	 
TagScalesEnd:	 	 



Header Size:	 79	 
Pulse Version:	 80	 
Running Pulse Version:	PULSE LabShop  Version 21.0.0.671 - 2017-10-20	 
Decimal Symbol:	.	 
Date Format:	yyyy-MM-dd	 
Time Format:	HH:mm:ss:mmm	 
Data Type:	Real	 
Slice:	False	 
Z-Axis type:	Linear	 
Z-Axis size:	1	 
Z-Axis unit:	 	 
Z-Axis first value:	 0.0000000000e+000	 
Z-Axis delta:	 1.0000000000e+000	 
X-Axis type:	Linear	 
X-Axis size:	2048	 
X-Axis unit:	s	 
X-Axis first value:	 0.0000000000e+000	 
X-Axis delta:	 4.8828125000e-004	 
	 	 
AmplitudeUnit:	N	 
Analyzer:	FFT_Spectrum_Averaging	 
AnalyzerName:	FFT	 
	 	 
	 	 
Bipolar:	True	 
CenterFrequency:	 4.0000000000e+002	 
	 	 
	 	 
	 	 
	 	 
	 	 
	 	 
	 	 
	 	 
Domain:	0	 
Function:	Time	 
	 	 
InputRange:	 4.4984255511e+001	 
	 	 
	 	 
MultiBufferName:	Input	 
NBW:	 1.5000000000e+000	 
	 	 
OverlapFailed:	False	 
	 	 
Power:	False	 
PowerUnit:	N^2	 
	 	 
RecordLength:	 1.0000000000e+000	 
	 	 
	 	 
	 	 
	 	 
	 	 
	 	 
SamplingRatio:	 2.5600000000e+000	 
Signal:	Force_1	 
	 	 
SignalUnit:	N	 
	 	 
	 	 
	 	 
Title:	Time(Force_1)	 
Title1:	Working : 1mVpp : Input : FFT	 
	 	 
	 	 
Weight:	0	 
ZoomOn:	False	 
	 	 
TemplateName:	Working	 
MeasurementName:	1mVpp	 
MeasurementSlice:	False	 
	 	 
	 	 
	 	 
EnvelopeOn:	False	 
	 	 
	 	 
	 	 
Z-index:	 	1
Date:	 	2025-03-07
Time:	 	17:02:05:603
Relative time:	 	 0.00000e+000
Z-axis:	 	 0.0000000000e+000
1	 0.0000000000e+000	 5.16974e-003
2	 4.8828125000e-004	 8.15571e-003
3	 9.7656250000e-004	 1.06853e-002
4	 1.4648437500e-003	 1.24836e-002
5	 1.9531250000e-003	 1.26263e-002
6	 2.4414062500e-003	 1.12425e-002
7	 2.9296875000e-003	 8.24606e-003
8	 3.4179687500e-003	 4.33531e-003
9	 3.9062500000e-003	-3.28512e-004
10	 4.3945312500e-003	-5.08534e-003
11	 4.8828125000e-003	-8.44077e-003
12	 5.3710937500e-003	-1.00902e-002
13	 5.8593750000e-003	-9.83924e-003
14	 6.3476562500e-003	-7.71075e-003
15	 6.8359375000e-003	-4.61302e-003
16	 7.3242187500e-003	-1.32552e-003
17	 7.8125000000e-003	 1.84311e-003
18	 8.3007812500e-003	 4.01991e-003
19	 8.7890625000e-003	 6.16803e-003
20	 9.2773437500e-003	 7.02013e-003
21	 9.7656250000e-003	 7.07116e-003
22	 1.0253906250e-002	 6.84962e-003
23	 1.0742187500e-002	 6.89339e-003
24	 1.1230468750e-002	 7.14130e-003
25	 1.1718750000e-002	 6.20547e-003
26	 1.2207031250e-002	 5.56826e-003
27	 1.2695312500e-002	 3.25746e-003
28	 1.3183593750e-002	 9.11425e-005
29	 1.3671875000e-002	-3.08273e-003
30	 1.4160156250e-002	-7.27744e-003
31	 1.4648437500e-002	-1.10524e-002
32	 1.5136718750e-002	-1.42794e-002
33	 1.5625000000e-002	-1.63399e-002
34	 1.6113281250e-002	-1.69503e-002
35	 1.6601562500e-002	-1.54906e-002
36	 1.7089843750e-002	-1.20238e-002
37	 1.7578125000e-002	-7.08275e-003
38	 1.8066406250e-002	-1.53225e-003
39	 1.8554687500e-002	 3.93404e-003
40	 1.9042968750e-002	 8.66381e-003
41	 1.9531250000e-002	 1.20771e-002
42	 2.0019531250e-002	 1.39201e-002
43	 2.0507812500e-002	 1.39552e-002
44	 2.0996093750e-002	 1.32640e-002
45	 2.1484375000e-002	 1.12926e-002
46	 2.1972656250e-002	 9.15625e-003
47	 2.2460937500e-002	 7.05070e-003
48	 2.2949218750e-002	 4.79812e-003
49	 2.3437500000e-002	 3.12354e-003
50	 2.3925781250e-002	 1.17567e-003
51	 2.4414062500e-002	-1.27642e-003
52	 2.4902343750e-002	-4.49723e-003
53	 2.5390625000e-002	-7.10630e-003
54	 2.5878906250e-002	-9.30625e-003
55	 2.6367187500e-002	-1.09592e-002
56	 2.6855468750e-002	-1.08023e-002
57	 2.7343750000e-002	-9.04383e-003
58	 2.7832031250e-002	-5.80639e-003
59	 2.8320312500e-002	-2.18534e-003
60	 2.8808593750e-002	 2.65599e-003
61	 2.9296875000e-002	 7.39392e-003
62	 2.9785156250e-002	 1.04051e-002
63	 3.0273437500e-002	 1.24477e-002
64	 3.0761718750e-002	 1.30703e-002
65	 3.1250000000e-002	 1.17971e-002
66	 3.1738281250e-002	 8.89237e-003
67	 3.2226562500e-002	 5.57950e-003
68	 3.2714843750e-002	 1.31892e-003
69	 3.3203125000e-002	-2.60798e-003
70	 3.3691406250e-002	-5.08261e-003
71	 3.4179687500e-002	-6.51259e-003
72	 3.4667968750e-002	-6.76728e-003
73	 3.5156250000e-002	-6.96824e-003
74	 3.5644531250e-002	-6.52784e-003
75	 3.6132812500e-002	-5.89736e-003
76	 3.6621093750e-002	-5.08826e-003
77	 3.7109375000e-002	-4.17884e-003
78	 3.7597656250e-002	-3.23175e-003
79	 3.8085937500e-002	-1.65502e-003
80	 3.8574218750e-002	 1.19466e-003
81	 3.9062500000e-002	 4.58657e-003
82	 3.9550781250e-002	 8.15162e-003
83	 4.0039062500e-002	 1.22943e-002
84	 4.0527343750e-002	 1.47221e-002
85	 4.1015625000e-002	 1.54103e-002
86	 4.1503906250e-002	 1.36182e-002
87	 4.1992187500e-002	 9.82730e-003
88	 4.2480468750e-002	 5.27224e-003
89	 4.2968750000e-002	-5.75324e-004
90	 4.3457031250e-002	-6.04564e-003
91	 4.3945312500e-002	-1.09501e-002
92	 4.4433593750e-002	-1.40958e-002
93	 4.4921875000e-002	-1.58514e-002
94	 4.5410156250e-002	-1.61762e-002
95	 4.5898437500e-002	-1.48040e-002
96	 4.6386718750e-002	-1.34463e-002
97	 4.6875000000e-002	-1.13054e-002
98	 4.7363281250e-002	-9.00640e-003
99	 4.7851562500e-002	-6.49794e-003
100	 4.8339843750e-002	-4.23541e-003
101	 4.8828125000e-002	-2.07226e-003
102	 4.9316406250e-002	 5.33639e-004
103	 4.9804687500e-002	 3.10075e-003
104	 5.0292968750e-002	 6.24829e-003
105	 5.0781250000e-002	 9.14391e-003
106	 5.1269531250e-002	 1.14902e-002
107	 5.1757812500e-002	 1.27653e-002
108	 5.2246093750e-002	 1.27740e-002
109	 5.2734375000e-002	 1.06865e-002
110	 5.3222656250e-002	 6.70849e-003
111	 5.3710937500e-002	 1.90413e-003
112	 5.4199218750e-002	-2.68834e-003
113	 5.4687500000e-002	-6.18920e-003
114	 5.5175781250e-002	-8.72287e-003
115	 5.5664062500e-002	-8.97333e-003
116	 5.6152343750e-002	-7.43504e-003
117	 5.6640625000e-002	-4.29902e-003
118	 5.7128906250e-002	-1.33679e-004
119	 5.7617187500e-002	 3.42711e-003
120	 5.8105468750e-002	 5.83151e-003
121	 5.8593750000e-002	 8.21422e-003
122	 5.9082031250e-002	 9.58741e-003
123	 5.9570312500e-002	 9.19446e-003
124	 6.0058593750e-002	 9.39586e-003
125	 6.0546875000e-002	 8.90758e-003
126	 6.1035156250e-002	 9.01085e-003
127	 6.1523437500e-002	 9.08462e-003
128	 6.2011718750e-002	 8.17597e-003
129	 6.2500000000e-002	 6.86945e-003
130	 6.2988281250e-002	 4.23921e-003
131	 6.3476562500e-002	 1.61018e-003
132	 6.3964843750e-002	-2.20937e-003
133	 6.4453125000e-002	-7.06503e-003
134	 6.4941406250e-002	-1.12503e-002
135	 6.5429687500e-002	-1.42358e-002
136	 6.5917968750e-002	-1.60877e-002
137	 6.6406250000e-002	-1.60357e-002
138	 6.6894531250e-002	-1.34352e-002
139	 6.7382812500e-002	-8.76038e-003
140	 6.7871093750e-002	-2.91119e-003
141	 6.8359375000e-002	 2.41470e-003
142	 6.8847656250e-002	 7.53252e-003
143	 6.9335937500e-002	 1.13042e-002
144	 6.9824218750e-002	 1.32025e-002
145	 7.0312500000e-002	 1.33520e-002
146	 7.0800781250e-002	 1.17815e-002
147	 7.1289062500e-002	 9.89570e-003
148	 7.1777343750e-002	 7.70426e-003
149	 7.2265625000e-002	 5.86811e-003
150	 7.2753906250e-002	 3.97632e-003
151	 7.3242187500e-002	 2.24409e-003
152	 7.3730468750e-002	 9.14504e-004
153	 7.4218750000e-002	-1.38223e-003
154	 7.4707031250e-002	-4.98821e-003
155	 7.5195312500e-002	-8.73218e-003
156	 7.5683593750e-002	-1.16266e-002
157	 7.6171875000e-002	-1.37104e-002
158	 7.6660156250e-002	-1.43689e-002
159	 7.7148437500e-002	-1.34824e-002
160	 7.7636718750e-002	-1.06550e-002
161	 7.8125000000e-002	-6.32487e-003
162	 7.8613281250e-002	-1.53471e-003
163	 7.9101562500e-002	 3.58276e-003
164	 7.9589843750e-002	 7.88832e-003
165	 8.0078125000e-002	 1.03955e-002
166	 8.0566406250e-002	 1.17701e-002
167	 8.1054687500e-002	 1.09440e-002
168	 8.1542968750e-002	 8.58325e-003
169	 8.2031250000e-002	 5.80133e-003
170	 8.2519531250e-002	 1.77600e-003
171	 8.3007812500e-002	-1.73414e-003
172	 8.3496093750e-002	-4.11684e-003
173	 8.3984375000e-002	-5.41957e-003
174	 8.4472656250e-002	-5.51372e-003
175	 8.4960937500e-002	-5.20624e-003
176	 8.5449218750e-002	-4.69219e-003
177	 8.5937500000e-002	-3.96401e-003
178	 8.6425781250e-002	-3.54211e-003
179	 8.6914062500e-002	-3.22121e-003
180	 8.7402343750e-002	-2.40445e-003
181	 8.7890625000e-002	-8.96289e-004
182	 8.8378906250e-002	 2.12016e-003
183	 8.8867187500e-002	 6.19063e-003
184	 8.9355468750e-002	 1.04504e-002
185	 8.9843750000e-002	 1.45442e-002
186	 9.0332031250e-002	 1.76706e-002
187	 9.0820312500e-002	 1.90205e-002
188	 9.1308593750e-002	 1.78543e-002
189	 9.1796875000e-002	 1.47498e-002
190	 9.2285156250e-002	 1.03594e-002
191	 9.2773437500e-002	 4.46667e-003
192	 9.3261718750e-002	-1.18853e-003
193	 9.3750000000e-002	-6.25222e-003
194	 9.4238281250e-002	-9.85111e-003
195	 9.4726562500e-002	-1.16553e-002
196	 9.5214843750e-002	-1.28288e-002
197	 9.5703125000e-002	-1.26157e-002
198	 9.6191406250e-002	-1.14126e-002
199	 9.6679687500e-002	-1.02635e-002
200	 9.7167968750e-002	-8.38848e-003
201	 9.7656250000e-002	-6.28500e-003
202	 9.8144531250e-002	-4.42021e-003
203	 9.8632812500e-002	-2.28499e-003
204	 9.9121093750e-002	-1.94218e-004
205	 9.9609375000e-002	 2.04289e-003
206	 1.0009765625e-001	 5.06943e-003
207	 1.0058593750e-001	 8.14480e-003
208	 1.0107421875e-001	 1.08775e-002
209	 1.0156250000e-001	 1.26824e-002
210	 1.0205078125e-001	 1.24890e-002
211	 1.0253906250e-001	 1.02531e-002
212	 1.0302734375e-001	 7.03946e-003
213	 1.0351562500e-001	 3.08738e-003
214	 1.0400390625e-001	-1.93392e-003
215	 1.0449218750e-001	-6.24087e-003
216	 1.0498046875e-001	-9.29932e-003
217	 1.0546875000e-001	-1.04151e-002
218	 1.0595703125e-001	-9.58046e-003
219	 1.0644531250e-001	-7.11522e-003
220	 1.0693359375e-001	-3.85339e-003
221	 1.0742187500e-001	-7.81030e-004
222	 1.0791015625e-001	 2.61923e-003
223	 1.0839843750e-001	 5.17164e-003
224	 1.0888671875e-001	 6.94214e-003
225	 1.0937500000e-001	 7.90581e-003
226	 1.0986328125e-001	 8.22692e-003
227	 1.1035156250e-001	 8.34977e-003
228	 1.1083984375e-001	 7.90547e-003
229	 1.1132812500e-001	 7.70061e-003
230	 1.1181640625e-001	 7.46937e-003
231	 1.1230468750e-001	 6.68753e-003
232	 1.1279296875e-001	 4.61921e-003
233	 1.1328125000e-001	 1.58358e-003
234	 1.1376953125e-001	-1.83161e-003
235	 1.1425781250e-001	-5.64673e-003
236	 1.1474609375e-001	-9.32143e-003
237	 1.1523437500e-001	-1.27211e-002
238	 1.1572265625e-001	-1.49491e-002
239	 1.1621093750e-001	-1.54890e-002
240	 1.1669921875e-001	-1.39948e-002
241	 1.1718750000e-001	-1.04555e-002
242	 1.1767578125e-001	-5.04632e-003
243	 1.1816406250e-001	 6.81126e-004
244	 1.1865234375e-001	 5.88209e-003
245	 1.1914062500e-001	 1.01149e-002
246	 1.1962890625e-001	 1.30041e-002
247	 1.2011718750e-001	 1.43987e-002
248	 1.2060546875e-001	 1.35285e-002
249	 1.2109375000e-001	 1.17939e-002
250	 1.2158203125e-001	 9.74155e-003
251	 1.2207031250e-001	 7.61781e-003
252	 1.2255859375e-001	 5.47604e-003
253	 1.2304687500e-001	 3.79334e-003
254	 1.2353515625e-001	 2.19538e-003
255	 1.2402343750e-001	 2.28746e-004
256	 1.2451171875e-001	-2.75199e-003
257	 1.2500000000e-001	-6.21619e-003
258	 1.2548828125e-001	-8.36073e-003
259	 1.2597656250e-001	-1.05134e-002
260	 1.2646484375e-001	-1.21749e-002
261	 1.2695312500e-001	-1.24320e-002
262	 1.2744140625e-001	-1.02638e-002
263	 1.2792968750e-001	-6.17850e-003
264	 1.2841796875e-001	-2.05961e-003
265	 1.2890625000e-001	 2.80158e-003
266	 1.2939453125e-001	 7.00601e-003
267	 1.2988281250e-001	 1.04629e-002
268	 1.3037109375e-001	 1.29344e-002
269	 1.3085937500e-001	 1.30996e-002
270	 1.3134765625e-001	 1.14598e-002
271	 1.3183593750e-001	 8.65974e-003
272	 1.3232421875e-001	 5.02415e-003
273	 1.3281250000e-001	 7.37095e-004
274	 1.3330078125e-001	-2.08533e-003
275	 1.3378906250e-001	-3.84055e-003
276	 1.3427734375e-001	-4.56654e-003
277	 1.3476562500e-001	-4.44872e-003
278	 1.3525390625e-001	-4.22317e-003
279	 1.3574218750e-001	-3.35125e-003
280	 1.3623046875e-001	-2.65166e-003
281	 1.3671875000e-001	-2.02015e-003
282	 1.3720703125e-001	-1.32902e-003
283	 1.3769531250e-001	-4.68390e-004
284	 1.3818359375e-001	 1.31701e-003
285	 1.3867187500e-001	 4.17717e-003
286	 1.3916015625e-001	 7.66633e-003
287	 1.3964843750e-001	 1.15651e-002
288	 1.4013671875e-001	 1.53745e-002
289	 1.4062500000e-001	 1.80219e-002
290	 1.4111328125e-001	 1.81270e-002
291	 1.4160156250e-001	 1.57057e-002
292	 1.4208984375e-001	 1.18327e-002
293	 1.4257812500e-001	 6.74326e-003
294	 1.4306640625e-001	 9.27377e-004
295	 1.4355468750e-001	-5.32182e-003
296	 1.4404296875e-001	-1.00806e-002
297	 1.4453125000e-001	-1.29053e-002
298	 1.4501953125e-001	-1.43265e-002
299	 1.4550781250e-001	-1.42795e-002
300	 1.4599609375e-001	-1.28383e-002
301	 1.4648437500e-001	-1.09689e-002
302	 1.4697265625e-001	-9.12029e-003
303	 1.4746093750e-001	-6.79313e-003
304	 1.4794921875e-001	-5.04200e-003
305	 1.4843750000e-001	-3.50307e-003
306	 1.4892578125e-001	-1.83224e-003
307	 1.4941406250e-001	 6.03559e-005
308	 1.4990234375e-001	 2.36280e-003
309	 1.5039062500e-001	 5.39140e-003
310	 1.5087890625e-001	 9.04788e-003
311	 1.5136718750e-001	 1.15558e-002
312	 1.5185546875e-001	 1.22093e-002
313	 1.5234375000e-001	 1.17333e-002
314	 1.5283203125e-001	 9.36766e-003
315	 1.5332031250e-001	 5.16285e-003
316	 1.5380859375e-001	 3.44802e-004
317	 1.5429687500e-001	-4.78984e-003
318	 1.5478515625e-001	-8.42277e-003
319	 1.5527343750e-001	-1.03261e-002
320	 1.5576171875e-001	-1.05041e-002
321	 1.5625000000e-001	-8.12065e-003
322	 1.5673828125e-001	-4.04792e-003
323	 1.5722656250e-001	 1.36935e-004
324	 1.5771484375e-001	 3.65082e-003
325	 1.5820312500e-001	 6.57939e-003
326	 1.5869140625e-001	 8.76527e-003
327	 1.5917968750e-001	 9.85347e-003
328	 1.5966796875e-001	 9.91570e-003
329	 1.6015625000e-001	 9.45816e-003
330	 1.6064453125e-001	 9.39998e-003
331	 1.6113281250e-001	 9.62928e-003
332	 1.6162109375e-001	 9.38259e-003
333	 1.6210937500e-001	 8.76140e-003
334	 1.6259765625e-001	 7.59424e-003
335	 1.6308593750e-001	 5.54720e-003
336	 1.6357421875e-001	 2.37822e-003
337	 1.6406250000e-001	-1.50698e-003
338	 1.6455078125e-001	-6.09966e-003
339	 1.6503906250e-001	-1.04487e-002
340	 1.6552734375e-001	-1.33983e-002
341	 1.6601562500e-001	-1.48910e-002
342	 1.6650390625e-001	-1.42765e-002
343	 1.6699218750e-001	-1.11161e-002
344	 1.6748046875e-001	-6.11269e-003
345	 1.6796875000e-001	-2.30939e-004
346	 1.6845703125e-001	 5.51771e-003
347	 1.6894531250e-001	 1.06376e-002
348	 1.6943359375e-001	 1.41282e-002
349	 1.6992187500e-001	 1.53472e-002
350	 1.7041015625e-001	 1.46106e-002
351	 1.7089843750e-001	 1.28481e-002
352	 1.7138671875e-001	 1.01101e-002
353	 1.7187500000e-001	 7.57205e-003
354	 1.7236328125e-001	 6.18079e-003
355	 1.7285156250e-001	 4.44486e-003
356	 1.7333984375e-001	 2.87611e-003
357	 1.7382812500e-001	 9.76986e-004
358	 1.7431640625e-001	-2.12856e-003
359	 1.7480468750e-001	-5.28591e-003
360	 1.7529296875e-001	-8.80235e-003
361	 1.7578125000e-001	-1.17737e-002
362	 1.7626953125e-001	-1.44067e-002
363	 1.7675781250e-001	-1.53582e-002
364	 1.7724609375e-001	-1.39258e-002
365	 1.7773437500e-001	-1.09030e-002
366	 1.7822265625e-001	-6.01022e-003
367	 1.7871093750e-001	-5.76354e-004
368	 1.7919921875e-001	 4.31230e-003
369	 1.7968750000e-001	 7.86930e-003
370	 1.8017578125e-001	 1.02021e-002
371	 1.8066406250e-001	 1.09323e-002
372	 1.8115234375e-001	 9.63861e-003
373	 1.8164062500e-001	 6.91270e-003
374	 1.8212890625e-001	 3.95580e-003
375	 1.8261718750e-001	 1.94637e-004
376	 1.8310546875e-001	-3.38048e-003
377	 1.8359375000e-001	-5.21883e-003
378	 1.8408203125e-001	-6.05118e-003
379	 1.8457031250e-001	-5.67274e-003
380	 1.8505859375e-001	-5.12689e-003
381	 1.8554687500e-001	-4.73884e-003
382	 1.8603515625e-001	-4.17834e-003
383	 1.8652343750e-001	-3.74076e-003
384	 1.8701171875e-001	-3.10550e-003
385	 1.8750000000e-001	-1.66441e-003
386	 1.8798828125e-001	 5.36239e-004
387	 1.8847656250e-001	 3.49949e-003
388	 1.8896484375e-001	 7.33109e-003
389	 1.8945312500e-001	 1.20578e-002
390	 1.8994140625e-001	 1.59897e-002
391	 1.9042968750e-001	 1.87604e-002
392	 1.9091796875e-001	 1.98269e-002
393	 1.9140625000e-001	 1.81265e-002
394	 1.9189453125e-001	 1.49490e-002
395	 1.9238281250e-001	 1.00416e-002
396	 1.9287109375e-001	 4.59641e-003
397	 1.9335937500e-001	-7.54980e-004
398	 1.9384765625e-001	-5.70199e-003
399	 1.9433593750e-001	-8.68957e-003
400	 1.9482421875e-001	-1.08957e-002
401	 1.9531250000e-001	-1.18596e-002
402	 1.9580078125e-001	-1.13382e-002
403	 1.9628906250e-001	-1.03964e-002
404	 1.9677734375e-001	-8.55766e-003
405	 1.9726562500e-001	-6.45508e-003
406	 1.9775390625e-001	-4.80769e-003
407	 1.9824218750e-001	-3.03501e-003
408	 1.9873046875e-001	-7.58123e-004
409	 1.9921875000e-001	 1.19679e-003
410	 1.9970703125e-001	 3.53573e-003
411	 2.0019531250e-001	 6.42640e-003
412	 2.0068359375e-001	 9.15939e-003
413	 2.0117187500e-001	 1.13214e-002
414	 2.0166015625e-001	 1.19027e-002
415	 2.0214843750e-001	 1.13693e-002
416	 2.0263671875e-001	 9.41622e-003
417	 2.0312500000e-001	 6.11806e-003
418	 2.0361328125e-001	 1.32629e-003
419	 2.0410156250e-001	-3.73842e-003
420	 2.0458984375e-001	-7.53817e-003
421	 2.0507812500e-001	-1.01326e-002
422	 2.0556640625e-001	-1.10530e-002
423	 2.0605468750e-001	-9.98259e-003
424	 2.0654296875e-001	-7.23264e-003
425	 2.0703125000e-001	-4.20786e-003
426	 2.0751953125e-001	-9.36274e-004
427	 2.0800781250e-001	 1.87799e-003
428	 2.0849609375e-001	 4.39760e-003
429	 2.0898437500e-001	 5.88734e-003
430	 2.0947265625e-001	 6.83724e-003
431	 2.0996093750e-001	 7.67238e-003
432	 2.1044921875e-001	 7.51463e-003
433	 2.1093750000e-001	 7.91356e-003
434	 2.1142578125e-001	 7.82161e-003
435	 2.1191406250e-001	 7.13394e-003
436	 2.1240234375e-001	 5.97056e-003
437	 2.1289062500e-001	 3.35330e-003
438	 2.1337890625e-001	-3.95853e-005
439	 2.1386718750e-001	-3.61726e-003
440	 2.1435546875e-001	-7.34317e-003
441	 2.1484375000e-001	-1.10046e-002
442	 2.1533203125e-001	-1.36395e-002
443	 2.1582031250e-001	-1.54011e-002
444	 2.1630859375e-001	-1.55021e-002
445	 2.1679687500e-001	-1.31475e-002
446	 2.1728515625e-001	-9.53565e-003
447	 2.1777343750e-001	-4.13443e-003
448	 2.1826171875e-001	 1.87060e-003
449	 2.1875000000e-001	 6.85502e-003
450	 2.1923828125e-001	 1.10744e-002
451	 2.1972656250e-001	 1.35589e-002
452	 2.2021484375e-001	 1.42579e-002
453	 2.2070312500e-001	 1.34299e-002
454	 2.2119140625e-001	 1.19285e-002
455	 2.2167968750e-001	 1.00243e-002
456	 2.2216796875e-001	 7.77255e-003
457	 2.2265625000e-001	 5.88820e-003
458	 2.2314453125e-001	 3.67399e-003
459	 2.2363281250e-001	 1.54187e-003
460	 2.2412109375e-001	-8.97457e-004
461	 2.2460937500e-001	-4.19049e-003
462	 2.2509765625e-001	-7.56738e-003
463	 2.2558593750e-001	-1.02532e-002
464	 2.2607421875e-001	-1.20895e-002
465	 2.2656250000e-001	-1.28632e-002
466	 2.2705078125e-001	-1.26091e-002
467	 2.2753906250e-001	-1.04290e-002
468	 2.2802734375e-001	-6.63421e-003
469	 2.2851562500e-001	-2.48298e-003
470	 2.2900390625e-001	 2.22566e-003
471	 2.2949218750e-001	 6.12624e-003
472	 2.2998046875e-001	 8.92279e-003
473	 2.3046875000e-001	 1.05288e-002
474	 2.3095703125e-001	 1.03792e-002
475	 2.3144531250e-001	 8.69211e-003
476	 2.3193359375e-001	 5.84534e-003
477	 2.3242187500e-001	 2.33435e-003
478	 2.3291015625e-001	-1.41278e-003
479	 2.3339843750e-001	-4.21057e-003
480	 2.3388671875e-001	-5.79798e-003
481	 2.3437500000e-001	-6.44452e-003
482	 2.3486328125e-001	-6.72089e-003
483	 2.3535156250e-001	-6.49847e-003
484	 2.3583984375e-001	-5.66654e-003
485	 2.3632812500e-001	-5.20953e-003
486	 2.3681640625e-001	-4.39829e-003
487	 2.3730468750e-001	-3.31231e-003
488	 2.3779296875e-001	-1.78683e-003
489	 2.3828125000e-001	 8.21627e-004
490	 2.3876953125e-001	 3.97931e-003
491	 2.3925781250e-001	 7.70145e-003
492	 2.3974609375e-001	 1.18356e-002
493	 2.4023437500e-001	 1.56176e-002
494	 2.4072265625e-001	 1.77646e-002
495	 2.4121093750e-001	 1.68959e-002
496	 2.4169921875e-001	 1.42273e-002
497	 2.4218750000e-001	 1.07686e-002
498	 2.4267578125e-001	 5.57417e-003
499	 2.4316406250e-001	-6.48375e-006
500	 2.4365234375e-001	-5.08385e-003
501	 2.4414062500e-001	-9.16292e-003
502	 2.4462890625e-001	-1.17035e-002
503	 2.4511718750e-001	-1.27768e-002
504	 2.4560546875e-001	-1.25952e-002
505	 2.4609375000e-001	-1.15771e-002
506	 2.4658203125e-001	-9.59957e-003
507	 2.4707031250e-001	-8.18687e-003
508	 2.4755859375e-001	-6.20893e-003
509	 2.4804687500e-001	-3.63650e-003
510	 2.4853515625e-001	-2.11727e-003
511	 2.4902343750e-001	-2.65711e-004
512	 2.4951171875e-001	 1.84901e-003
513	 2.5000000000e-001	 4.47041e-003
514	 2.5048828125e-001	 7.46123e-003
515	 2.5097656250e-001	 1.02369e-002
516	 2.5146484375e-001	 1.17896e-002
517	 2.5195312500e-001	 1.21972e-002
518	 2.5244140625e-001	 1.08756e-002
519	 2.5292968750e-001	 7.54103e-003
520	 2.5341796875e-001	 3.21150e-003
521	 2.5390625000e-001	-1.76793e-003
522	 2.5439453125e-001	-6.25701e-003
523	 2.5488281250e-001	-9.23047e-003
524	 2.5537109375e-001	-1.06061e-002
525	 2.5585937500e-001	-1.02124e-002
526	 2.5634765625e-001	-8.13166e-003
527	 2.5683593750e-001	-5.18227e-003
528	 2.5732421875e-001	-1.41001e-003
529	 2.5781250000e-001	 1.97548e-003
530	 2.5830078125e-001	 4.24678e-003
531	 2.5878906250e-001	 6.06074e-003
532	 2.5927734375e-001	 7.13531e-003
533	 2.5976562500e-001	 7.59224e-003
534	 2.6025390625e-001	 7.66912e-003
535	 2.6074218750e-001	 7.46410e-003
536	 2.6123046875e-001	 7.72589e-003
537	 2.6171875000e-001	 7.71761e-003
538	 2.6220703125e-001	 6.98743e-003
539	 2.6269531250e-001	 5.13161e-003
540	 2.6318359375e-001	 2.20596e-003
541	 2.6367187500e-001	-1.00295e-003
542	 2.6416015625e-001	-4.56594e-003
543	 2.6464843750e-001	-8.14590e-003
544	 2.6513671875e-001	-1.12409e-002
545	 2.6562500000e-001	-1.33141e-002
546	 2.6611328125e-001	-1.43267e-002
547	 2.6660156250e-001	-1.28707e-002
548	 2.6708984375e-001	-9.01489e-003
549	 2.6757812500e-001	-3.84231e-003
550	 2.6806640625e-001	 1.52246e-003
551	 2.6855468750e-001	 6.76410e-003
552	 2.6904296875e-001	 1.13456e-002
553	 2.6953125000e-001	 1.45359e-002
554	 2.7001953125e-001	 1.61483e-002
555	 2.7050781250e-001	 1.59476e-002
556	 2.7099609375e-001	 1.46215e-002
557	 2.7148437500e-001	 1.22782e-002
558	 2.7197265625e-001	 1.01839e-002
559	 2.7246093750e-001	 7.99023e-003
560	 2.7294921875e-001	 5.70410e-003
561	 2.7343750000e-001	 3.71952e-003
562	 2.7392578125e-001	 1.26651e-003
563	 2.7441406250e-001	-1.38894e-003
564	 2.7490234375e-001	-4.93186e-003
565	 2.7539062500e-001	-8.08908e-003
566	 2.7587890625e-001	-1.04803e-002
567	 2.7636718750e-001	-1.24324e-002
568	 2.7685546875e-001	-1.26258e-002
569	 2.7734375000e-001	-1.11539e-002
570	 2.7783203125e-001	-8.19840e-003
571	 2.7832031250e-001	-4.17662e-003
572	 2.7880859375e-001	 1.75338e-005
573	 2.7929687500e-001	 4.31149e-003
574	 2.7978515625e-001	 7.98213e-003
575	 2.8027343750e-001	 9.40434e-003
576	 2.8076171875e-001	 9.50842e-003
577	 2.8125000000e-001	 8.34744e-003
578	 2.8173828125e-001	 5.57046e-003
579	 2.8222656250e-001	 2.02622e-003
580	 2.8271484375e-001	-1.97483e-003
581	 2.8320312500e-001	-4.99887e-003
582	 2.8369140625e-001	-7.37358e-003
583	 2.8417968750e-001	-8.27790e-003
584	 2.8466796875e-001	-8.04900e-003
585	 2.8515625000e-001	-8.15892e-003
586	 2.8564453125e-001	-7.38014e-003
587	 2.8613281250e-001	-6.50750e-003
588	 2.8662109375e-001	-5.60773e-003
589	 2.8710937500e-001	-4.78778e-003
590	 2.8759765625e-001	-3.39945e-003
591	 2.8808593750e-001	-1.04527e-003
592	 2.8857421875e-001	 1.86324e-003
593	 2.8906250000e-001	 6.13202e-003
594	 2.8955078125e-001	 1.05443e-002
595	 2.9003906250e-001	 1.42476e-002
596	 2.9052734375e-001	 1.71799e-002
597	 2.9101562500e-001	 1.78338e-002
598	 2.9150390625e-001	 1.61152e-002
599	 2.9199218750e-001	 1.30293e-002
600	 2.9248046875e-001	 8.41053e-003
601	 2.9296875000e-001	 3.05946e-003
602	 2.9345703125e-001	-2.44204e-003
603	 2.9394531250e-001	-6.83455e-003
604	 2.9443359375e-001	-9.42395e-003
605	 2.9492187500e-001	-1.10080e-002
606	 2.9541015625e-001	-1.12844e-002
607	 2.9589843750e-001	-1.06984e-002
608	 2.9638671875e-001	-9.64265e-003
609	 2.9687500000e-001	-8.11659e-003
610	 2.9736328125e-001	-6.09736e-003
611	 2.9785156250e-001	-4.21287e-003
612	 2.9833984375e-001	-2.39068e-003
613	 2.9882812500e-001	-9.19439e-005
614	 2.9931640625e-001	 1.72942e-003
615	 2.9980468750e-001	 3.87931e-003
616	 3.0029296875e-001	 6.96613e-003
617	 3.0078125000e-001	 9.96427e-003
618	 3.0126953125e-001	 1.18889e-002
619	 3.0175781250e-001	 1.25279e-002
620	 3.0224609375e-001	 1.12449e-002
621	 3.0273437500e-001	 8.36618e-003
622	 3.0322265625e-001	 4.55722e-003
623	 3.0371093750e-001	-4.83684e-004
624	 3.0419921875e-001	-5.49110e-003
625	 3.0468750000e-001	-9.48045e-003
626	 3.0517578125e-001	-1.17745e-002
627	 3.0566406250e-001	-1.22521e-002
628	 3.0615234375e-001	-1.06756e-002
629	 3.0664062500e-001	-7.76063e-003
630	 3.0712890625e-001	-4.55664e-003
631	 3.0761718750e-001	-1.34195e-003
632	 3.0810546875e-001	 8.05948e-004
633	 3.0859375000e-001	 2.79872e-003
634	 3.0908203125e-001	 4.45832e-003
635	 3.0957031250e-001	 4.95211e-003
636	 3.1005859375e-001	 5.20300e-003
637	 3.1054687500e-001	 5.75912e-003
638	 3.1103515625e-001	 6.31091e-003
639	 3.1152343750e-001	 6.12320e-003
640	 3.1201171875e-001	 5.80949e-003
641	 3.1250000000e-001	 4.65596e-003
642	 3.1298828125e-001	 2.24837e-003
643	 3.1347656250e-001	-8.10300e-004
644	 3.1396484375e-001	-4.37600e-003
645	 3.1445312500e-001	-8.23446e-003
646	 3.1494140625e-001	-1.17317e-002
647	 3.1542968750e-001	-1.42081e-002
648	 3.1591796875e-001	-1.56081e-002
649	 3.1640625000e-001	-1.45459e-002
650	 3.1689453125e-001	-1.13190e-002
651	 3.1738281250e-001	-6.56772e-003
652	 3.1787109375e-001	-6.10808e-004
653	 3.1835937500e-001	 4.85326e-003
654	 3.1884765625e-001	 9.65849e-003
655	 3.1933593750e-001	 1.33182e-002
656	 3.1982421875e-001	 1.55549e-002
657	 3.2031250000e-001	 1.62558e-002
658	 3.2080078125e-001	 1.53202e-002
659	 3.2128906250e-001	 1.39279e-002
660	 3.2177734375e-001	 1.24084e-002
661	 3.2226562500e-001	 1.02740e-002
662	 3.2275390625e-001	 8.35731e-003
663	 3.2324218750e-001	 6.50247e-003
664	 3.2373046875e-001	 4.02809e-003
665	 3.2421875000e-001	 1.22694e-003
666	 3.2470703125e-001	-2.87809e-003
667	 3.2519531250e-001	-6.80214e-003
668	 3.2568359375e-001	-9.76190e-003
669	 3.2617187500e-001	-1.24009e-002
670	 3.2666015625e-001	-1.31002e-002
671	 3.2714843750e-001	-1.19508e-002
672	 3.2763671875e-001	-9.02790e-003
673	 3.2812500000e-001	-5.13881e-003
674	 3.2861328125e-001	-9.31753e-004
675	 3.2910156250e-001	 3.66783e-003
676	 3.2958984375e-001	 6.83207e-003
677	 3.3007812500e-001	 8.30602e-003
678	 3.3056640625e-001	 8.56537e-003
679	 3.3105468750e-001	 7.32309e-003
680	 3.3154296875e-001	 4.70010e-003
681	 3.3203125000e-001	 1.32484e-003
682	 3.3251953125e-001	-2.24972e-003
683	 3.3300781250e-001	-5.08880e-003
684	 3.3349609375e-001	-7.42248e-003
685	 3.3398437500e-001	-8.49141e-003
686	 3.3447265625e-001	-8.89934e-003
687	 3.3496093750e-001	-9.45746e-003
688	 3.3544921875e-001	-9.26535e-003
689	 3.3593750000e-001	-9.08014e-003
690	 3.3642578125e-001	-8.45612e-003
691	 3.3691406250e-001	-8.00317e-003
692	 3.3740234375e-001	-6.60941e-003
693	 3.3789062500e-001	-3.83684e-003
694	 3.3837890625e-001	-6.19364e-004
695	 3.3886718750e-001	 3.43710e-003
696	 3.3935546875e-001	 7.89339e-003
697	 3.3984375000e-001	 1.20143e-002
698	 3.4033203125e-001	 1.50066e-002
699	 3.4082031250e-001	 1.62336e-002
700	 3.4130859375e-001	 1.51314e-002
701	 3.4179687500e-001	 1.26540e-002
702	 3.4228515625e-001	 8.66694e-003
703	 3.4277343750e-001	 3.55818e-003
704	 3.4326171875e-001	-1.36207e-003
705	 3.4375000000e-001	-5.63580e-003
706	 3.4423828125e-001	-8.44134e-003
707	 3.4472656250e-001	-1.00339e-002
708	 3.4521484375e-001	-1.05238e-002
709	 3.4570312500e-001	-1.01301e-002
710	 3.4619140625e-001	-9.37361e-003
711	 3.4667968750e-001	-7.98160e-003
712	 3.4716796875e-001	-6.21872e-003
713	 3.4765625000e-001	-4.27032e-003
714	 3.4814453125e-001	-2.02462e-003
715	 3.4863281250e-001	 1.57622e-004
716	 3.4912109375e-001	 2.30548e-003
717	 3.4960937500e-001	 5.02488e-003
718	 3.5009765625e-001	 7.98037e-003
719	 3.5058593750e-001	 1.11749e-002
720	 3.5107421875e-001	 1.36860e-002
721	 3.5156250000e-001	 1.44127e-002
722	 3.5205078125e-001	 1.39502e-002
723	 3.5253906250e-001	 1.16394e-002
724	 3.5302734375e-001	 7.53165e-003
725	 3.5351562500e-001	 2.90926e-003
726	 3.5400390625e-001	-1.92028e-003
727	 3.5449218750e-001	-5.93368e-003
728	 3.5498046875e-001	-8.79735e-003
729	 3.5546875000e-001	-1.00334e-002
730	 3.5595703125e-001	-9.93331e-003
731	 3.5644531250e-001	-8.02549e-003
732	 3.5693359375e-001	-4.27287e-003
733	 3.5742187500e-001	-9.87613e-004
734	 3.5791015625e-001	 1.40164e-003
735	 3.5839843750e-001	 3.24779e-003
736	 3.5888671875e-001	 4.78700e-003
737	 3.5937500000e-001	 5.46259e-003
738	 3.5986328125e-001	 6.02468e-003
739	 3.6035156250e-001	 6.28364e-003
740	 3.6083984375e-001	 6.31473e-003
741	 3.6132812500e-001	 6.62139e-003
742	 3.6181640625e-001	 6.82244e-003
743	 3.6230468750e-001	 5.88707e-003
744	 3.6279296875e-001	 3.42127e-003
745	 3.6328125000e-001	 6.61693e-004
746	 3.6376953125e-001	-3.23492e-003
747	 3.6425781250e-001	-7.49320e-003
748	 3.6474609375e-001	-1.11111e-002
749	 3.6523437500e-001	-1.47904e-002
750	 3.6572265625e-001	-1.68049e-002
751	 3.6621093750e-001	-1.67948e-002
752	 3.6669921875e-001	-1.43505e-002
753	 3.6718750000e-001	-1.02287e-002
754	 3.6767578125e-001	-4.73021e-003
755	 3.6816406250e-001	 1.57972e-003
756	 3.6865234375e-001	 6.27864e-003
757	 3.6914062500e-001	 1.04264e-002
758	 3.6962890625e-001	 1.36978e-002
759	 3.7011718750e-001	 1.45994e-002
760	 3.7060546875e-001	 1.41603e-002
761	 3.7109375000e-001	 1.31371e-002
762	 3.7158203125e-001	 1.11488e-002
763	 3.7207031250e-001	 9.24394e-003
764	 3.7255859375e-001	 7.66716e-003
765	 3.7304687500e-001	 5.61819e-003
766	 3.7353515625e-001	 3.89259e-003
767	 3.7402343750e-001	 1.60318e-003
768	 3.7451171875e-001	-1.95614e-003
769	 3.7500000000e-001	-5.54425e-003
770	 3.7548828125e-001	-8.54654e-003
771	 3.7597656250e-001	-1.10065e-002
772	 3.7646484375e-001	-1.26745e-002
773	 3.7695312500e-001	-1.23312e-002
774	 3.7744140625e-001	-9.90673e-003
775	 3.7792968750e-001	-6.27730e-003
776	 3.7841796875e-001	-1.51111e-003
777	 3.7890625000e-001	 3.11799e-003
778	 3.7939453125e-001	 6.73251e-003
779	 3.7988281250e-001	 9.42519e-003
780	 3.8037109375e-001	 1.02996e-002
781	 3.8085937500e-001	 9.95304e-003
782	 3.8134765625e-001	 8.07229e-003
783	 3.8183593750e-001	 4.86778e-003
784	 3.8232421875e-001	 1.67096e-003
785	 3.8281250000e-001	-1.97028e-003
786	 3.8330078125e-001	-4.72663e-003
787	 3.8378906250e-001	-6.13713e-003
788	 3.8427734375e-001	-6.61402e-003
789	 3.8476562500e-001	-6.77387e-003
790	 3.8525390625e-001	-6.72766e-003
791	 3.8574218750e-001	-6.39838e-003
792	 3.8623046875e-001	-6.10696e-003
793	 3.8671875000e-001	-5.30250e-003
794	 3.8720703125e-001	-4.57384e-003
795	 3.8769531250e-001	-3.11821e-003
796	 3.8818359375e-001	-3.28570e-004
797	 3.8867187500e-001	 3.66337e-003
798	 3.8916015625e-001	 8.25765e-003
799	 3.8964843750e-001	 1.21932e-002
800	 3.9013671875e-001	 1.58641e-002
801	 3.9062500000e-001	 1.77514e-002
802	 3.9111328125e-001	 1.72725e-002
803	 3.9160156250e-001	 1.50782e-002
804	 3.9208984375e-001	 1.13942e-002
805	 3.9257812500e-001	 6.42397e-003
806	 3.9306640625e-001	 1.00569e-003
807	 3.9355468750e-001	-3.99451e-003
808	 3.9404296875e-001	-8.37597e-003
809	 3.9453125000e-001	-1.07148e-002
810	 3.9501953125e-001	-1.16279e-002
811	 3.9550781250e-001	-1.14570e-002
812	 3.9599609375e-001	-1.09699e-002
813	 3.9648437500e-001	-9.78842e-003
814	 3.9697265625e-001	-8.04674e-003
815	 3.9746093750e-001	-6.69650e-003
816	 3.9794921875e-001	-5.06329e-003
817	 3.9843750000e-001	-3.18016e-003
818	 3.9892578125e-001	-7.38957e-004
819	 3.9941406250e-001	 1.58360e-003
820	 3.9990234375e-001	 4.12944e-003
821	 4.0039062500e-001	 7.34400e-003
822	 4.0087890625e-001	 1.02067e-002
823	 4.0136718750e-001	 1.19016e-002
824	 4.0185546875e-001	 1.18596e-002
825	 4.0234375000e-001	 1.08609e-002
826	 4.0283203125e-001	 7.74105e-003
827	 4.0332031250e-001	 3.09242e-003
828	 4.0380859375e-001	-1.75450e-003
829	 4.0429687500e-001	-6.48033e-003
830	 4.0478515625e-001	-1.00467e-002
831	 4.0527343750e-001	-1.16933e-002
832	 4.0576171875e-001	-1.13694e-002
833	 4.0625000000e-001	-9.13370e-003
834	 4.0673828125e-001	-5.96125e-003
835	 4.0722656250e-001	-2.62578e-003
836	 4.0771484375e-001	 3.51398e-004
837	 4.0820312500e-001	 2.04307e-003
838	 4.0869140625e-001	 3.64673e-003
839	 4.0917968750e-001	 4.89986e-003
840	 4.0966796875e-001	 5.33050e-003
841	 4.1015625000e-001	 5.57444e-003
842	 4.1064453125e-001	 6.20165e-003
843	 4.1113281250e-001	 7.28980e-003
844	 4.1162109375e-001	 7.55228e-003
845	 4.1210937500e-001	 7.00937e-003
846	 4.1259765625e-001	 5.44583e-003
847	 4.1308593750e-001	 2.60677e-003
848	 4.1357421875e-001	-8.47212e-004
849	 4.1406250000e-001	-4.90998e-003
850	 4.1455078125e-001	-9.05636e-003
851	 4.1503906250e-001	-1.24994e-002
852	 4.1552734375e-001	-1.48272e-002
853	 4.1601562500e-001	-1.58706e-002
854	 4.1650390625e-001	-1.41192e-002
855	 4.1699218750e-001	-1.01527e-002
856	 4.1748046875e-001	-5.49450e-003
857	 4.1796875000e-001	 2.51541e-004
858	 4.1845703125e-001	 5.85226e-003
859	 4.1894531250e-001	 1.06656e-002
860	 4.1943359375e-001	 1.38904e-002
861	 4.1992187500e-001	 1.50284e-002
862	 4.2041015625e-001	 1.48451e-002
863	 4.2089843750e-001	 1.36484e-002
864	 4.2138671875e-001	 1.22629e-002
865	 4.2187500000e-001	 1.08691e-002
866	 4.2236328125e-001	 9.10075e-003
867	 4.2285156250e-001	 7.80008e-003
868	 4.2333984375e-001	 6.33372e-003
869	 4.2382812500e-001	 3.90579e-003
870	 4.2431640625e-001	 9.68127e-004
871	 4.2480468750e-001	-2.93070e-003
872	 4.2529296875e-001	-6.37214e-003
873	 4.2578125000e-001	-9.35314e-003
874	 4.2626953125e-001	-1.15677e-002
875	 4.2675781250e-001	-1.19320e-002
876	 4.2724609375e-001	-1.03421e-002
877	 4.2773437500e-001	-6.82921e-003
878	 4.2822265625e-001	-2.73835e-003
879	 4.2871093750e-001	 2.37465e-003
880	 4.2919921875e-001	 6.83646e-003
881	 4.2968750000e-001	 9.95281e-003
882	 4.3017578125e-001	 1.16828e-002
883	 4.3066406250e-001	 1.11028e-002
884	 4.3115234375e-001	 9.94437e-003
885	 4.3164062500e-001	 6.97490e-003
886	 4.3212890625e-001	 3.27011e-003
887	 4.3261718750e-001	-2.87182e-004
888	 4.3310546875e-001	-3.62012e-003
889	 4.3359375000e-001	-5.36454e-003
890	 4.3408203125e-001	-6.40435e-003
891	 4.3457031250e-001	-6.84916e-003
892	 4.3505859375e-001	-7.08450e-003
893	 4.3554687500e-001	-6.71516e-003
894	 4.3603515625e-001	-6.74587e-003
895	 4.3652343750e-001	-6.66862e-003
896	 4.3701171875e-001	-6.10910e-003
897	 4.3750000000e-001	-4.89794e-003
898	 4.3798828125e-001	-2.35538e-003
899	 4.3847656250e-001	 8.16407e-004
900	 4.3896484375e-001	 4.65608e-003
901	 4.3945312500e-001	 8.93134e-003
902	 4.3994140625e-001	 1.36035e-002
903	 4.4042968750e-001	 1.65916e-002
904	 4.4091796875e-001	 1.70816e-002
905	 4.4140625000e-001	 1.50506e-002
906	 4.4189453125e-001	 1.15500e-002
907	 4.4238281250e-001	 7.32612e-003
908	 4.4287109375e-001	 2.04003e-003
909	 4.4335937500e-001	-3.20263e-003
910	 4.4384765625e-001	-7.80607e-003
911	 4.4433593750e-001	-1.04971e-002
912	 4.4482421875e-001	-1.21113e-002
913	 4.4531250000e-001	-1.27969e-002
914	 4.4580078125e-001	-1.18512e-002
915	 4.4628906250e-001	-1.07183e-002
916	 4.4677734375e-001	-9.00439e-003
917	 4.4726562500e-001	-7.22767e-003
918	 4.4775390625e-001	-5.46373e-003
919	 4.4824218750e-001	-3.22494e-003
920	 4.4873046875e-001	-1.50763e-003
921	 4.4921875000e-001	 1.02131e-003
922	 4.4970703125e-001	 3.89199e-003
923	 4.5019531250e-001	 6.47556e-003
924	 4.5068359375e-001	 9.65900e-003
925	 4.5117187500e-001	 1.21840e-002
926	 4.5166015625e-001	 1.32530e-002
927	 4.5214843750e-001	 1.29215e-002
928	 4.5263671875e-001	 1.06890e-002
929	 4.5312500000e-001	 7.17639e-003
930	 4.5361328125e-001	 2.31056e-003
931	 4.5410156250e-001	-2.94115e-003
932	 4.5458984375e-001	-6.99175e-003
933	 4.5507812500e-001	-9.39063e-003
934	 4.5556640625e-001	-9.78208e-003
935	 4.5605468750e-001	-9.08064e-003
936	 4.5654296875e-001	-6.68221e-003
937	 4.5703125000e-001	-2.99532e-003
938	 4.5751953125e-001	 3.13889e-004
939	 4.5800781250e-001	 2.97718e-003
940	 4.5849609375e-001	 5.16444e-003
941	 4.5898437500e-001	 6.53688e-003
942	 4.5947265625e-001	 7.41776e-003
943	 4.5996093750e-001	 7.58092e-003
944	 4.6044921875e-001	 6.99086e-003
945	 4.6093750000e-001	 7.14640e-003
946	 4.6142578125e-001	 7.09474e-003
947	 4.6191406250e-001	 6.75491e-003
948	 4.6240234375e-001	 5.25115e-003
949	 4.6289062500e-001	 2.76854e-003
950	 4.6337890625e-001	 3.24337e-004
951	 4.6386718750e-001	-3.73720e-003
952	 4.6435546875e-001	-7.76465e-003
953	 4.6484375000e-001	-1.11683e-002
954	 4.6533203125e-001	-1.41090e-002
955	 4.6582031250e-001	-1.57844e-002
956	 4.6630859375e-001	-1.58764e-002
957	 4.6679687500e-001	-1.36521e-002
958	 4.6728515625e-001	-9.40932e-003
959	 4.6777343750e-001	-3.70783e-003
960	 4.6826171875e-001	 1.96278e-003
961	 4.6875000000e-001	 7.38905e-003
962	 4.6923828125e-001	 1.15836e-002
963	 4.6972656250e-001	 1.38288e-002
964	 4.7021484375e-001	 1.43431e-002
965	 4.7070312500e-001	 1.39966e-002
966	 4.7119140625e-001	 1.25510e-002
967	 4.7167968750e-001	 1.02801e-002
968	 4.7216796875e-001	 8.49592e-003
969	 4.7265625000e-001	 6.41415e-003
970	 4.7314453125e-001	 4.63443e-003
971	 4.7363281250e-001	 2.81423e-003
972	 4.7412109375e-001	 5.02426e-004
973	 4.7460937500e-001	-2.58906e-003
974	 4.7509765625e-001	-5.74903e-003
975	 4.7558593750e-001	-8.55484e-003
976	 4.7607421875e-001	-1.10110e-002
977	 4.7656250000e-001	-1.22859e-002
978	 4.7705078125e-001	-1.21728e-002
979	 4.7753906250e-001	-9.74401e-003
980	 4.7802734375e-001	-5.57737e-003
981	 4.7851562500e-001	-1.16886e-003
982	 4.7900390625e-001	 3.43924e-003
983	 4.7949218750e-001	 7.31787e-003
984	 4.7998046875e-001	 9.84742e-003
985	 4.8046875000e-001	 1.11958e-002
986	 4.8095703125e-001	 1.08291e-002
987	 4.8144531250e-001	 9.07661e-003
988	 4.8193359375e-001	 5.66913e-003
989	 4.8242187500e-001	 1.53676e-003
990	 4.8291015625e-001	-1.90890e-003
991	 4.8339843750e-001	-4.92521e-003
992	 4.8388671875e-001	-6.42162e-003
993	 4.8437500000e-001	-7.04214e-003
994	 4.8486328125e-001	-7.47442e-003
995	 4.8535156250e-001	-7.14042e-003
996	 4.8583984375e-001	-6.97338e-003
997	 4.8632812500e-001	-6.25466e-003
998	 4.8681640625e-001	-5.44553e-003
999	 4.8730468750e-001	-4.77398e-003
1000	 4.8779296875e-001	-3.09255e-003
1001	 4.8828125000e-001	-7.25053e-004
1002	 4.8876953125e-001	 2.50971e-003
1003	 4.8925781250e-001	 6.71781e-003
1004	 4.8974609375e-001	 1.09477e-002
1005	 4.9023437500e-001	 1.45117e-002
1006	 4.9072265625e-001	 1.65552e-002
1007	 4.9121093750e-001	 1.59046e-002
1008	 4.9169921875e-001	 1.32451e-002
1009	 4.9218750000e-001	 9.53173e-003
1010	 4.9267578125e-001	 4.35422e-003
1011	 4.9316406250e-001	-1.39635e-003
1012	 4.9365234375e-001	-6.67977e-003
1013	 4.9414062500e-001	-1.03557e-002
1014	 4.9462890625e-001	-1.26906e-002
1015	 4.9511718750e-001	-1.36772e-002
1016	 4.9560546875e-001	-1.30504e-002
1017	 4.9609375000e-001	-1.20283e-002
1018	 4.9658203125e-001	-1.03203e-002
1019	 4.9707031250e-001	-8.19246e-003
1020	 4.9755859375e-001	-6.30675e-003
1021	 4.9804687500e-001	-4.21564e-003
1022	 4.9853515625e-001	-1.77697e-003
1023	 4.9902343750e-001	 5.32982e-004
1024	 4.9951171875e-001	 2.85956e-003
1025	 5.0000000000e-001	 5.58196e-003
1026	 5.0048828125e-001	 8.93475e-003
1027	 5.0097656250e-001	 1.18687e-002
1028	 5.0146484375e-001	 1.36018e-002
1029	 5.0195312500e-001	 1.37388e-002
1030	 5.0244140625e-001	 1.21941e-002
1031	 5.0292968750e-001	 8.96688e-003
1032	 5.0341796875e-001	 4.43766e-003
1033	 5.0390625000e-001	-6.89042e-004
1034	 5.0439453125e-001	-5.50809e-003
1035	 5.0488281250e-001	-8.38203e-003
1036	 5.0537109375e-001	-9.48415e-003
1037	 5.0585937500e-001	-9.24928e-003
1038	 5.0634765625e-001	-7.03600e-003
1039	 5.0683593750e-001	-3.41527e-003
1040	 5.0732421875e-001	-1.67526e-004
1041	 5.0781250000e-001	 2.48417e-003
1042	 5.0830078125e-001	 4.95293e-003
1043	 5.0878906250e-001	 6.03806e-003
1044	 5.0927734375e-001	 6.47234e-003
1045	 5.0976562500e-001	 6.66693e-003
1046	 5.1025390625e-001	 6.21668e-003
1047	 5.1074218750e-001	 6.64972e-003
1048	 5.1123046875e-001	 6.77820e-003
1049	 5.1171875000e-001	 6.15910e-003
1050	 5.1220703125e-001	 5.34119e-003
1051	 5.1269531250e-001	 3.21203e-003
1052	 5.1318359375e-001	-3.02346e-005
1053	 5.1367187500e-001	-3.71513e-003
1054	 5.1416015625e-001	-7.65359e-003
1055	 5.1464843750e-001	-1.20519e-002
1056	 5.1513671875e-001	-1.56970e-002
1057	 5.1562500000e-001	-1.78973e-002
1058	 5.1611328125e-001	-1.85541e-002
1059	 5.1660156250e-001	-1.67174e-002
1060	 5.1708984375e-001	-1.26503e-002
1061	 5.1757812500e-001	-7.38920e-003
1062	 5.1806640625e-001	-1.74330e-003
1063	 5.1855468750e-001	 3.62162e-003
1064	 5.1904296875e-001	 7.99884e-003
1065	 5.1953125000e-001	 1.10630e-002
1066	 5.2001953125e-001	 1.25446e-002
1067	 5.2050781250e-001	 1.26892e-002
1068	 5.2099609375e-001	 1.20441e-002
1069	 5.2148437500e-001	 1.01985e-002
1070	 5.2197265625e-001	 8.45986e-003
1071	 5.2246093750e-001	 7.31402e-003
1072	 5.2294921875e-001	 5.63524e-003
1073	 5.2343750000e-001	 3.88082e-003
1074	 5.2392578125e-001	 1.73355e-003
1075	 5.2441406250e-001	-1.65366e-003
1076	 5.2490234375e-001	-5.27572e-003
1077	 5.2539062500e-001	-7.97528e-003
1078	 5.2587890625e-001	-1.05203e-002
1079	 5.2636718750e-001	-1.22710e-002
1080	 5.2685546875e-001	-1.23176e-002
1081	 5.2734375000e-001	-1.02839e-002
1082	 5.2783203125e-001	-6.70795e-003
1083	 5.2832031250e-001	-2.15737e-003
1084	 5.2880859375e-001	 2.82245e-003
1085	 5.2929687500e-001	 6.78508e-003
1086	 5.2978515625e-001	 1.01006e-002
1087	 5.3027343750e-001	 1.18411e-002
1088	 5.3076171875e-001	 1.16079e-002
1089	 5.3125000000e-001	 9.88747e-003
1090	 5.3173828125e-001	 7.20759e-003
1091	 5.3222656250e-001	 3.47038e-003
1092	 5.3271484375e-001	-2.17066e-004
1093	 5.3320312500e-001	-2.81524e-003
1094	 5.3369140625e-001	-5.02712e-003
1095	 5.3417968750e-001	-6.16544e-003
1096	 5.3466796875e-001	-6.21765e-003
1097	 5.3515625000e-001	-5.78251e-003
1098	 5.3564453125e-001	-5.78356e-003
1099	 5.3613281250e-001	-5.88440e-003
1100	 5.3662109375e-001	-5.26633e-003
1101	 5.3710937500e-001	-4.78068e-003
1102	 5.3759765625e-001	-3.59957e-003
1103	 5.3808593750e-001	-1.53591e-003
1104	 5.3857421875e-001	 1.82301e-003
1105	 5.3906250000e-001	 5.96093e-003
1106	 5.3955078125e-001	 1.03754e-002
1107	 5.4003906250e-001	 1.40538e-002
1108	 5.4052734375e-001	 1.60882e-002
1109	 5.4101562500e-001	 1.66261e-002
1110	 5.4150390625e-001	 1.43887e-002
1111	 5.4199218750e-001	 1.09794e-002
1112	 5.4248046875e-001	 6.45640e-003
1113	 5.4296875000e-001	 6.31180e-004
1114	 5.4345703125e-001	-5.03565e-003
1115	 5.4394531250e-001	-9.22998e-003
1116	 5.4443359375e-001	-1.20120e-002
1117	 5.4492187500e-001	-1.40216e-002
1118	 5.4541015625e-001	-1.39157e-002
1119	 5.4589843750e-001	-1.32152e-002
1120	 5.4638671875e-001	-1.25798e-002
1121	 5.4687500000e-001	-1.04919e-002
1122	 5.4736328125e-001	-8.27914e-003
1123	 5.4785156250e-001	-6.38933e-003
1124	 5.4833984375e-001	-4.20622e-003
1125	 5.4882812500e-001	-2.28547e-003
1126	 5.4931640625e-001	-2.61213e-004
1127	 5.4980468750e-001	 2.26940e-003
1128	 5.5029296875e-001	 5.21958e-003
1129	 5.5078125000e-001	 8.28487e-003
1130	 5.5126953125e-001	 1.04121e-002
1131	 5.5175781250e-001	 1.10868e-002
1132	 5.5224609375e-001	 1.04905e-002
1133	 5.5273437500e-001	 7.89695e-003
1134	 5.5322265625e-001	 3.99171e-003
1135	 5.5371093750e-001	-1.15670e-003
1136	 5.5419921875e-001	-6.19093e-003
1137	 5.5468750000e-001	-9.94456e-003
1138	 5.5517578125e-001	-1.23061e-002
1139	 5.5566406250e-001	-1.25629e-002
1140	 5.5615234375e-001	-1.09860e-002
1141	 5.5664062500e-001	-7.76277e-003
1142	 5.5712890625e-001	-4.35733e-003
1143	 5.5761718750e-001	-1.04273e-003
1144	 5.5810546875e-001	 1.38371e-003
1145	 5.5859375000e-001	 3.34255e-003
1146	 5.5908203125e-001	 4.93697e-003
1147	 5.5957031250e-001	 5.55521e-003
1148	 5.6005859375e-001	 5.97255e-003
1149	 5.6054687500e-001	 5.99165e-003
1150	 5.6103515625e-001	 6.63427e-003
1151	 5.6152343750e-001	 6.45902e-003
1152	 5.6201171875e-001	 5.87167e-003
1153	 5.6250000000e-001	 4.82141e-003
1154	 5.6298828125e-001	 2.24723e-003
1155	 5.6347656250e-001	-5.60257e-004
1156	 5.6396484375e-001	-4.36169e-003
1157	 5.6445312500e-001	-8.42741e-003
1158	 5.6494140625e-001	-1.22241e-002
1159	 5.6542968750e-001	-1.48215e-002
1160	 5.6591796875e-001	-1.62626e-002
1161	 5.6640625000e-001	-1.59934e-002
1162	 5.6689453125e-001	-1.28671e-002
1163	 5.6738281250e-001	-7.72908e-003
1164	 5.6787109375e-001	-1.76619e-003
1165	 5.6835937500e-001	 4.08458e-003
1166	 5.6884765625e-001	 9.36418e-003
1167	 5.6933593750e-001	 1.31088e-002
1168	 5.6982421875e-001	 1.50943e-002
1169	 5.7031250000e-001	 1.52926e-002
1170	 5.7080078125e-001	 1.42663e-002
1171	 5.7128906250e-001	 1.27082e-002
1172	 5.7177734375e-001	 1.09114e-002
1173	 5.7226562500e-001	 9.04822e-003
1174	 5.7275390625e-001	 7.28850e-003
1175	 5.7324218750e-001	 5.61910e-003
1176	 5.7373046875e-001	 3.66455e-003
1177	 5.7421875000e-001	 8.73198e-004
1178	 5.7470703125e-001	-2.98288e-003
1179	 5.7519531250e-001	-6.22685e-003
1180	 5.7568359375e-001	-9.02293e-003
1181	 5.7617187500e-001	-1.15531e-002
1182	 5.7666015625e-001	-1.22898e-002
1183	 5.7714843750e-001	-1.17695e-002
1184	 5.7763671875e-001	-9.08705e-003
1185	 5.7812500000e-001	-4.93018e-003
1186	 5.7861328125e-001	-4.70667e-004
1187	 5.7910156250e-001	 3.85817e-003
1188	 5.7958984375e-001	 7.27894e-003
1189	 5.8007812500e-001	 9.68538e-003
1190	 5.8056640625e-001	 1.01509e-002
1191	 5.8105468750e-001	 9.10043e-003
1192	 5.8154296875e-001	 6.91948e-003
1193	 5.8203125000e-001	 3.39880e-003
1194	 5.8251953125e-001	-7.21346e-004
1195	 5.8300781250e-001	-4.25286e-003
1196	 5.8349609375e-001	-6.91730e-003
1197	 5.8398437500e-001	-8.71179e-003
1198	 5.8447265625e-001	-8.86420e-003
1199	 5.8496093750e-001	-8.97818e-003
1200	 5.8544921875e-001	-8.95249e-003
1201	 5.8593750000e-001	-8.66014e-003
1202	 5.8642578125e-001	-8.89144e-003
1203	 5.8691406250e-001	-8.38390e-003
1204	 5.8740234375e-001	-7.14508e-003
1205	 5.8789062500e-001	-5.07502e-003
1206	 5.8837890625e-001	-2.04988e-003
1207	 5.8886718750e-001	 1.75901e-003
1208	 5.8935546875e-001	 6.10493e-003
1209	 5.8984375000e-001	 9.88979e-003
1210	 5.9033203125e-001	 1.28128e-002
1211	 5.9082031250e-001	 1.46686e-002
1212	 5.9130859375e-001	 1.39377e-002
1213	 5.9179687500e-001	 1.11828e-002
1214	 5.9228515625e-001	 7.33133e-003
1215	 5.9277343750e-001	 2.07588e-003
1216	 5.9326171875e-001	-3.51689e-003
1217	 5.9375000000e-001	-8.19926e-003
1218	 5.9423828125e-001	-1.15824e-002
1219	 5.9472656250e-001	-1.37257e-002
1220	 5.9521484375e-001	-1.42575e-002
1221	 5.9570312500e-001	-1.39961e-002
1222	 5.9619140625e-001	-1.30434e-002
1223	 5.9667968750e-001	-1.11330e-002
1224	 5.9716796875e-001	-9.10707e-003
1225	 5.9765625000e-001	-6.67545e-003
1226	 5.9814453125e-001	-4.39051e-003
1227	 5.9863281250e-001	-1.83070e-003
1228	 5.9912109375e-001	 3.29147e-004
1229	 5.9960937500e-001	 2.67126e-003
1230	 6.0009765625e-001	 6.16662e-003
1231	 6.0058593750e-001	 9.32998e-003
1232	 6.0107421875e-001	 1.19780e-002
1233	 6.0156250000e-001	 1.34007e-002
1234	 6.0205078125e-001	 1.30032e-002
1235	 6.0253906250e-001	 1.08298e-002
1236	 6.0302734375e-001	 7.56818e-003
1237	 6.0351562500e-001	 3.09038e-003
1238	 6.0400390625e-001	-1.54272e-003
1239	 6.0449218750e-001	-5.32262e-003
1240	 6.0498046875e-001	-8.48719e-003
1241	 6.0546875000e-001	-1.00079e-002
1242	 6.0595703125e-001	-9.02725e-003
1243	 6.0644531250e-001	-6.48775e-003
1244	 6.0693359375e-001	-3.55725e-003
1245	 6.0742187500e-001	 4.28269e-004
1246	 6.0791015625e-001	 3.24125e-003
1247	 6.0839843750e-001	 4.75502e-003
1248	 6.0888671875e-001	 6.79208e-003
1249	 6.0937500000e-001	 7.60726e-003
1250	 6.0986328125e-001	 7.91808e-003
1251	 6.1035156250e-001	 8.01715e-003
1252	 6.1083984375e-001	 7.99830e-003
1253	 6.1132812500e-001	 7.95971e-003
1254	 6.1181640625e-001	 7.26488e-003
1255	 6.1230468750e-001	 6.16012e-003
1256	 6.1279296875e-001	 3.80638e-003
1257	 6.1328125000e-001	 3.74439e-004
1258	 6.1376953125e-001	-3.22106e-003
1259	 6.1425781250e-001	-7.30416e-003
1260	 6.1474609375e-001	-1.15480e-002
1261	 6.1523437500e-001	-1.48496e-002
1262	 6.1572265625e-001	-1.69298e-002
1263	 6.1621093750e-001	-1.73276e-002
1264	 6.1669921875e-001	-1.52431e-002
1265	 6.1718750000e-001	-1.14835e-002
1266	 6.1767578125e-001	-6.22725e-003
1267	 6.1816406250e-001	-5.16323e-004
1268	 6.1865234375e-001	 4.81622e-003
1269	 6.1914062500e-001	 8.94908e-003
1270	 6.1962890625e-001	 1.13070e-002
1271	 6.2011718750e-001	 1.26809e-002
1272	 6.2060546875e-001	 1.19244e-002
1273	 6.2109375000e-001	 1.06033e-002
1274	 6.2158203125e-001	 9.04669e-003
1275	 6.2207031250e-001	 6.99746e-003
1276	 6.2255859375e-001	 4.88648e-003
1277	 6.2304687500e-001	 2.91798e-003
1278	 6.2353515625e-001	 1.01087e-003
1279	 6.2402343750e-001	-1.80187e-003
1280	 6.2451171875e-001	-5.20124e-003
1281	 6.2500000000e-001	-8.14463e-003
1282	 6.2548828125e-001	-1.10710e-002
1283	 6.2597656250e-001	-1.37325e-002
1284	 6.2646484375e-001	-1.47196e-002
1285	 6.2695312500e-001	-1.44648e-002
1286	 6.2744140625e-001	-1.22268e-002
1287	 6.2792968750e-001	-8.05782e-003
1288	 6.2841796875e-001	-3.31698e-003
1289	 6.2890625000e-001	 1.11563e-003
1290	 6.2939453125e-001	 5.01510e-003
1291	 6.2988281250e-001	 7.87448e-003
1292	 6.3037109375e-001	 9.49793e-003
1293	 6.3085937500e-001	 9.97180e-003
1294	 6.3134765625e-001	 8.43970e-003
1295	 6.3183593750e-001	 5.75645e-003
1296	 6.3232421875e-001	 2.08725e-003
1297	 6.3281250000e-001	-1.58226e-003
1298	 6.3330078125e-001	-3.91509e-003
1299	 6.3378906250e-001	-5.80021e-003
1300	 6.3427734375e-001	-6.63479e-003
1301	 6.3476562500e-001	-6.38744e-003
1302	 6.3525390625e-001	-5.88433e-003
1303	 6.3574218750e-001	-5.57093e-003
1304	 6.3623046875e-001	-5.23659e-003
1305	 6.3671875000e-001	-4.70728e-003
1306	 6.3720703125e-001	-3.51077e-003
1307	 6.3769531250e-001	-1.69663e-003
1308	 6.3818359375e-001	 8.08803e-004
1309	 6.3867187500e-001	 4.61260e-003
1310	 6.3916015625e-001	 8.26820e-003
1311	 6.3964843750e-001	 1.22181e-002
1312	 6.4013671875e-001	 1.59336e-002
1313	 6.4062500000e-001	 1.79962e-002
1314	 6.4111328125e-001	 1.79789e-002
1315	 6.4160156250e-001	 1.56117e-002
1316	 6.4208984375e-001	 1.20204e-002
1317	 6.4257812500e-001	 7.12522e-003
1318	 6.4306640625e-001	 1.78288e-003
1319	 6.4355468750e-001	-3.20580e-003
1320	 6.4404296875e-001	-7.14558e-003
1321	 6.4453125000e-001	-9.54029e-003
1322	 6.4501953125e-001	-1.10608e-002
1323	 6.4550781250e-001	-1.14102e-002
1324	 6.4599609375e-001	-1.10953e-002
1325	 6.4648437500e-001	-9.58949e-003
1326	 6.4697265625e-001	-7.64742e-003
1327	 6.4746093750e-001	-6.20196e-003
1328	 6.4794921875e-001	-4.46526e-003
1329	 6.4843750000e-001	-2.66590e-003
1330	 6.4892578125e-001	-4.46999e-004
1331	 6.4941406250e-001	 1.67003e-003
1332	 6.4990234375e-001	 4.09953e-003
1333	 6.5039062500e-001	 7.18057e-003
1334	 6.5087890625e-001	 9.99627e-003
1335	 6.5136718750e-001	 1.14510e-002
1336	 6.5185546875e-001	 1.15661e-002
1337	 6.5234375000e-001	 1.01224e-002
1338	 6.5283203125e-001	 7.10533e-003
1339	 6.5332031250e-001	 3.31701e-003
1340	 6.5380859375e-001	-1.82876e-003
1341	 6.5429687500e-001	-6.48110e-003
1342	 6.5478515625e-001	-1.02743e-002
1343	 6.5527343750e-001	-1.21842e-002
1344	 6.5576171875e-001	-1.21353e-002
1345	 6.5625000000e-001	-1.06462e-002
1346	 6.5673828125e-001	-7.60601e-003
1347	 6.5722656250e-001	-4.36535e-003
1348	 6.5771484375e-001	-1.53453e-003
1349	 6.5820312500e-001	 8.61848e-004
1350	 6.5869140625e-001	 2.89578e-003
1351	 6.5917968750e-001	 4.18585e-003
1352	 6.5966796875e-001	 5.15782e-003
1353	 6.6015625000e-001	 5.12623e-003
1354	 6.6064453125e-001	 5.25106e-003
1355	 6.6113281250e-001	 5.93137e-003
1356	 6.6162109375e-001	 5.54812e-003
1357	 6.6210937500e-001	 4.33498e-003
1358	 6.6259765625e-001	 3.00590e-003
1359	 6.6308593750e-001	 6.33218e-004
1360	 6.6357421875e-001	-2.67506e-003
1361	 6.6406250000e-001	-6.06882e-003
1362	 6.6455078125e-001	-9.71608e-003
1363	 6.6503906250e-001	-1.31504e-002
1364	 6.6552734375e-001	-1.56730e-002
1365	 6.6601562500e-001	-1.63978e-002
1366	 6.6650390625e-001	-1.52555e-002
1367	 6.6699218750e-001	-1.16135e-002
1368	 6.6748046875e-001	-6.51941e-003
1369	 6.6796875000e-001	-7.71627e-004
1370	 6.6845703125e-001	 4.95251e-003
1371	 6.6894531250e-001	 9.77441e-003
1372	 6.6943359375e-001	 1.33755e-002
1373	 6.6992187500e-001	 1.53301e-002
1374	 6.7041015625e-001	 1.60175e-002
1375	 6.7089843750e-001	 1.51471e-002
1376	 6.7138671875e-001	 1.36072e-002
1377	 6.7187500000e-001	 1.22082e-002
1378	 6.7236328125e-001	 1.00028e-002
1379	 6.7285156250e-001	 8.06103e-003
1380	 6.7333984375e-001	 6.11481e-003
1381	 6.7382812500e-001	 3.88442e-003
1382	 6.7431640625e-001	 1.25830e-003
1383	 6.7480468750e-001	-2.35764e-003
1384	 6.7529296875e-001	-5.49642e-003
1385	 6.7578125000e-001	-8.48764e-003
1386	 6.7626953125e-001	-1.04467e-002
1387	 6.7675781250e-001	-1.08287e-002
1388	 6.7724609375e-001	-9.29379e-003
1389	 6.7773437500e-001	-5.81418e-003
1390	 6.7822265625e-001	-2.01003e-003
1391	 6.7871093750e-001	 2.49929e-003
1392	 6.7919921875e-001	 6.51330e-003
1393	 6.7968750000e-001	 9.42693e-003
1394	 6.8017578125e-001	 1.14452e-002
1395	 6.8066406250e-001	 1.20098e-002
1396	 6.8115234375e-001	 1.08944e-002
1397	 6.8164062500e-001	 7.97883e-003
1398	 6.8212890625e-001	 4.18578e-003
1399	 6.8261718750e-001	 4.77937e-004
1400	 6.8310546875e-001	-2.62966e-003
1401	 6.8359375000e-001	-5.01526e-003
1402	 6.8408203125e-001	-5.93549e-003
1403	 6.8457031250e-001	-6.46782e-003
1404	 6.8505859375e-001	-6.93814e-003
1405	 6.8554687500e-001	-6.57884e-003
1406	 6.8603515625e-001	-6.54427e-003
1407	 6.8652343750e-001	-6.33916e-003
1408	 6.8701171875e-001	-5.51922e-003
1409	 6.8750000000e-001	-4.24369e-003
1410	 6.8798828125e-001	-2.30220e-003
1411	 6.8847656250e-001	 8.65964e-004
1412	 6.8896484375e-001	 5.03397e-003
1413	 6.8945312500e-001	 9.17603e-003
1414	 6.8994140625e-001	 1.29959e-002
1415	 6.9042968750e-001	 1.60029e-002
1416	 6.9091796875e-001	 1.67042e-002
1417	 6.9140625000e-001	 1.48745e-002
1418	 6.9189453125e-001	 1.17734e-002
1419	 6.9238281250e-001	 7.21693e-003
1420	 6.9287109375e-001	 1.81180e-003
1421	 6.9335937500e-001	-3.49325e-003
1422	 6.9384765625e-001	-7.76791e-003
1423	 6.9433593750e-001	-1.08629e-002
1424	 6.9482421875e-001	-1.29757e-002
1425	 6.9531250000e-001	-1.31780e-002
1426	 6.9580078125e-001	-1.24476e-002
1427	 6.9628906250e-001	-1.13918e-002
1428	 6.9677734375e-001	-9.93467e-003
1429	 6.9726562500e-001	-8.02682e-003
1430	 6.9775390625e-001	-6.10073e-003
1431	 6.9824218750e-001	-4.21544e-003
1432	 6.9873046875e-001	-2.16217e-003
1433	 6.9921875000e-001	 1.10371e-004
1434	 6.9970703125e-001	 2.86688e-003
1435	 7.0019531250e-001	 5.67143e-003
1436	 7.0068359375e-001	 8.83048e-003
1437	 7.0117187500e-001	 1.12198e-002
1438	 7.0166015625e-001	 1.22344e-002
1439	 7.0214843750e-001	 1.18505e-002
1440	 7.0263671875e-001	 9.28487e-003
1441	 7.0312500000e-001	 5.32809e-003
1442	 7.0361328125e-001	 8.54642e-004
1443	 7.0410156250e-001	-3.98738e-003
1444	 7.0458984375e-001	-8.29706e-003
1445	 7.0507812500e-001	-1.06567e-002
1446	 7.0556640625e-001	-1.09024e-002
1447	 7.0605468750e-001	-9.65444e-003
1448	 7.0654296875e-001	-7.03655e-003
1449	 7.0703125000e-001	-3.59941e-003
1450	 7.0751953125e-001	-1.18970e-004
1451	 7.0800781250e-001	 2.42981e-003
1452	 7.0849609375e-001	 4.36528e-003
1453	 7.0898437500e-001	 6.06032e-003
1454	 7.0947265625e-001	 6.65288e-003
1455	 7.0996093750e-001	 6.86600e-003
1456	 7.1044921875e-001	 7.09357e-003
1457	 7.1093750000e-001	 7.52901e-003
1458	 7.1142578125e-001	 7.97469e-003
1459	 7.1191406250e-001	 7.76048e-003
1460	 7.1240234375e-001	 6.29085e-003
1461	 7.1289062500e-001	 3.74257e-003
1462	 7.1337890625e-001	 7.19602e-004
1463	 7.1386718750e-001	-2.66604e-003
1464	 7.1435546875e-001	-6.73086e-003
1465	 7.1484375000e-001	-1.06188e-002
1466	 7.1533203125e-001	-1.39660e-002
1467	 7.1582031250e-001	-1.57471e-002
1468	 7.1630859375e-001	-1.54159e-002
1469	 7.1679687500e-001	-1.30315e-002
1470	 7.1728515625e-001	-7.95056e-003
1471	 7.1777343750e-001	-1.97553e-003
1472	 7.1826171875e-001	 3.55747e-003
1473	 7.1875000000e-001	 8.33816e-003
1474	 7.1923828125e-001	 1.18048e-002
1475	 7.1972656250e-001	 1.41823e-002
1476	 7.2021484375e-001	 1.48213e-002
1477	 7.2070312500e-001	 1.37507e-002
1478	 7.2119140625e-001	 1.20459e-002
1479	 7.2167968750e-001	 1.01601e-002
1480	 7.2216796875e-001	 8.59576e-003
1481	 7.2265625000e-001	 6.65514e-003
1482	 7.2314453125e-001	 4.79454e-003
1483	 7.2363281250e-001	 2.97450e-003
1484	 7.2412109375e-001	 4.15795e-004
1485	 7.2460937500e-001	-2.91416e-003
1486	 7.2509765625e-001	-6.90593e-003
1487	 7.2558593750e-001	-9.61007e-003
1488	 7.2607421875e-001	-1.18627e-002
1489	 7.2656250000e-001	-1.33585e-002
1490	 7.2705078125e-001	-1.26390e-002
1491	 7.2753906250e-001	-9.87241e-003
1492	 7.2802734375e-001	-5.82786e-003
1493	 7.2851562500e-001	-1.62163e-003
1494	 7.2900390625e-001	 2.97098e-003
1495	 7.2949218750e-001	 7.09519e-003
1496	 7.2998046875e-001	 1.01139e-002
1497	 7.3046875000e-001	 1.11368e-002
1498	 7.3095703125e-001	 9.71150e-003
1499	 7.3144531250e-001	 7.47635e-003
1500	 7.3193359375e-001	 4.84096e-003
1501	 7.3242187500e-001	 1.12450e-003
1502	 7.3291015625e-001	-2.83533e-003
1503	 7.3339843750e-001	-5.25182e-003
1504	 7.3388671875e-001	-6.27780e-003
1505	 7.3437500000e-001	-6.83543e-003
1506	 7.3486328125e-001	-7.02252e-003
1507	 7.3535156250e-001	-6.65527e-003
1508	 7.3583984375e-001	-6.30723e-003
1509	 7.3632812500e-001	-6.08896e-003
1510	 7.3681640625e-001	-5.35497e-003
1511	 7.3730468750e-001	-4.37087e-003
1512	 7.3779296875e-001	-2.84909e-003
1513	 7.3828125000e-001	-3.16260e-004
1514	 7.3876953125e-001	 3.26124e-003
1515	 7.3925781250e-001	 7.70553e-003
1516	 7.3974609375e-001	 1.21316e-002
1517	 7.4023437500e-001	 1.55852e-002
1518	 7.4072265625e-001	 1.74956e-002
1519	 7.4121093750e-001	 1.66516e-002
1520	 7.4169921875e-001	 1.41030e-002
1521	 7.4218750000e-001	 1.06143e-002
1522	 7.4267578125e-001	 5.40786e-003
1523	 7.4316406250e-001	-5.02490e-004
1524	 7.4365234375e-001	-5.46077e-003
1525	 7.4414062500e-001	-8.75609e-003
1526	 7.4462890625e-001	-1.08736e-002
1527	 7.4511718750e-001	-1.15718e-002
1528	 7.4560546875e-001	-1.12565e-002
1529	 7.4609375000e-001	-1.04167e-002
1530	 7.4658203125e-001	-9.26144e-003
1531	 7.4707031250e-001	-7.49168e-003
1532	 7.4755859375e-001	-5.42553e-003
1533	 7.4804687500e-001	-3.77797e-003
1534	 7.4853515625e-001	-1.91193e-003
1535	 7.4902343750e-001	 1.25320e-004
1536	 7.4951171875e-001	 2.49944e-003
1537	 7.5000000000e-001	 5.69149e-003
1538	 7.5048828125e-001	 8.79578e-003
1539	 7.5097656250e-001	 1.14617e-002
1540	 7.5146484375e-001	 1.32429e-002
1541	 7.5195312500e-001	 1.32729e-002
1542	 7.5244140625e-001	 1.16254e-002
1543	 7.5292968750e-001	 7.60174e-003
1544	 7.5341796875e-001	 3.14097e-003
1545	 7.5390625000e-001	-1.63183e-003
1546	 7.5439453125e-001	-6.70547e-003
1547	 7.5488281250e-001	-9.90030e-003
1548	 7.5537109375e-001	-1.14850e-002
1549	 7.5585937500e-001	-1.11425e-002
1550	 7.5634765625e-001	-8.47474e-003
1551	 7.5683593750e-001	-5.05326e-003
1552	 7.5732421875e-001	-1.99849e-003
1553	 7.5781250000e-001	 7.04896e-004
1554	 7.5830078125e-001	 3.00385e-003
1555	 7.5878906250e-001	 4.49327e-003
1556	 7.5927734375e-001	 4.89247e-003
1557	 7.5976562500e-001	 5.47180e-003
1558	 7.6025390625e-001	 5.90406e-003
1559	 7.6074218750e-001	 5.84711e-003
1560	 7.6123046875e-001	 6.22728e-003
1561	 7.6171875000e-001	 6.35646e-003
1562	 7.6220703125e-001	 5.47396e-003
1563	 7.6269531250e-001	 3.44571e-003
1564	 7.6318359375e-001	 7.40023e-004
1565	 7.6367187500e-001	-2.77080e-003
1566	 7.6416015625e-001	-6.86737e-003
1567	 7.6464843750e-001	-1.10323e-002
1568	 7.6513671875e-001	-1.46252e-002
1569	 7.6562500000e-001	-1.67808e-002
1570	 7.6611328125e-001	-1.68122e-002
1571	 7.6660156250e-001	-1.48337e-002
1572	 7.6708984375e-001	-1.09138e-002
1573	 7.6757812500e-001	-5.13320e-003
1574	 7.6806640625e-001	 4.54375e-004
1575	 7.6855468750e-001	 5.80413e-003
1576	 7.6904296875e-001	 9.92207e-003
1577	 7.6953125000e-001	 1.26302e-002
1578	 7.7001953125e-001	 1.37082e-002
1579	 7.7050781250e-001	 1.34621e-002
1580	 7.7099609375e-001	 1.24412e-002
1581	 7.7148437500e-001	 1.11029e-002
1582	 7.7197265625e-001	 9.71334e-003
1583	 7.7246093750e-001	 8.07487e-003
1584	 7.7294921875e-001	 6.77643e-003
1585	 7.7343750000e-001	 5.06658e-003
1586	 7.7392578125e-001	 2.45917e-003
1587	 7.7441406250e-001	-1.01026e-003
1588	 7.7490234375e-001	-4.85723e-003
1589	 7.7539062500e-001	-8.48944e-003
1590	 7.7587890625e-001	-1.11484e-002
1591	 7.7636718750e-001	-1.25004e-002
1592	 7.7685546875e-001	-1.26728e-002
1593	 7.7734375000e-001	-1.07932e-002
1594	 7.7783203125e-001	-7.06049e-003
1595	 7.7832031250e-001	-2.35455e-003
1596	 7.7880859375e-001	 2.40796e-003
1597	 7.7929687500e-001	 6.43353e-003
1598	 7.7978515625e-001	 9.49765e-003
1599	 7.8027343750e-001	 1.07504e-002
1600	 7.8076171875e-001	 1.03604e-002
1601	 7.8125000000e-001	 8.52732e-003
1602	 7.8173828125e-001	 5.46618e-003
1603	 7.8222656250e-001	 2.07763e-003
1604	 7.8271484375e-001	-9.83828e-004
1605	 7.8320312500e-001	-3.57855e-003
1606	 7.8369140625e-001	-5.78691e-003
1607	 7.8417968750e-001	-6.49001e-003
1608	 7.8466796875e-001	-6.83730e-003
1609	 7.8515625000e-001	-7.39859e-003
1610	 7.8564453125e-001	-7.12939e-003
1611	 7.8613281250e-001	-7.28828e-003
1612	 7.8662109375e-001	-7.59299e-003
1613	 7.8710937500e-001	-6.96396e-003
1614	 7.8759765625e-001	-5.27301e-003
1615	 7.8808593750e-001	-2.91999e-003
1616	 7.8857421875e-001	 6.92870e-004
1617	 7.8906250000e-001	 5.16472e-003
1618	 7.8955078125e-001	 9.74610e-003
1619	 7.9003906250e-001	 1.37736e-002
1620	 7.9052734375e-001	 1.59844e-002
1621	 7.9101562500e-001	 1.57977e-002
1622	 7.9150390625e-001	 1.34226e-002
1623	 7.9199218750e-001	 1.02687e-002
1624	 7.9248046875e-001	 5.52170e-003
1625	 7.9296875000e-001	 3.16890e-004
1626	 7.9345703125e-001	-4.44463e-003
1627	 7.9394531250e-001	-8.62564e-003
1628	 7.9443359375e-001	-1.10426e-002
1629	 7.9492187500e-001	-1.27960e-002
1630	 7.9541015625e-001	-1.30604e-002
1631	 7.9589843750e-001	-1.21502e-002
1632	 7.9638671875e-001	-1.11221e-002
1633	 7.9687500000e-001	-9.59054e-003
1634	 7.9736328125e-001	-7.77529e-003
1635	 7.9785156250e-001	-5.51440e-003
1636	 7.9833984375e-001	-3.11309e-003
1637	 7.9882812500e-001	-5.52466e-004
1638	 7.9931640625e-001	 2.13817e-003
1639	 7.9980468750e-001	 4.68959e-003
1640	 8.0029296875e-001	 8.38014e-003
1641	 8.0078125000e-001	 1.16735e-002
1642	 8.0126953125e-001	 1.33027e-002
1643	 8.0175781250e-001	 1.36741e-002
1644	 8.0224609375e-001	 1.23084e-002
1645	 8.0273437500e-001	 9.33419e-003
1646	 8.0322265625e-001	 5.16648e-003
1647	 8.0371093750e-001	 3.36094e-004
1648	 8.0419921875e-001	-4.21720e-003
1649	 8.0468750000e-001	-7.91467e-003
1650	 8.0517578125e-001	-9.75570e-003
1651	 8.0566406250e-001	-1.00634e-002
1652	 8.0615234375e-001	-8.47092e-003
1653	 8.0664062500e-001	-5.51272e-003
1654	 8.0712890625e-001	-2.67077e-003
1655	 8.0761718750e-001	-3.84668e-004
1656	 8.0810546875e-001	 1.73253e-003
1657	 8.0859375000e-001	 3.80015e-003
1658	 8.0908203125e-001	 4.71015e-003
1659	 8.0957031250e-001	 5.39679e-003
1660	 8.1005859375e-001	 5.99215e-003
1661	 8.1054687500e-001	 6.54076e-003
1662	 8.1103515625e-001	 6.83420e-003
1663	 8.1152343750e-001	 6.53329e-003
1664	 8.1201171875e-001	 5.56345e-003
1665	 8.1250000000e-001	 3.56286e-003
1666	 8.1298828125e-001	 1.01825e-003
1667	 8.1347656250e-001	-2.11696e-003
1668	 8.1396484375e-001	-6.15793e-003
1669	 8.1445312500e-001	-1.03519e-002
1670	 8.1494140625e-001	-1.40837e-002
1671	 8.1542968750e-001	-1.66757e-002
1672	 8.1591796875e-001	-1.78816e-002
1673	 8.1640625000e-001	-1.67025e-002
1674	 8.1689453125e-001	-1.34758e-002
1675	 8.1738281250e-001	-8.83639e-003
1676	 8.1787109375e-001	-3.16205e-003
1677	 8.1835937500e-001	 1.98779e-003
1678	 8.1884765625e-001	 6.78669e-003
1679	 8.1933593750e-001	 1.03749e-002
1680	 8.1982421875e-001	 1.24928e-002
1681	 8.2031250000e-001	 1.32639e-002
1682	 8.2080078125e-001	 1.28352e-002
1683	 8.2128906250e-001	 1.14979e-002
1684	 8.2177734375e-001	 9.49405e-003
1685	 8.2226562500e-001	 7.74073e-003
1686	 8.2275390625e-001	 6.43718e-003
1687	 8.2324218750e-001	 4.73347e-003
1688	 8.2373046875e-001	 2.30291e-003
1689	 8.2421875000e-001	-8.12990e-004
1690	 8.2470703125e-001	-4.31743e-003
1691	 8.2519531250e-001	-6.89820e-003
1692	 8.2568359375e-001	-9.07869e-003
1693	 8.2617187500e-001	-1.07348e-002
1694	 8.2666015625e-001	-1.08647e-002
1695	 8.2714843750e-001	-9.86311e-003
1696	 8.2763671875e-001	-6.60140e-003
1697	 8.2812500000e-001	-2.78429e-003
1698	 8.2861328125e-001	 1.52045e-003
1699	 8.2910156250e-001	 6.01917e-003
1700	 8.2958984375e-001	 9.18913e-003
1701	 8.3007812500e-001	 1.17743e-002
1702	 8.3056640625e-001	 1.21692e-002
1703	 8.3105468750e-001	 1.12351e-002
1704	 8.3154296875e-001	 9.56904e-003
1705	 8.3203125000e-001	 6.17096e-003
1706	 8.3251953125e-001	 2.23188e-003
1707	 8.3300781250e-001	-1.29197e-003
1708	 8.3349609375e-001	-3.14996e-003
1709	 8.3398437500e-001	-4.55790e-003
1710	 8.3447265625e-001	-5.96488e-003
1711	 8.3496093750e-001	-5.76075e-003
1712	 8.3544921875e-001	-5.59987e-003
1713	 8.3593750000e-001	-5.74372e-003
1714	 8.3642578125e-001	-5.43797e-003
1715	 8.3691406250e-001	-4.94047e-003
1716	 8.3740234375e-001	-3.81424e-003
1717	 8.3789062500e-001	-1.97116e-003
1718	 8.3837890625e-001	 1.17410e-003
1719	 8.3886718750e-001	 5.00758e-003
1720	 8.3935546875e-001	 9.11436e-003
1721	 8.3984375000e-001	 1.31925e-002
1722	 8.4033203125e-001	 1.62431e-002
1723	 8.4082031250e-001	 1.70945e-002
1724	 8.4130859375e-001	 1.56319e-002
1725	 8.4179687500e-001	 1.29160e-002
1726	 8.4228515625e-001	 8.54289e-003
1727	 8.4277343750e-001	 3.74123e-003
1728	 8.4326171875e-001	-1.54706e-003
1729	 8.4375000000e-001	-6.27257e-003
1730	 8.4423828125e-001	-8.96825e-003
1731	 8.4472656250e-001	-1.14477e-002
1732	 8.4521484375e-001	-1.22415e-002
1733	 8.4570312500e-001	-1.19157e-002
1734	 8.4619140625e-001	-1.13897e-002
1735	 8.4667968750e-001	-1.02504e-002
1736	 8.4716796875e-001	-8.44219e-003
1737	 8.4765625000e-001	-6.10825e-003
1738	 8.4814453125e-001	-4.07078e-003
1739	 8.4863281250e-001	-2.01206e-003
1740	 8.4912109375e-001	 1.34871e-004
1741	 8.4960937500e-001	 2.99749e-003
1742	 8.5009765625e-001	 6.19135e-003
1743	 8.5058593750e-001	 9.36926e-003
1744	 8.5107421875e-001	 1.18927e-002
1745	 8.5156250000e-001	 1.25711e-002
1746	 8.5205078125e-001	 1.21264e-002
1747	 8.5253906250e-001	 9.73078e-003
1748	 8.5302734375e-001	 5.75985e-003
1749	 8.5351562500e-001	 1.26634e-003
1750	 8.5400390625e-001	-3.38457e-003
1751	 8.5449218750e-001	-7.06625e-003
1752	 8.5498046875e-001	-9.68523e-003
1753	 8.5546875000e-001	-1.09992e-002
1754	 8.5595703125e-001	-1.03788e-002
1755	 8.5644531250e-001	-8.14670e-003
1756	 8.5693359375e-001	-4.82455e-003
1757	 8.5742187500e-001	-1.79359e-003
1758	 8.5791015625e-001	 7.02377e-004
1759	 8.5839843750e-001	 2.78501e-003
1760	 8.5888671875e-001	 4.19756e-003
1761	 8.5937500000e-001	 5.00902e-003
1762	 8.5986328125e-001	 5.41137e-003
1763	 8.6035156250e-001	 5.96173e-003
1764	 8.6083984375e-001	 6.01759e-003
1765	 8.6132812500e-001	 6.41611e-003
1766	 8.6181640625e-001	 6.25412e-003
1767	 8.6230468750e-001	 5.02134e-003
1768	 8.6279296875e-001	 3.02743e-003
1769	 8.6328125000e-001	-3.54536e-004
1770	 8.6376953125e-001	-4.10861e-003
1771	 8.6425781250e-001	-8.47002e-003
1772	 8.6474609375e-001	-1.21979e-002
1773	 8.6523437500e-001	-1.48911e-002
1774	 8.6572265625e-001	-1.64212e-002
1775	 8.6621093750e-001	-1.58692e-002
1776	 8.6669921875e-001	-1.35460e-002
1777	 8.6718750000e-001	-9.29442e-003
1778	 8.6767578125e-001	-3.66330e-003
1779	 8.6816406250e-001	 2.23642e-003
1780	 8.6865234375e-001	 7.80671e-003
1781	 8.6914062500e-001	 1.20130e-002
1782	 8.6962890625e-001	 1.43354e-002
1783	 8.7011718750e-001	 1.53691e-002
1784	 8.7060546875e-001	 1.50543e-002
1785	 8.7109375000e-001	 1.40668e-002
1786	 8.7158203125e-001	 1.27293e-002
1787	 8.7207031250e-001	 1.09209e-002
1788	 8.7255859375e-001	 9.73801e-003
1789	 8.7304687500e-001	 8.10403e-003
1790	 8.7353515625e-001	 5.96591e-003
1791	 8.7402343750e-001	 3.41700e-003
1792	 8.7451171875e-001	-5.63773e-004
1793	 8.7500000000e-001	-4.06818e-003
1794	 8.7548828125e-001	-7.08771e-003
1795	 8.7597656250e-001	-1.00588e-002
1796	 8.7646484375e-001	-1.11507e-002
1797	 8.7695312500e-001	-1.08446e-002
1798	 8.7744140625e-001	-8.48957e-003
1799	 8.7792968750e-001	-4.55717e-003
1800	 8.7841796875e-001	-1.01495e-004
1801	 8.7890625000e-001	 3.91332e-003
1802	 8.7939453125e-001	 7.23538e-003
1803	 8.7988281250e-001	 1.00953e-002
1804	 8.8037109375e-001	 1.12669e-002
1805	 8.8085937500e-001	 1.05374e-002
1806	 8.8134765625e-001	 8.27484e-003
1807	 8.8183593750e-001	 5.20362e-003
1808	 8.8232421875e-001	 1.24508e-003
1809	 8.8281250000e-001	-2.48886e-003
1810	 8.8330078125e-001	-5.31496e-003
1811	 8.8378906250e-001	-6.86691e-003
1812	 8.8427734375e-001	-7.69746e-003
1813	 8.8476562500e-001	-8.24899e-003
1814	 8.8525390625e-001	-8.24858e-003
1815	 8.8574218750e-001	-8.71902e-003
1816	 8.8623046875e-001	-8.55283e-003
1817	 8.8671875000e-001	-8.56712e-003
1818	 8.8720703125e-001	-8.34978e-003
1819	 8.8769531250e-001	-6.86483e-003
1820	 8.8818359375e-001	-4.46993e-003
1821	 8.8867187500e-001	-5.23004e-004
1822	 8.8916015625e-001	 3.62471e-003
1823	 8.8964843750e-001	 7.70002e-003
1824	 8.9013671875e-001	 1.13775e-002
1825	 8.9062500000e-001	 1.38471e-002
1826	 8.9111328125e-001	 1.37395e-002
1827	 8.9160156250e-001	 1.10465e-002
1828	 8.9208984375e-001	 7.30117e-003
1829	 8.9257812500e-001	 2.85699e-003
1830	 8.9306640625e-001	-2.67591e-003
1831	 8.9355468750e-001	-7.63327e-003
1832	 8.9404296875e-001	-1.03991e-002
1833	 8.9453125000e-001	-1.25550e-002
1834	 8.9501953125e-001	-1.36683e-002
1835	 8.9550781250e-001	-1.33948e-002
1836	 8.9599609375e-001	-1.21534e-002
1837	 8.9648437500e-001	-1.05081e-002
1838	 8.9697265625e-001	-8.37066e-003
1839	 8.9746093750e-001	-6.44091e-003
1840	 8.9794921875e-001	-4.48481e-003
1841	 8.9843750000e-001	-1.85633e-003
1842	 8.9892578125e-001	 6.98198e-004
1843	 8.9941406250e-001	 3.68381e-003
1844	 8.9990234375e-001	 6.87014e-003
1845	 9.0039062500e-001	 1.02522e-002
1846	 9.0087890625e-001	 1.34352e-002
1847	 9.0136718750e-001	 1.53106e-002
1848	 9.0185546875e-001	 1.61833e-002
1849	 9.0234375000e-001	 1.47802e-002
1850	 9.0283203125e-001	 1.15380e-002
1851	 9.0332031250e-001	 7.28986e-003
1852	 9.0380859375e-001	 2.06303e-003
1853	 9.0429687500e-001	-2.46584e-003
1854	 9.0478515625e-001	-5.75700e-003
1855	 9.0527343750e-001	-7.63953e-003
1856	 9.0576171875e-001	-7.66601e-003
1857	 9.0625000000e-001	-6.05258e-003
1858	 9.0673828125e-001	-3.16880e-003
1859	 9.0722656250e-001	 3.84826e-004
1860	 9.0771484375e-001	 2.46385e-003
1861	 9.0820312500e-001	 4.09071e-003
1862	 9.0869140625e-001	 5.87297e-003
1863	 9.0917968750e-001	 6.28464e-003
1864	 9.0966796875e-001	 6.56397e-003
1865	 9.1015625000e-001	 6.49058e-003
1866	 9.1064453125e-001	 6.53045e-003
1867	 9.1113281250e-001	 6.66187e-003
1868	 9.1162109375e-001	 6.22432e-003
1869	 9.1210937500e-001	 5.09357e-003
1870	 9.1259765625e-001	 2.91671e-003
1871	 9.1308593750e-001	-2.13187e-004
1872	 9.1357421875e-001	-4.17647e-003
1873	 9.1406250000e-001	-8.23853e-003
1874	 9.1455078125e-001	-1.27675e-002
1875	 9.1503906250e-001	-1.66469e-002
1876	 9.1552734375e-001	-1.92753e-002
1877	 9.1601562500e-001	-2.02135e-002
1878	 9.1650390625e-001	-1.88447e-002
1879	 9.1699218750e-001	-1.52695e-002
1880	 9.1748046875e-001	-1.00184e-002
1881	 9.1796875000e-001	-4.52261e-003
1882	 9.1845703125e-001	 1.02830e-003
1883	 9.1894531250e-001	 5.32399e-003
1884	 9.1943359375e-001	 8.08875e-003
1885	 9.1992187500e-001	 9.77835e-003
1886	 9.2041015625e-001	 9.65078e-003
1887	 9.2089843750e-001	 8.73088e-003
1888	 9.2138671875e-001	 7.46093e-003
1889	 9.2187500000e-001	 5.71740e-003
1890	 9.2236328125e-001	 4.39974e-003
1891	 9.2285156250e-001	 3.41084e-003
1892	 9.2333984375e-001	 1.89725e-003
1893	 9.2382812500e-001	-3.16976e-004
1894	 9.2431640625e-001	-3.51535e-003
1895	 9.2480468750e-001	-6.87793e-003
1896	 9.2529296875e-001	-9.58821e-003
1897	 9.2578125000e-001	-1.26912e-002
1898	 9.2626953125e-001	-1.38500e-002
1899	 9.2675781250e-001	-1.31155e-002
1900	 9.2724609375e-001	-1.12414e-002
1901	 9.2773437500e-001	-7.44279e-003
1902	 9.2822265625e-001	-3.02792e-003
1903	 9.2871093750e-001	 1.96105e-003
1904	 9.2919921875e-001	 6.45545e-003
1905	 9.2968750000e-001	 9.91755e-003
1906	 9.3017578125e-001	 1.23373e-002
1907	 9.3066406250e-001	 1.26456e-002
1908	 9.3115234375e-001	 1.11586e-002
1909	 9.3164062500e-001	 8.43048e-003
1910	 9.3212890625e-001	 5.27646e-003
1911	 9.3261718750e-001	 2.35910e-003
1912	 9.3310546875e-001	-6.34361e-004
1913	 9.3359375000e-001	-2.56575e-003
1914	 9.3408203125e-001	-3.36325e-003
1915	 9.3457031250e-001	-4.32202e-003
1916	 9.3505859375e-001	-4.20825e-003
1917	 9.3554687500e-001	-4.09090e-003
1918	 9.3603515625e-001	-4.38737e-003
1919	 9.3652343750e-001	-4.23319e-003
1920	 9.3701171875e-001	-3.84210e-003
1921	 9.3750000000e-001	-2.68946e-003
1922	 9.3798828125e-001	-3.63153e-004
1923	 9.3847656250e-001	 3.04664e-003
1924	 9.3896484375e-001	 6.78729e-003
1925	 9.3945312500e-001	 1.10260e-002
1926	 9.3994140625e-001	 1.48980e-002
1927	 9.4042968750e-001	 1.70160e-002
1928	 9.4091796875e-001	 1.66204e-002
1929	 9.4140625000e-001	 1.45844e-002
1930	 9.4189453125e-001	 1.16974e-002
1931	 9.4238281250e-001	 6.93071e-003
1932	 9.4287109375e-001	 1.33700e-003
1933	 9.4335937500e-001	-4.21768e-003
1934	 9.4384765625e-001	-8.51777e-003
1935	 9.4433593750e-001	-1.11126e-002
1936	 9.4482421875e-001	-1.30769e-002
1937	 9.4531250000e-001	-1.36739e-002
1938	 9.4580078125e-001	-1.37577e-002
1939	 9.4628906250e-001	-1.30640e-002
1940	 9.4677734375e-001	-1.19454e-002
1941	 9.4726562500e-001	-1.02097e-002
1942	 9.4775390625e-001	-7.85274e-003
1943	 9.4824218750e-001	-6.09637e-003
1944	 9.4873046875e-001	-3.77784e-003
1945	 9.4921875000e-001	-1.44503e-003
1946	 9.4970703125e-001	 1.68629e-003
1947	 9.5019531250e-001	 5.21264e-003
1948	 9.5068359375e-001	 8.24762e-003
1949	 9.5117187500e-001	 1.06207e-002
1950	 9.5166015625e-001	 1.12444e-002
1951	 9.5214843750e-001	 1.07620e-002
1952	 9.5263671875e-001	 8.04740e-003
1953	 9.5312500000e-001	 3.62529e-003
1954	 9.5361328125e-001	-9.66974e-004
1955	 9.5410156250e-001	-5.24581e-003
1956	 9.5458984375e-001	-8.97579e-003
1957	 9.5507812500e-001	-1.11386e-002
1958	 9.5556640625e-001	-1.12818e-002
1959	 9.5605468750e-001	-1.03451e-002
1960	 9.5654296875e-001	-7.87978e-003
1961	 9.5703125000e-001	-4.45752e-003
1962	 9.5751953125e-001	-1.58313e-003
1963	 9.5800781250e-001	 5.84949e-004
1964	 9.5849609375e-001	 2.90629e-003
1965	 9.5898437500e-001	 4.53983e-003
1966	 9.5947265625e-001	 5.18196e-003
1967	 9.5996093750e-001	 6.04540e-003
1968	 9.6044921875e-001	 6.45135e-003
1969	 9.6093750000e-001	 6.70033e-003
1970	 9.6142578125e-001	 6.92975e-003
1971	 9.6191406250e-001	 5.99748e-003
1972	 9.6240234375e-001	 4.54016e-003
1973	 9.6289062500e-001	 2.23779e-003
1974	 9.6337890625e-001	-1.35443e-003
1975	 9.6386718750e-001	-5.34971e-003
1976	 9.6435546875e-001	-9.74941e-003
1977	 9.6484375000e-001	-1.35013e-002
1978	 9.6533203125e-001	-1.60213e-002
1979	 9.6582031250e-001	-1.77187e-002
1980	 9.6630859375e-001	-1.69901e-002
1981	 9.6679687500e-001	-1.40957e-002
1982	 9.6728515625e-001	-9.21339e-003
1983	 9.6777343750e-001	-3.26530e-003
1984	 9.6826171875e-001	 1.87372e-003
1985	 9.6875000000e-001	 6.95082e-003
1986	 9.6923828125e-001	 1.03687e-002
1987	 9.6972656250e-001	 1.26745e-002
1988	 9.7021484375e-001	 1.35750e-002
1989	 9.7070312500e-001	 1.27205e-002
1990	 9.7119140625e-001	 1.14934e-002
1991	 9.7167968750e-001	 9.89304e-003
1992	 9.7216796875e-001	 8.39313e-003
1993	 9.7265625000e-001	 7.03628e-003
1994	 9.7314453125e-001	 5.82461e-003
1995	 9.7363281250e-001	 3.31579e-003
1996	 9.7412109375e-001	 3.14174e-004
1997	 9.7460937500e-001	-3.22730e-003
1998	 9.7509765625e-001	-6.49938e-003
1999	 9.7558593750e-001	-9.26446e-003
2000	 9.7607421875e-001	-1.15118e-002
2001	 9.7656250000e-001	-1.20205e-002
2002	 9.7705078125e-001	-1.11441e-002
2003	 9.7753906250e-001	-8.04743e-003
2004	 9.7802734375e-001	-4.10056e-003
2005	 9.7851562500e-001	 4.95309e-004
2006	 9.7900390625e-001	 5.19510e-003
2007	 9.7949218750e-001	 8.73374e-003
2008	 9.7998046875e-001	 1.12632e-002
2009	 9.8046875000e-001	 1.20198e-002
2010	 9.8095703125e-001	 1.13837e-002
2011	 9.8144531250e-001	 9.00164e-003
2012	 9.8193359375e-001	 5.86743e-003
2013	 9.8242187500e-001	 2.32331e-003
2014	 9.8291015625e-001	-1.32815e-003
2015	 9.8339843750e-001	-3.37848e-003
2016	 9.8388671875e-001	-4.88627e-003
2017	 9.8437500000e-001	-5.64887e-003
2018	 9.8486328125e-001	-6.05715e-003
2019	 9.8535156250e-001	-6.48290e-003
2020	 9.8583984375e-001	-6.97976e-003
2021	 9.8632812500e-001	-6.96601e-003
2022	 9.8681640625e-001	-6.58989e-003
2023	 9.8730468750e-001	-6.16234e-003
2024	 9.8779296875e-001	-4.67455e-003
2025	 9.8828125000e-001	-1.78281e-003
2026	 9.8876953125e-001	 2.17467e-003
2027	 9.8925781250e-001	 6.42150e-003
2028	 9.8974609375e-001	 1.03419e-002
2029	 9.9023437500e-001	 1.33543e-002
2030	 9.9072265625e-001	 1.45060e-002
2031	 9.9121093750e-001	 1.33169e-002
2032	 9.9169921875e-001	 1.07250e-002
2033	 9.9218750000e-001	 6.35965e-003
2034	 9.9267578125e-001	 7.69846e-004
2035	 9.9316406250e-001	-4.70339e-003
2036	 9.9365234375e-001	-9.39268e-003
2037	 9.9414062500e-001	-1.27050e-002
2038	 9.9462890625e-001	-1.49304e-002
2039	 9.9511718750e-001	-1.55758e-002
2040	 9.9560546875e-001	-1.56557e-002
2041	 9.9609375000e-001	-1.50110e-002
2042	 9.9658203125e-001	-1.37022e-002
2043	 9.9707031250e-001	-1.22058e-002
2044	 9.9755859375e-001	-1.02457e-002
2045	 9.9804687500e-001	-7.93019e-003
2046	 9.9853515625e-001	-5.64574e-003
2047	 9.9902343750e-001	-3.52024e-003
2048	 9.9951171875e-001	-2.13986e-004
TagsBegin:	 	 
OverLoad:	 	False
OverLoadRatio: []	 	 0.00000e+000
TagsEnd:	 	 
TagScalesBegin:	 	 
TagScalesEnd:	 	 



