Header Size:	 79	 
Pulse Version:	 80	 
Running Pulse Version:	PULSE LabShop  Version 21.0.0.671 - 2017-10-20	 
Decimal Symbol:	.	 
Date Format:	yyyy-MM-dd	 
Time Format:	HH:mm:ss:mmm	 
Data Type:	Real	 
Slice:	False	 
Z-Axis type:	Linear	 
Z-Axis size:	1	 
Z-Axis unit:	 	 
Z-Axis first value:	 0.0000000000e+000	 
Z-Axis delta:	 1.0000000000e+000	 
X-Axis type:	Linear	 
X-Axis size:	801	 
X-Axis unit:	Hz	 
X-Axis first value:	 0.0000000000e+000	 
X-Axis delta:	 1.0000000000e+000	 
	 	 
AmplitudeUnit:	m/s^2	 
Analyzer:	FFT_Spectrum_Averaging	 
AnalyzerName:	FFT	 
	 	 
	 	 
Bipolar:	False	 
CenterFrequency:	 4.0000000000e+002	 
	 	 
	 	 
	 	 
	 	 
	 	 
	 	 
	 	 
	 	 
Domain:	1	 
Function:	Autospectrum	 
	 	 
InputRange:	 1.0000000000e+002	 
	 	 
	 	 
MultiBufferName:	Input	 
NBW:	 1.5000000000e+000	 
	 	 
OverlapFailed:	False	 
Overrun:	False	 
Power:	True	 
PowerUnit:	(m/s^2)^2	 
	 	 
RecordLength:	 1.0000000000e+000	 
ReducedSize:	True	 
	 	 
	 	 
	 	 
	 	 
	 	 
SamplingRatio:	 2.5600000000e+000	 
Signal:	Acc_1_x	 
	 	 
SignalUnit:	m/s^2	 
	 	 
	 	 
	 	 
Title:	Autospectrum(Acc_1_x)	 
Title1:	Working : 1mVpp : Input : FFT	 
	 	 
	 	 
Weight:	0	 
ZoomOn:	False	 
	 	 
TemplateName:	Working	 
MeasurementName:	1mVpp	 
MeasurementSlice:	False	 
	 	 
DeltaFrequency:	 1.0000000000e+000	 
	 	 
EnvelopeOn:	False	 
	 	 
	 	 
	 	 
Z-index:	 	1
Date:	 	2025-03-07
Time:	 	17:02:05:603
Relative time:	 	 0.00000e+000
Z-axis:	 	 0.0000000000e+000
1	 0.0000000000e+000	 3.88788e-007
2	 1.0000000000e+000	 5.10895e-007
3	 2.0000000000e+000	 1.55165e-007
4	 3.0000000000e+000	 1.00862e-007
5	 4.0000000000e+000	 1.01557e-007
6	 5.0000000000e+000	 9.50004e-008
7	 6.0000000000e+000	 4.85317e-008
8	 7.0000000000e+000	 6.74470e-008
9	 8.0000000000e+000	 1.57557e-008
10	 9.0000000000e+000	 1.98187e-007
11	 1.0000000000e+001	 3.48223e-007
12	 1.1000000000e+001	 7.02015e-008
13	 1.2000000000e+001	 1.85215e-008
14	 1.3000000000e+001	 1.03717e-008
15	 1.4000000000e+001	 9.95433e-009
16	 1.5000000000e+001	 1.78396e-008
17	 1.6000000000e+001	 1.05331e-008
18	 1.7000000000e+001	 1.30445e-008
19	 1.8000000000e+001	 2.43127e-008
20	 1.9000000000e+001	 2.53216e-008
21	 2.0000000000e+001	 2.12424e-008
22	 2.1000000000e+001	 9.32571e-009
23	 2.2000000000e+001	 5.68710e-009
24	 2.3000000000e+001	 7.95066e-009
25	 2.4000000000e+001	 3.90920e-009
26	 2.5000000000e+001	 7.62925e-009
27	 2.6000000000e+001	 1.27099e-008
28	 2.7000000000e+001	 1.69544e-008
29	 2.8000000000e+001	 1.93455e-008
30	 2.9000000000e+001	 7.59148e-009
31	 3.0000000000e+001	 7.52750e-009
32	 3.1000000000e+001	 7.20143e-009
33	 3.2000000000e+001	 2.64513e-009
34	 3.3000000000e+001	 7.11535e-009
35	 3.4000000000e+001	 3.91471e-009
36	 3.5000000000e+001	 1.79638e-009
37	 3.6000000000e+001	 3.44763e-009
38	 3.7000000000e+001	 2.28005e-008
39	 3.8000000000e+001	 6.32455e-008
40	 3.9000000000e+001	 4.89659e-008
41	 4.0000000000e+001	 6.00132e-009
42	 4.1000000000e+001	 8.19722e-009
43	 4.2000000000e+001	 2.45978e-009
44	 4.3000000000e+001	 2.29639e-008
45	 4.4000000000e+001	 1.45189e-008
46	 4.5000000000e+001	 4.92832e-009
47	 4.6000000000e+001	 7.76448e-009
48	 4.7000000000e+001	 1.08976e-008
49	 4.8000000000e+001	 1.35388e-008
50	 4.9000000000e+001	 7.38975e-009
51	 5.0000000000e+001	 5.10969e-009
52	 5.1000000000e+001	 8.50568e-009
53	 5.2000000000e+001	 7.78990e-009
54	 5.3000000000e+001	 3.89665e-009
55	 5.4000000000e+001	 6.94980e-009
56	 5.5000000000e+001	 6.18177e-009
57	 5.6000000000e+001	 6.89199e-009
58	 5.7000000000e+001	 7.47651e-009
59	 5.8000000000e+001	 5.23277e-009
60	 5.9000000000e+001	 6.43020e-007
61	 6.0000000000e+001	 2.50135e-006
62	 6.1000000000e+001	 6.38042e-007
63	 6.2000000000e+001	 4.51372e-009
64	 6.3000000000e+001	 3.77726e-009
65	 6.4000000000e+001	 5.47322e-009
66	 6.5000000000e+001	 4.32871e-009
67	 6.6000000000e+001	 1.26189e-009
68	 6.7000000000e+001	 8.21423e-010
69	 6.8000000000e+001	 1.36198e-009
70	 6.9000000000e+001	 3.11209e-010
71	 7.0000000000e+001	 2.81748e-009
72	 7.1000000000e+001	 2.38734e-009
73	 7.2000000000e+001	 3.64294e-009
74	 7.3000000000e+001	 3.95116e-009
75	 7.4000000000e+001	 2.59693e-009
76	 7.5000000000e+001	 1.56139e-009
77	 7.6000000000e+001	 2.56646e-009
78	 7.7000000000e+001	 1.76583e-009
79	 7.8000000000e+001	 4.77356e-009
80	 7.9000000000e+001	 4.63027e-009
81	 8.0000000000e+001	 2.99789e-009
82	 8.1000000000e+001	 4.35696e-009
83	 8.2000000000e+001	 3.47357e-009
84	 8.3000000000e+001	 2.71479e-009
85	 8.4000000000e+001	 1.50437e-009
86	 8.5000000000e+001	 9.42635e-010
87	 8.6000000000e+001	 1.40505e-009
88	 8.7000000000e+001	 1.27659e-009
89	 8.8000000000e+001	 4.73044e-009
90	 8.9000000000e+001	 4.98644e-009
91	 9.0000000000e+001	 3.45597e-009
92	 9.1000000000e+001	 4.35475e-009
93	 9.2000000000e+001	 2.43024e-009
94	 9.3000000000e+001	 2.91686e-009
95	 9.4000000000e+001	 1.46469e-009
96	 9.5000000000e+001	 1.00458e-009
97	 9.6000000000e+001	 1.00602e-009
98	 9.7000000000e+001	 2.35547e-009
99	 9.8000000000e+001	 5.93651e-010
100	 9.9000000000e+001	 3.60389e-008
101	 1.0000000000e+002	 1.49760e-007
102	 1.0100000000e+002	 3.58721e-008
103	 1.0200000000e+002	 1.57466e-009
104	 1.0300000000e+002	 1.57354e-009
105	 1.0400000000e+002	 1.31539e-009
106	 1.0500000000e+002	 2.62720e-009
107	 1.0600000000e+002	 8.58489e-010
108	 1.0700000000e+002	 8.48359e-010
109	 1.0800000000e+002	 6.34314e-010
110	 1.0900000000e+002	 9.29994e-010
111	 1.1000000000e+002	 6.86011e-010
112	 1.1100000000e+002	 2.34949e-009
113	 1.1200000000e+002	 3.25388e-009
114	 1.1300000000e+002	 3.94350e-009
115	 1.1400000000e+002	 1.73259e-009
116	 1.1500000000e+002	 1.11138e-009
117	 1.1600000000e+002	 4.25449e-010
118	 1.1700000000e+002	 1.86944e-009
119	 1.1800000000e+002	 1.34617e-009
120	 1.1900000000e+002	 4.08270e-007
121	 1.2000000000e+002	 1.92707e-006
122	 1.2100000000e+002	 5.98484e-007
123	 1.2200000000e+002	 1.38837e-008
124	 1.2300000000e+002	 3.54872e-009
125	 1.2400000000e+002	 8.51412e-010
126	 1.2500000000e+002	 3.88919e-009
127	 1.2600000000e+002	 8.63818e-009
128	 1.2700000000e+002	 4.99005e-009
129	 1.2800000000e+002	 5.44343e-009
130	 1.2900000000e+002	 7.22915e-009
131	 1.3000000000e+002	 3.35902e-008
132	 1.3100000000e+002	 2.10725e-008
133	 1.3200000000e+002	 6.18035e-009
134	 1.3300000000e+002	 1.51245e-008
135	 1.3400000000e+002	 5.60909e-009
136	 1.3500000000e+002	 1.91343e-009
137	 1.3600000000e+002	 2.42527e-009
138	 1.3700000000e+002	 1.26964e-009
139	 1.3800000000e+002	 3.78797e-009
140	 1.3900000000e+002	 1.89756e-008
141	 1.4000000000e+002	 3.16262e-008
142	 1.4100000000e+002	 8.58321e-009
143	 1.4200000000e+002	 2.86517e-009
144	 1.4300000000e+002	 8.52539e-009
145	 1.4400000000e+002	 1.71023e-008
146	 1.4500000000e+002	 5.50267e-009
147	 1.4600000000e+002	 1.15591e-009
148	 1.4700000000e+002	 4.40397e-009
149	 1.4800000000e+002	 6.09414e-009
150	 1.4900000000e+002	 6.79641e-009
151	 1.5000000000e+002	 7.43181e-009
152	 1.5100000000e+002	 3.45276e-009
153	 1.5200000000e+002	 2.95129e-009
154	 1.5300000000e+002	 3.84869e-009
155	 1.5400000000e+002	 1.74985e-009
156	 1.5500000000e+002	 4.53417e-009
157	 1.5600000000e+002	 1.26992e-008
158	 1.5700000000e+002	 1.24210e-007
159	 1.5800000000e+002	 2.00164e-007
160	 1.5900000000e+002	 6.17234e-008
161	 1.6000000000e+002	 1.57204e-008
162	 1.6100000000e+002	 5.57515e-009
163	 1.6200000000e+002	 1.73303e-008
164	 1.6300000000e+002	 3.98021e-008
165	 1.6400000000e+002	 2.42595e-008
166	 1.6500000000e+002	 6.12779e-009
167	 1.6600000000e+002	 2.40638e-008
168	 1.6700000000e+002	 1.27010e-008
169	 1.6800000000e+002	 8.56939e-009
170	 1.6900000000e+002	 2.69384e-008
171	 1.7000000000e+002	 3.63283e-008
172	 1.7100000000e+002	 4.82834e-008
173	 1.7200000000e+002	 3.13314e-008
174	 1.7300000000e+002	 1.04324e-008
175	 1.7400000000e+002	 3.01943e-008
176	 1.7500000000e+002	 3.03717e-008
177	 1.7600000000e+002	 2.37931e-008
178	 1.7700000000e+002	 5.38059e-008
179	 1.7800000000e+002	 7.37713e-008
180	 1.7900000000e+002	 6.16415e-006
181	 1.8000000000e+002	 2.78058e-005
182	 1.8100000000e+002	 7.95552e-006
183	 1.8200000000e+002	 4.11920e-009
184	 1.8300000000e+002	 3.42462e-009
185	 1.8400000000e+002	 6.15473e-010
186	 1.8500000000e+002	 3.57429e-009
187	 1.8600000000e+002	 6.08842e-010
188	 1.8700000000e+002	 4.55325e-009
189	 1.8800000000e+002	 3.67898e-009
190	 1.8900000000e+002	 2.59161e-008
191	 1.9000000000e+002	 1.08217e-008
192	 1.9100000000e+002	 7.08007e-009
193	 1.9200000000e+002	 1.08367e-008
194	 1.9300000000e+002	 3.25641e-009
195	 1.9400000000e+002	 3.83653e-009
196	 1.9500000000e+002	 1.39288e-008
197	 1.9600000000e+002	 6.40956e-009
198	 1.9700000000e+002	 5.12906e-010
199	 1.9800000000e+002	 2.89312e-009
200	 1.9900000000e+002	 3.72850e-009
201	 2.0000000000e+002	 1.10891e-009
202	 2.0100000000e+002	 4.43274e-010
203	 2.0200000000e+002	 9.80428e-010
204	 2.0300000000e+002	 1.73826e-009
205	 2.0400000000e+002	 1.08118e-009
206	 2.0500000000e+002	 1.48402e-009
207	 2.0600000000e+002	 1.70111e-009
208	 2.0700000000e+002	 7.02675e-009
209	 2.0800000000e+002	 1.20666e-008
210	 2.0900000000e+002	 3.52072e-009
211	 2.1000000000e+002	 6.10810e-009
212	 2.1100000000e+002	 9.04975e-009
213	 2.1200000000e+002	 2.60368e-009
214	 2.1300000000e+002	 2.52288e-008
215	 2.1400000000e+002	 4.06768e-008
216	 2.1500000000e+002	 9.14951e-008
217	 2.1600000000e+002	 4.11911e-008
218	 2.1700000000e+002	 2.64817e-008
219	 2.1800000000e+002	 1.08040e-007
220	 2.1900000000e+002	 2.45634e-007
221	 2.2000000000e+002	 3.77237e-008
222	 2.2100000000e+002	 4.67686e-009
223	 2.2200000000e+002	 3.39542e-009
224	 2.2300000000e+002	 3.65085e-009
225	 2.2400000000e+002	 2.68988e-009
226	 2.2500000000e+002	 7.73878e-010
227	 2.2600000000e+002	 2.11583e-009
228	 2.2700000000e+002	 2.09860e-009
229	 2.2800000000e+002	 3.95677e-009
230	 2.2900000000e+002	 4.93551e-009
231	 2.3000000000e+002	 2.53995e-009
232	 2.3100000000e+002	 3.17030e-009
233	 2.3200000000e+002	 3.85183e-009
234	 2.3300000000e+002	 1.18216e-008
235	 2.3400000000e+002	 1.19947e-008
236	 2.3500000000e+002	 2.70555e-009
237	 2.3600000000e+002	 2.40728e-009
238	 2.3700000000e+002	 1.15886e-008
239	 2.3800000000e+002	 9.60779e-009
240	 2.3900000000e+002	 5.95541e-006
241	 2.4000000000e+002	 3.07053e-005
242	 2.4100000000e+002	 9.84986e-006
243	 2.4200000000e+002	 1.59869e-008
244	 2.4300000000e+002	 1.77796e-009
245	 2.4400000000e+002	 3.21470e-009
246	 2.4500000000e+002	 1.64030e-009
247	 2.4600000000e+002	 7.60693e-010
248	 2.4700000000e+002	 6.35777e-010
249	 2.4800000000e+002	 9.50906e-010
250	 2.4900000000e+002	 8.95156e-010
251	 2.5000000000e+002	 2.60272e-009
252	 2.5100000000e+002	 1.90439e-009
253	 2.5200000000e+002	 2.35394e-009
254	 2.5300000000e+002	 5.90734e-009
255	 2.5400000000e+002	 1.01732e-008
256	 2.5500000000e+002	 1.22373e-008
257	 2.5600000000e+002	 8.77992e-009
258	 2.5700000000e+002	 1.19488e-008
259	 2.5800000000e+002	 1.61602e-008
260	 2.5900000000e+002	 1.66694e-008
261	 2.6000000000e+002	 6.55888e-009
262	 2.6100000000e+002	 1.65460e-009
263	 2.6200000000e+002	 2.25960e-009
264	 2.6300000000e+002	 1.46786e-009
265	 2.6400000000e+002	 2.53320e-009
266	 2.6500000000e+002	 6.15504e-009
267	 2.6600000000e+002	 2.55816e-009
268	 2.6700000000e+002	 2.72408e-009
269	 2.6800000000e+002	 1.18935e-009
270	 2.6900000000e+002	 1.37342e-009
271	 2.7000000000e+002	 1.65107e-009
272	 2.7100000000e+002	 1.00405e-009
273	 2.7200000000e+002	 1.37796e-009
274	 2.7300000000e+002	 1.50425e-009
275	 2.7400000000e+002	 8.43801e-010
276	 2.7500000000e+002	 1.27087e-009
277	 2.7600000000e+002	 4.31692e-010
278	 2.7700000000e+002	 1.31979e-008
279	 2.7800000000e+002	 5.24712e-008
280	 2.7900000000e+002	 3.00086e-008
281	 2.8000000000e+002	 2.90568e-009
282	 2.8100000000e+002	 1.19854e-009
283	 2.8200000000e+002	 4.02759e-010
284	 2.8300000000e+002	 4.43628e-010
285	 2.8400000000e+002	 8.11573e-010
286	 2.8500000000e+002	 3.45504e-009
287	 2.8600000000e+002	 1.24442e-009
288	 2.8700000000e+002	 1.11153e-009
289	 2.8800000000e+002	 1.57082e-009
290	 2.8900000000e+002	 2.87443e-009
291	 2.9000000000e+002	 1.88319e-009
292	 2.9100000000e+002	 1.29311e-009
293	 2.9200000000e+002	 8.59130e-010
294	 2.9300000000e+002	 4.24091e-010
295	 2.9400000000e+002	 2.17362e-010
296	 2.9500000000e+002	 3.21847e-010
297	 2.9600000000e+002	 5.14391e-010
298	 2.9700000000e+002	 5.04824e-010
299	 2.9800000000e+002	 5.13900e-010
300	 2.9900000000e+002	 1.78876e-009
301	 3.0000000000e+002	 6.48590e-009
302	 3.0100000000e+002	 2.32739e-009
303	 3.0200000000e+002	 2.36286e-010
304	 3.0300000000e+002	 5.08570e-010
305	 3.0400000000e+002	 1.19331e-009
306	 3.0500000000e+002	 9.00205e-010
307	 3.0600000000e+002	 9.43860e-010
308	 3.0700000000e+002	 6.30207e-010
309	 3.0800000000e+002	 4.87676e-010
310	 3.0900000000e+002	 4.70819e-010
311	 3.1000000000e+002	 4.12928e-010
312	 3.1100000000e+002	 1.04571e-009
313	 3.1200000000e+002	 1.14892e-009
314	 3.1300000000e+002	 4.96500e-010
315	 3.1400000000e+002	 5.31083e-010
316	 3.1500000000e+002	 6.87131e-010
317	 3.1600000000e+002	 1.95012e-009
318	 3.1700000000e+002	 1.33768e-009
319	 3.1800000000e+002	 2.04008e-010
320	 3.1900000000e+002	 4.09779e-010
321	 3.2000000000e+002	 2.34837e-009
322	 3.2100000000e+002	 1.96721e-009
323	 3.2200000000e+002	 3.15271e-010
324	 3.2300000000e+002	 8.39735e-010
325	 3.2400000000e+002	 1.41103e-009
326	 3.2500000000e+002	 1.78717e-009
327	 3.2600000000e+002	 9.35928e-010
328	 3.2700000000e+002	 1.24552e-009
329	 3.2800000000e+002	 2.84342e-010
330	 3.2900000000e+002	 5.80190e-010
331	 3.3000000000e+002	 9.51386e-010
332	 3.3100000000e+002	 1.49743e-009
333	 3.3200000000e+002	 8.46384e-010
334	 3.3300000000e+002	 6.76255e-010
335	 3.3400000000e+002	 5.95353e-010
336	 3.3500000000e+002	 4.70683e-010
337	 3.3600000000e+002	 2.60526e-010
338	 3.3700000000e+002	 1.24432e-009
339	 3.3800000000e+002	 2.09570e-009
340	 3.3900000000e+002	 3.00812e-009
341	 3.4000000000e+002	 1.35211e-009
342	 3.4100000000e+002	 1.45393e-009
343	 3.4200000000e+002	 1.78114e-009
344	 3.4300000000e+002	 7.23300e-009
345	 3.4400000000e+002	 2.70417e-008
346	 3.4500000000e+002	 8.69079e-009
347	 3.4600000000e+002	 6.24455e-010
348	 3.4700000000e+002	 5.97830e-010
349	 3.4800000000e+002	 4.39505e-010
350	 3.4900000000e+002	 6.59922e-010
351	 3.5000000000e+002	 8.33731e-010
352	 3.5100000000e+002	 1.20865e-009
353	 3.5200000000e+002	 1.25594e-009
354	 3.5300000000e+002	 1.17964e-009
355	 3.5400000000e+002	 9.52027e-010
356	 3.5500000000e+002	 3.70138e-010
357	 3.5600000000e+002	 3.84738e-010
358	 3.5700000000e+002	 5.05198e-010
359	 3.5800000000e+002	 4.23976e-010
360	 3.5900000000e+002	 1.10361e-008
361	 3.6000000000e+002	 7.92505e-008
362	 3.6100000000e+002	 3.64754e-008
363	 3.6200000000e+002	 4.32951e-010
364	 3.6300000000e+002	 5.15958e-010
365	 3.6400000000e+002	 4.17826e-010
366	 3.6500000000e+002	 3.22719e-010
367	 3.6600000000e+002	 3.79396e-010
368	 3.6700000000e+002	 9.36090e-010
369	 3.6800000000e+002	 1.49047e-009
370	 3.6900000000e+002	 1.30210e-009
371	 3.7000000000e+002	 8.02827e-010
372	 3.7100000000e+002	 1.37485e-010
373	 3.7200000000e+002	 5.41303e-010
374	 3.7300000000e+002	 2.16356e-010
375	 3.7400000000e+002	 2.60496e-010
376	 3.7500000000e+002	 5.00634e-010
377	 3.7600000000e+002	 5.13136e-010
378	 3.7700000000e+002	 2.66419e-010
379	 3.7800000000e+002	 3.22349e-010
380	 3.7900000000e+002	 4.18903e-010
381	 3.8000000000e+002	 1.03559e-009
382	 3.8100000000e+002	 5.72367e-010
383	 3.8200000000e+002	 4.35954e-010
384	 3.8300000000e+002	 5.73865e-010
385	 3.8400000000e+002	 5.45708e-010
386	 3.8500000000e+002	 8.17699e-010
387	 3.8600000000e+002	 1.70595e-009
388	 3.8700000000e+002	 1.83418e-009
389	 3.8800000000e+002	 1.55757e-009
390	 3.8900000000e+002	 1.19191e-009
391	 3.9000000000e+002	 5.97751e-010
392	 3.9100000000e+002	 2.00654e-010
393	 3.9200000000e+002	 2.80138e-010
394	 3.9300000000e+002	 3.59288e-010
395	 3.9400000000e+002	 5.68284e-010
396	 3.9500000000e+002	 7.09595e-010
397	 3.9600000000e+002	 3.70559e-010
398	 3.9700000000e+002	 9.83772e-010
399	 3.9800000000e+002	 8.67043e-010
400	 3.9900000000e+002	 9.18542e-009
401	 4.0000000000e+002	 4.40143e-009
402	 4.0100000000e+002	 1.82200e-009
403	 4.0200000000e+002	 1.41303e-009
404	 4.0300000000e+002	 1.47931e-009
405	 4.0400000000e+002	 1.92941e-009
406	 4.0500000000e+002	 1.60502e-009
407	 4.0600000000e+002	 4.13957e-010
408	 4.0700000000e+002	 6.08508e-011
409	 4.0800000000e+002	 9.89824e-011
410	 4.0900000000e+002	 3.15817e-009
411	 4.1000000000e+002	 9.15163e-009
412	 4.1100000000e+002	 1.86586e-009
413	 4.1200000000e+002	 4.27407e-010
414	 4.1300000000e+002	 1.02889e-010
415	 4.1400000000e+002	 2.64977e-010
416	 4.1500000000e+002	 5.97784e-010
417	 4.1600000000e+002	 9.66811e-010
418	 4.1700000000e+002	 9.73572e-010
419	 4.1800000000e+002	 5.49368e-010
420	 4.1900000000e+002	 8.45279e-010
421	 4.2000000000e+002	 2.16516e-009
422	 4.2100000000e+002	 1.01002e-009
423	 4.2200000000e+002	 5.18488e-010
424	 4.2300000000e+002	 7.49541e-010
425	 4.2400000000e+002	 7.13094e-010
426	 4.2500000000e+002	 5.74789e-010
427	 4.2600000000e+002	 2.55651e-009
428	 4.2700000000e+002	 4.96125e-009
429	 4.2800000000e+002	 3.12467e-009
430	 4.2900000000e+002	 4.33349e-009
431	 4.3000000000e+002	 4.05278e-009
432	 4.3100000000e+002	 1.50292e-009
433	 4.3200000000e+002	 9.18430e-010
434	 4.3300000000e+002	 5.18775e-010
435	 4.3400000000e+002	 5.71631e-010
436	 4.3500000000e+002	 1.24541e-009
437	 4.3600000000e+002	 6.51775e-010
438	 4.3700000000e+002	 6.06506e-010
439	 4.3800000000e+002	 6.84444e-010
440	 4.3900000000e+002	 1.53280e-009
441	 4.4000000000e+002	 9.48973e-010
442	 4.4100000000e+002	 7.01148e-010
443	 4.4200000000e+002	 7.12480e-010
444	 4.4300000000e+002	 4.05492e-010
445	 4.4400000000e+002	 1.99692e-010
446	 4.4500000000e+002	 3.36612e-010
447	 4.4600000000e+002	 6.94373e-010
448	 4.4700000000e+002	 6.21258e-010
449	 4.4800000000e+002	 3.57621e-009
450	 4.4900000000e+002	 1.46836e-009
451	 4.5000000000e+002	 5.89019e-010
452	 4.5100000000e+002	 5.35261e-010
453	 4.5200000000e+002	 6.56462e-010
454	 4.5300000000e+002	 3.36618e-010
455	 4.5400000000e+002	 2.00735e-010
456	 4.5500000000e+002	 1.71210e-010
457	 4.5600000000e+002	 1.99146e-010
458	 4.5700000000e+002	 4.84099e-010
459	 4.5800000000e+002	 3.92549e-010
460	 4.5900000000e+002	 3.13873e-010
461	 4.6000000000e+002	 2.26549e-010
462	 4.6100000000e+002	 3.69527e-010
463	 4.6200000000e+002	 2.25462e-010
464	 4.6300000000e+002	 2.53839e-010
465	 4.6400000000e+002	 1.13656e-009
466	 4.6500000000e+002	 1.21299e-009
467	 4.6600000000e+002	 3.38161e-010
468	 4.6700000000e+002	 4.04707e-010
469	 4.6800000000e+002	 8.04692e-010
470	 4.6900000000e+002	 2.70712e-010
471	 4.7000000000e+002	 3.82270e-010
472	 4.7100000000e+002	 1.03564e-009
473	 4.7200000000e+002	 9.16115e-010
474	 4.7300000000e+002	 6.86673e-010
475	 4.7400000000e+002	 7.85511e-010
476	 4.7500000000e+002	 7.38888e-010
477	 4.7600000000e+002	 6.25283e-010
478	 4.7700000000e+002	 4.31142e-010
479	 4.7800000000e+002	 2.42443e-010
480	 4.7900000000e+002	 1.39723e-008
481	 4.8000000000e+002	 9.80157e-008
482	 4.8100000000e+002	 4.21376e-008
483	 4.8200000000e+002	 5.25817e-010
484	 4.8300000000e+002	 3.14663e-010
485	 4.8400000000e+002	 1.72854e-010
486	 4.8500000000e+002	 2.35903e-010
487	 4.8600000000e+002	 5.44870e-010
488	 4.8700000000e+002	 4.44021e-010
489	 4.8800000000e+002	 4.13936e-010
490	 4.8900000000e+002	 3.46619e-010
491	 4.9000000000e+002	 2.77971e-010
492	 4.9100000000e+002	 3.93184e-010
493	 4.9200000000e+002	 7.01443e-010
494	 4.9300000000e+002	 8.04664e-010
495	 4.9400000000e+002	 4.08786e-010
496	 4.9500000000e+002	 1.66204e-010
497	 4.9600000000e+002	 2.47968e-010
498	 4.9700000000e+002	 1.14875e-010
499	 4.9800000000e+002	 5.07478e-010
500	 4.9900000000e+002	 1.04945e-009
501	 5.0000000000e+002	 6.19802e-010
502	 5.0100000000e+002	 3.46606e-010
503	 5.0200000000e+002	 1.01542e-009
504	 5.0300000000e+002	 1.13212e-009
505	 5.0400000000e+002	 3.71983e-010
506	 5.0500000000e+002	 2.16364e-010
507	 5.0600000000e+002	 2.89549e-010
508	 5.0700000000e+002	 1.47520e-010
509	 5.0800000000e+002	 5.17047e-010
510	 5.0900000000e+002	 4.10571e-010
511	 5.1000000000e+002	 4.53615e-010
512	 5.1100000000e+002	 6.32102e-010
513	 5.1200000000e+002	 9.06227e-010
514	 5.1300000000e+002	 1.17143e-009
515	 5.1400000000e+002	 6.33223e-010
516	 5.1500000000e+002	 5.30077e-010
517	 5.1600000000e+002	 9.41642e-010
518	 5.1700000000e+002	 3.99820e-010
519	 5.1800000000e+002	 7.34615e-010
520	 5.1900000000e+002	 7.29831e-010
521	 5.2000000000e+002	 2.76648e-010
522	 5.2100000000e+002	 2.65967e-010
523	 5.2200000000e+002	 2.62924e-010
524	 5.2300000000e+002	 5.41991e-010
525	 5.2400000000e+002	 4.87277e-010
526	 5.2500000000e+002	 3.14190e-010
527	 5.2600000000e+002	 1.33592e-010
528	 5.2700000000e+002	 7.68381e-010
529	 5.2800000000e+002	 3.53469e-010
530	 5.2900000000e+002	 2.97460e-009
531	 5.3000000000e+002	 1.25301e-008
532	 5.3100000000e+002	 4.14591e-009
533	 5.3200000000e+002	 3.73180e-010
534	 5.3300000000e+002	 7.71659e-010
535	 5.3400000000e+002	 3.87173e-010
536	 5.3500000000e+002	 4.02189e-010
537	 5.3600000000e+002	 5.33208e-010
538	 5.3700000000e+002	 8.49044e-010
539	 5.3800000000e+002	 9.08662e-010
540	 5.3900000000e+002	 5.68750e-010
541	 5.4000000000e+002	 1.16732e-009
542	 5.4100000000e+002	 9.31648e-010
543	 5.4200000000e+002	 2.82286e-010
544	 5.4300000000e+002	 7.66522e-010
545	 5.4400000000e+002	 5.50698e-010
546	 5.4500000000e+002	 9.32338e-010
547	 5.4600000000e+002	 6.42513e-010
548	 5.4700000000e+002	 4.19704e-010
549	 5.4800000000e+002	 1.00293e-009
550	 5.4900000000e+002	 1.36146e-009
551	 5.5000000000e+002	 3.66204e-010
552	 5.5100000000e+002	 2.70942e-010
553	 5.5200000000e+002	 4.27386e-010
554	 5.5300000000e+002	 5.51070e-010
555	 5.5400000000e+002	 4.00932e-010
556	 5.5500000000e+002	 3.57040e-010
557	 5.5600000000e+002	 4.76337e-010
558	 5.5700000000e+002	 2.98005e-010
559	 5.5800000000e+002	 1.95322e-010
560	 5.5900000000e+002	 8.53906e-011
561	 5.6000000000e+002	 3.03486e-010
562	 5.6100000000e+002	 3.42673e-010
563	 5.6200000000e+002	 5.33177e-010
564	 5.6300000000e+002	 5.82859e-010
565	 5.6400000000e+002	 2.01624e-010
566	 5.6500000000e+002	 1.44725e-010
567	 5.6600000000e+002	 1.47354e-010
568	 5.6700000000e+002	 5.34721e-010
569	 5.6800000000e+002	 1.14569e-009
570	 5.6900000000e+002	 1.10177e-009
571	 5.7000000000e+002	 4.11809e-010
572	 5.7100000000e+002	 2.57330e-010
573	 5.7200000000e+002	 1.85115e-010
574	 5.7300000000e+002	 2.05987e-010
575	 5.7400000000e+002	 2.03707e-010
576	 5.7500000000e+002	 2.39013e-010
577	 5.7600000000e+002	 2.36222e-010
578	 5.7700000000e+002	 3.81508e-010
579	 5.7800000000e+002	 2.01863e-010
580	 5.7900000000e+002	 7.54646e-010
581	 5.8000000000e+002	 6.36321e-010
582	 5.8100000000e+002	 2.67149e-010
583	 5.8200000000e+002	 5.85325e-010
584	 5.8300000000e+002	 6.95198e-010
585	 5.8400000000e+002	 1.16945e-009
586	 5.8500000000e+002	 1.02103e-009
587	 5.8600000000e+002	 4.76844e-010
588	 5.8700000000e+002	 3.45459e-010
589	 5.8800000000e+002	 3.83234e-010
590	 5.8900000000e+002	 8.56147e-011
591	 5.9000000000e+002	 7.55417e-010
592	 5.9100000000e+002	 8.09650e-010
593	 5.9200000000e+002	 5.32880e-010
594	 5.9300000000e+002	 3.06703e-010
595	 5.9400000000e+002	 4.21160e-010
596	 5.9500000000e+002	 5.20014e-010
597	 5.9600000000e+002	 6.67391e-011
598	 5.9700000000e+002	 5.70145e-010
599	 5.9800000000e+002	 4.70701e-010
600	 5.9900000000e+002	 3.56252e-010
601	 6.0000000000e+002	 2.83600e-009
602	 6.0100000000e+002	 9.42825e-010
603	 6.0200000000e+002	 9.01429e-011
604	 6.0300000000e+002	 6.44656e-010
605	 6.0400000000e+002	 1.13088e-009
606	 6.0500000000e+002	 5.16818e-010
607	 6.0600000000e+002	 3.46553e-010
608	 6.0700000000e+002	 7.22842e-010
609	 6.0800000000e+002	 8.06535e-010
610	 6.0900000000e+002	 2.06884e-010
611	 6.1000000000e+002	 3.44744e-010
612	 6.1100000000e+002	 2.33265e-010
613	 6.1200000000e+002	 2.10176e-010
614	 6.1300000000e+002	 3.57828e-010
615	 6.1400000000e+002	 5.68309e-010
616	 6.1500000000e+002	 4.03253e-010
617	 6.1600000000e+002	 6.94669e-010
618	 6.1700000000e+002	 3.02927e-010
619	 6.1800000000e+002	 4.86422e-010
620	 6.1900000000e+002	 7.30711e-010
621	 6.2000000000e+002	 5.45988e-010
622	 6.2100000000e+002	 3.97159e-010
623	 6.2200000000e+002	 5.96543e-010
624	 6.2300000000e+002	 3.16732e-010
625	 6.2400000000e+002	 1.24893e-010
626	 6.2500000000e+002	 7.83427e-010
627	 6.2600000000e+002	 2.89348e-009
628	 6.2700000000e+002	 3.65844e-009
629	 6.2800000000e+002	 7.72856e-010
630	 6.2900000000e+002	 3.63402e-010
631	 6.3000000000e+002	 3.69078e-010
632	 6.3100000000e+002	 3.36972e-010
633	 6.3200000000e+002	 1.95071e-010
634	 6.3300000000e+002	 2.30416e-010
635	 6.3400000000e+002	 2.61551e-010
636	 6.3500000000e+002	 4.56851e-010
637	 6.3600000000e+002	 3.12347e-010
638	 6.3700000000e+002	 7.68892e-010
639	 6.3800000000e+002	 5.51504e-010
640	 6.3900000000e+002	 4.88707e-010
641	 6.4000000000e+002	 1.04236e-009
642	 6.4100000000e+002	 1.14346e-009
643	 6.4200000000e+002	 8.17872e-010
644	 6.4300000000e+002	 4.45480e-010
645	 6.4400000000e+002	 2.36473e-010
646	 6.4500000000e+002	 2.47288e-009
647	 6.4600000000e+002	 2.26701e-009
648	 6.4700000000e+002	 1.06916e-009
649	 6.4800000000e+002	 5.30772e-010
650	 6.4900000000e+002	 5.73400e-009
651	 6.5000000000e+002	 2.01439e-008
652	 6.5100000000e+002	 1.08892e-008
653	 6.5200000000e+002	 2.86347e-009
654	 6.5300000000e+002	 1.20779e-009
655	 6.5400000000e+002	 3.01195e-010
656	 6.5500000000e+002	 4.61814e-010
657	 6.5600000000e+002	 6.16935e-010
658	 6.5700000000e+002	 3.89266e-010
659	 6.5800000000e+002	 2.08679e-010
660	 6.5900000000e+002	 4.21011e-010
661	 6.6000000000e+002	 4.26175e-009
662	 6.6100000000e+002	 1.92511e-009
663	 6.6200000000e+002	 2.96443e-010
664	 6.6300000000e+002	 1.85367e-010
665	 6.6400000000e+002	 3.21030e-010
666	 6.6500000000e+002	 6.72898e-009
667	 6.6600000000e+002	 4.65853e-009
668	 6.6700000000e+002	 7.52277e-010
669	 6.6800000000e+002	 1.37768e-009
670	 6.6900000000e+002	 3.01799e-010
671	 6.7000000000e+002	 6.91184e-010
672	 6.7100000000e+002	 1.52130e-009
673	 6.7200000000e+002	 3.55125e-010
674	 6.7300000000e+002	 2.80665e-010
675	 6.7400000000e+002	 3.28704e-010
676	 6.7500000000e+002	 1.87189e-010
677	 6.7600000000e+002	 4.07308e-010
678	 6.7700000000e+002	 3.13671e-010
679	 6.7800000000e+002	 5.20635e-010
680	 6.7900000000e+002	 6.21075e-010
681	 6.8000000000e+002	 2.20086e-010
682	 6.8100000000e+002	 4.28834e-010
683	 6.8200000000e+002	 3.51996e-010
684	 6.8300000000e+002	 4.00064e-010
685	 6.8400000000e+002	 1.62641e-010
686	 6.8500000000e+002	 1.58547e-010
687	 6.8600000000e+002	 4.32049e-010
688	 6.8700000000e+002	 2.53969e-009
689	 6.8800000000e+002	 5.18794e-009
690	 6.8900000000e+002	 9.73814e-010
691	 6.9000000000e+002	 9.13905e-010
692	 6.9100000000e+002	 6.52229e-010
693	 6.9200000000e+002	 6.42116e-010
694	 6.9300000000e+002	 5.40682e-010
695	 6.9400000000e+002	 4.09398e-010
696	 6.9500000000e+002	 3.71590e-010
697	 6.9600000000e+002	 8.44799e-011
698	 6.9700000000e+002	 4.59527e-010
699	 6.9800000000e+002	 6.03008e-010
700	 6.9900000000e+002	 3.70721e-010
701	 7.0000000000e+002	 1.48190e-010
702	 7.0100000000e+002	 3.31858e-010
703	 7.0200000000e+002	 2.47738e-010
704	 7.0300000000e+002	 3.24461e-010
705	 7.0400000000e+002	 9.22338e-010
706	 7.0500000000e+002	 7.73984e-010
707	 7.0600000000e+002	 2.16592e-010
708	 7.0700000000e+002	 2.29692e-010
709	 7.0800000000e+002	 3.90426e-010
710	 7.0900000000e+002	 3.33429e-010
711	 7.1000000000e+002	 3.57375e-010
712	 7.1100000000e+002	 2.98930e-010
713	 7.1200000000e+002	 2.54728e-010
714	 7.1300000000e+002	 3.86388e-010
715	 7.1400000000e+002	 3.43389e-010
716	 7.1500000000e+002	 2.10419e-010
717	 7.1600000000e+002	 2.97755e-010
718	 7.1700000000e+002	 5.26467e-010
719	 7.1800000000e+002	 3.62558e-010
720	 7.1900000000e+002	 1.96069e-009
721	 7.2000000000e+002	 2.01629e-008
722	 7.2100000000e+002	 1.30016e-008
723	 7.2200000000e+002	 3.18302e-010
724	 7.2300000000e+002	 1.55483e-010
725	 7.2400000000e+002	 5.46945e-010
726	 7.2500000000e+002	 4.37215e-010
727	 7.2600000000e+002	 1.15433e-010
728	 7.2700000000e+002	 1.30046e-010
729	 7.2800000000e+002	 1.09550e-010
730	 7.2900000000e+002	 3.62825e-010
731	 7.3000000000e+002	 4.27726e-010
732	 7.3100000000e+002	 7.36061e-010
733	 7.3200000000e+002	 2.48626e-010
734	 7.3300000000e+002	 3.02668e-010
735	 7.3400000000e+002	 4.55482e-010
736	 7.3500000000e+002	 6.39312e-011
737	 7.3600000000e+002	 2.51525e-010
738	 7.3700000000e+002	 2.10460e-010
739	 7.3800000000e+002	 4.85006e-010
740	 7.3900000000e+002	 2.89929e-010
741	 7.4000000000e+002	 3.78065e-010
742	 7.4100000000e+002	 5.41923e-010
743	 7.4200000000e+002	 7.45433e-010
744	 7.4300000000e+002	 9.33387e-010
745	 7.4400000000e+002	 8.26642e-010
746	 7.4500000000e+002	 3.29544e-010
747	 7.4600000000e+002	 1.31070e-010
748	 7.4700000000e+002	 1.52327e-010
749	 7.4800000000e+002	 3.32406e-010
750	 7.4900000000e+002	 5.37659e-010
751	 7.5000000000e+002	 1.78403e-010
752	 7.5100000000e+002	 1.23521e-010
753	 7.5200000000e+002	 2.31436e-010
754	 7.5300000000e+002	 4.72480e-011
755	 7.5400000000e+002	 2.43015e-010
756	 7.5500000000e+002	 4.29061e-010
757	 7.5600000000e+002	 3.72871e-010
758	 7.5700000000e+002	 1.56907e-010
759	 7.5800000000e+002	 3.74716e-010
760	 7.5900000000e+002	 2.32560e-010
761	 7.6000000000e+002	 3.05864e-010
762	 7.6100000000e+002	 1.61169e-010
763	 7.6200000000e+002	 2.88633e-010
764	 7.6300000000e+002	 1.74116e-010
765	 7.6400000000e+002	 4.96947e-011
766	 7.6500000000e+002	 1.69588e-010
767	 7.6600000000e+002	 3.31632e-010
768	 7.6700000000e+002	 1.94376e-010
769	 7.6800000000e+002	 6.73679e-011
770	 7.6900000000e+002	 4.37659e-010
771	 7.7000000000e+002	 1.03805e-009
772	 7.7100000000e+002	 4.62811e-010
773	 7.7200000000e+002	 2.39566e-010
774	 7.7300000000e+002	 2.10649e-010
775	 7.7400000000e+002	 8.14899e-010
776	 7.7500000000e+002	 7.66704e-010
777	 7.7600000000e+002	 2.40790e-010
778	 7.7700000000e+002	 4.78116e-011
779	 7.7800000000e+002	 1.65097e-010
780	 7.7900000000e+002	 3.88482e-010
781	 7.8000000000e+002	 1.71223e-010
782	 7.8100000000e+002	 2.00845e-010
783	 7.8200000000e+002	 4.70254e-010
784	 7.8300000000e+002	 5.25024e-010
785	 7.8400000000e+002	 3.36590e-010
786	 7.8500000000e+002	 3.01154e-010
787	 7.8600000000e+002	 7.33644e-011
788	 7.8700000000e+002	 1.79892e-010
789	 7.8800000000e+002	 2.34598e-010
790	 7.8900000000e+002	 4.01915e-010
791	 7.9000000000e+002	 4.49112e-010
792	 7.9100000000e+002	 2.07826e-010
793	 7.9200000000e+002	 8.39941e-011
794	 7.9300000000e+002	 1.38631e-010
795	 7.9400000000e+002	 1.53922e-010
796	 7.9500000000e+002	 5.40297e-011
797	 7.9600000000e+002	 8.78918e-011
798	 7.9700000000e+002	 7.63402e-011
799	 7.9800000000e+002	 1.36100e-010
800	 7.9900000000e+002	 1.60673e-010
801	 8.0000000000e+002	 4.92296e-010
TagsBegin:	 	 
OverLoad:	 	False
AverageNumber: []	 	 2.00000e+000
OverLoadRatio: []	 	 1.19209e-007
TagsEnd:	 	 
TagScalesBegin:	 	 
TagScalesEnd:	 	 



Header Size:	 79	 
Pulse Version:	 80	 
Running Pulse Version:	PULSE LabShop  Version 21.0.0.671 - 2017-10-20	 
Decimal Symbol:	.	 
Date Format:	yyyy-MM-dd	 
Time Format:	HH:mm:ss:mmm	 
Data Type:	Real	 
Slice:	False	 
Z-Axis type:	Linear	 
Z-Axis size:	1	 
Z-Axis unit:	 	 
Z-Axis first value:	 0.0000000000e+000	 
Z-Axis delta:	 1.0000000000e+000	 
X-Axis type:	Linear	 
X-Axis size:	801	 
X-Axis unit:	Hz	 
X-Axis first value:	 0.0000000000e+000	 
X-Axis delta:	 1.0000000000e+000	 
	 	 
AmplitudeUnit:	m/s^2	 
Analyzer:	FFT_Spectrum_Averaging	 
AnalyzerName:	FFT	 
	 	 
	 	 
Bipolar:	False	 
CenterFrequency:	 4.0000000000e+002	 
	 	 
	 	 
	 	 
	 	 
	 	 
	 	 
	 	 
	 	 
Domain:	1	 
Function:	Autospectrum	 
	 	 
InputRange:	 1.0277492292e+002	 
	 	 
	 	 
MultiBufferName:	Input	 
NBW:	 1.5000000000e+000	 
	 	 
OverlapFailed:	False	 
Overrun:	False	 
Power:	True	 
PowerUnit:	(m/s^2)^2	 
	 	 
RecordLength:	 1.0000000000e+000	 
ReducedSize:	True	 
	 	 
	 	 
	 	 
	 	 
	 	 
SamplingRatio:	 2.5600000000e+000	 
Signal:	Acc_1_y	 
	 	 
SignalUnit:	m/s^2	 
	 	 
	 	 
	 	 
Title:	Autospectrum(Acc_1_y)	 
Title1:	Working : 1mVpp : Input : FFT	 
	 	 
	 	 
Weight:	0	 
ZoomOn:	False	 
	 	 
TemplateName:	Working	 
MeasurementName:	1mVpp	 
MeasurementSlice:	False	 
	 	 
DeltaFrequency:	 1.0000000000e+000	 
	 	 
EnvelopeOn:	False	 
	 	 
	 	 
	 	 
Z-index:	 	1
Date:	 	2025-03-07
Time:	 	17:02:05:603
Relative time:	 	 0.00000e+000
Z-axis:	 	 0.0000000000e+000
1	 0.0000000000e+000	 7.44978e-008
2	 1.0000000000e+000	 3.09377e-007
3	 2.0000000000e+000	 2.06757e-007
4	 3.0000000000e+000	 8.82314e-008
5	 4.0000000000e+000	 2.05611e-008
6	 5.0000000000e+000	 1.05399e-007
7	 6.0000000000e+000	 1.30069e-007
8	 7.0000000000e+000	 7.18858e-008
9	 8.0000000000e+000	 2.87808e-008
10	 9.0000000000e+000	 1.71926e-008
11	 1.0000000000e+001	 5.83909e-008
12	 1.1000000000e+001	 1.80166e-008
13	 1.2000000000e+001	 7.37543e-009
14	 1.3000000000e+001	 9.74290e-009
15	 1.4000000000e+001	 3.63777e-008
16	 1.5000000000e+001	 2.42025e-008
17	 1.6000000000e+001	 2.13329e-009
18	 1.7000000000e+001	 5.81568e-009
19	 1.8000000000e+001	 8.63295e-009
20	 1.9000000000e+001	 5.39446e-009
21	 2.0000000000e+001	 1.53450e-009
22	 2.1000000000e+001	 1.74469e-009
23	 2.2000000000e+001	 6.30677e-009
24	 2.3000000000e+001	 6.84110e-009
25	 2.4000000000e+001	 7.65031e-009
26	 2.5000000000e+001	 1.30814e-008
27	 2.6000000000e+001	 5.17195e-009
28	 2.7000000000e+001	 7.27922e-009
29	 2.8000000000e+001	 4.76448e-009
30	 2.9000000000e+001	 3.97760e-008
31	 3.0000000000e+001	 1.39767e-008
32	 3.1000000000e+001	 5.35277e-008
33	 3.2000000000e+001	 2.53432e-008
34	 3.3000000000e+001	 2.32917e-009
35	 3.4000000000e+001	 3.81383e-009
36	 3.5000000000e+001	 1.42733e-008
37	 3.6000000000e+001	 8.66974e-009
38	 3.7000000000e+001	 8.71063e-008
39	 3.8000000000e+001	 1.50411e-007
40	 3.9000000000e+001	 2.55092e-007
41	 4.0000000000e+001	 1.14205e-007
42	 4.1000000000e+001	 6.22936e-009
43	 4.2000000000e+001	 8.55883e-008
44	 4.3000000000e+001	 2.72184e-007
45	 4.4000000000e+001	 8.02195e-008
46	 4.5000000000e+001	 2.66070e-009
47	 4.6000000000e+001	 1.08268e-009
48	 4.7000000000e+001	 1.06419e-009
49	 4.8000000000e+001	 3.26530e-009
50	 4.9000000000e+001	 3.71369e-009
51	 5.0000000000e+001	 3.21872e-009
52	 5.1000000000e+001	 1.64235e-009
53	 5.2000000000e+001	 1.64688e-009
54	 5.3000000000e+001	 2.02886e-009
55	 5.4000000000e+001	 1.44536e-009
56	 5.5000000000e+001	 2.29462e-009
57	 5.6000000000e+001	 3.21647e-009
58	 5.7000000000e+001	 1.31798e-009
59	 5.8000000000e+001	 1.59511e-009
60	 5.9000000000e+001	 1.09041e-006
61	 6.0000000000e+001	 4.34710e-006
62	 6.1000000000e+001	 1.03573e-006
63	 6.2000000000e+001	 1.08308e-009
64	 6.3000000000e+001	 9.44456e-010
65	 6.4000000000e+001	 3.63075e-009
66	 6.5000000000e+001	 2.82361e-009
67	 6.6000000000e+001	 6.05336e-010
68	 6.7000000000e+001	 1.09064e-009
69	 6.8000000000e+001	 2.14526e-009
70	 6.9000000000e+001	 1.41246e-009
71	 7.0000000000e+001	 4.03940e-010
72	 7.1000000000e+001	 3.99261e-009
73	 7.2000000000e+001	 6.84473e-009
74	 7.3000000000e+001	 4.48524e-009
75	 7.4000000000e+001	 6.63980e-009
76	 7.5000000000e+001	 2.56712e-009
77	 7.6000000000e+001	 3.36084e-009
78	 7.7000000000e+001	 5.64027e-009
79	 7.8000000000e+001	 6.95953e-009
80	 7.9000000000e+001	 3.98281e-009
81	 8.0000000000e+001	 2.84778e-009
82	 8.1000000000e+001	 1.52531e-009
83	 8.2000000000e+001	 1.13214e-009
84	 8.3000000000e+001	 3.81550e-009
85	 8.4000000000e+001	 2.59690e-009
86	 8.5000000000e+001	 4.69979e-010
87	 8.6000000000e+001	 2.50703e-010
88	 8.7000000000e+001	 1.39807e-009
89	 8.8000000000e+001	 1.24311e-009
90	 8.9000000000e+001	 2.99860e-010
91	 9.0000000000e+001	 3.08263e-009
92	 9.1000000000e+001	 4.55338e-009
93	 9.2000000000e+001	 1.51709e-009
94	 9.3000000000e+001	 6.91267e-010
95	 9.4000000000e+001	 1.00068e-009
96	 9.5000000000e+001	 4.16146e-009
97	 9.6000000000e+001	 2.22987e-009
98	 9.7000000000e+001	 5.36928e-010
99	 9.8000000000e+001	 7.77186e-010
100	 9.9000000000e+001	 4.68399e-007
101	 1.0000000000e+002	 1.90070e-006
102	 1.0100000000e+002	 4.36393e-007
103	 1.0200000000e+002	 4.96251e-009
104	 1.0300000000e+002	 3.82287e-009
105	 1.0400000000e+002	 1.75735e-009
106	 1.0500000000e+002	 2.20221e-009
107	 1.0600000000e+002	 1.99305e-009
108	 1.0700000000e+002	 1.80356e-009
109	 1.0800000000e+002	 3.56466e-009
110	 1.0900000000e+002	 2.94577e-009
111	 1.1000000000e+002	 1.40073e-009
112	 1.1100000000e+002	 2.20061e-010
113	 1.1200000000e+002	 5.12121e-010
114	 1.1300000000e+002	 1.53536e-009
115	 1.1400000000e+002	 2.98296e-009
116	 1.1500000000e+002	 6.42524e-010
117	 1.1600000000e+002	 1.11226e-009
118	 1.1700000000e+002	 8.71769e-010
119	 1.1800000000e+002	 9.05135e-010
120	 1.1900000000e+002	 1.99602e-007
121	 1.2000000000e+002	 9.42597e-007
122	 1.2100000000e+002	 2.82437e-007
123	 1.2200000000e+002	 4.46702e-010
124	 1.2300000000e+002	 1.49301e-009
125	 1.2400000000e+002	 1.30989e-009
126	 1.2500000000e+002	 5.82348e-010
127	 1.2600000000e+002	 7.45974e-010
128	 1.2700000000e+002	 1.21916e-009
129	 1.2800000000e+002	 1.26183e-009
130	 1.2900000000e+002	 2.18289e-009
131	 1.3000000000e+002	 7.98546e-010
132	 1.3100000000e+002	 1.86522e-009
133	 1.3200000000e+002	 1.04261e-009
134	 1.3300000000e+002	 1.20969e-009
135	 1.3400000000e+002	 1.91908e-009
136	 1.3500000000e+002	 1.10930e-009
137	 1.3600000000e+002	 3.64427e-010
138	 1.3700000000e+002	 7.59109e-010
139	 1.3800000000e+002	 7.40903e-010
140	 1.3900000000e+002	 5.97203e-010
141	 1.4000000000e+002	 1.43297e-010
142	 1.4100000000e+002	 3.94654e-010
143	 1.4200000000e+002	 1.89896e-009
144	 1.4300000000e+002	 9.63654e-010
145	 1.4400000000e+002	 3.96357e-010
146	 1.4500000000e+002	 6.19692e-010
147	 1.4600000000e+002	 2.19207e-009
148	 1.4700000000e+002	 1.62128e-009
149	 1.4800000000e+002	 9.35459e-010
150	 1.4900000000e+002	 1.14210e-009
151	 1.5000000000e+002	 2.14640e-009
152	 1.5100000000e+002	 1.34128e-009
153	 1.5200000000e+002	 5.38941e-010
154	 1.5300000000e+002	 8.52951e-010
155	 1.5400000000e+002	 9.39958e-010
156	 1.5500000000e+002	 4.79465e-010
157	 1.5600000000e+002	 6.32962e-010
158	 1.5700000000e+002	 1.90468e-009
159	 1.5800000000e+002	 2.06218e-009
160	 1.5900000000e+002	 8.48776e-010
161	 1.6000000000e+002	 1.67900e-009
162	 1.6100000000e+002	 4.99436e-010
163	 1.6200000000e+002	 2.31828e-010
164	 1.6300000000e+002	 6.83257e-010
165	 1.6400000000e+002	 1.33176e-009
166	 1.6500000000e+002	 8.12041e-010
167	 1.6600000000e+002	 4.81984e-010
168	 1.6700000000e+002	 1.09371e-009
169	 1.6800000000e+002	 2.03870e-009
170	 1.6900000000e+002	 4.17695e-009
171	 1.7000000000e+002	 3.46297e-009
172	 1.7100000000e+002	 1.99620e-009
173	 1.7200000000e+002	 6.84118e-010
174	 1.7300000000e+002	 6.10259e-010
175	 1.7400000000e+002	 1.01997e-009
176	 1.7500000000e+002	 1.85075e-009
177	 1.7600000000e+002	 2.52401e-009
178	 1.7700000000e+002	 2.43035e-009
179	 1.7800000000e+002	 8.05675e-009
180	 1.7900000000e+002	 1.04875e-007
181	 1.8000000000e+002	 4.31295e-007
182	 1.8100000000e+002	 1.27080e-007
183	 1.8200000000e+002	 3.21959e-010
184	 1.8300000000e+002	 7.95903e-010
185	 1.8400000000e+002	 6.37548e-010
186	 1.8500000000e+002	 4.40549e-010
187	 1.8600000000e+002	 7.31922e-010
188	 1.8700000000e+002	 1.53597e-009
189	 1.8800000000e+002	 4.96322e-010
190	 1.8900000000e+002	 4.45824e-009
191	 1.9000000000e+002	 5.87061e-009
192	 1.9100000000e+002	 2.73539e-009
193	 1.9200000000e+002	 2.19010e-009
194	 1.9300000000e+002	 7.10153e-010
195	 1.9400000000e+002	 1.81823e-009
196	 1.9500000000e+002	 4.29896e-009
197	 1.9600000000e+002	 2.29877e-009
198	 1.9700000000e+002	 5.01763e-010
199	 1.9800000000e+002	 7.32161e-010
200	 1.9900000000e+002	 8.07275e-010
201	 2.0000000000e+002	 1.52032e-009
202	 2.0100000000e+002	 1.97780e-009
203	 2.0200000000e+002	 1.87341e-009
204	 2.0300000000e+002	 3.78552e-009
205	 2.0400000000e+002	 2.11286e-009
206	 2.0500000000e+002	 3.08470e-010
207	 2.0600000000e+002	 8.91693e-010
208	 2.0700000000e+002	 4.38975e-010
209	 2.0800000000e+002	 3.06653e-010
210	 2.0900000000e+002	 5.39010e-010
211	 2.1000000000e+002	 8.99466e-010
212	 2.1100000000e+002	 2.45603e-010
213	 2.1200000000e+002	 3.64292e-010
214	 2.1300000000e+002	 8.72894e-010
215	 2.1400000000e+002	 1.80859e-010
216	 2.1500000000e+002	 9.33043e-010
217	 2.1600000000e+002	 2.62871e-010
218	 2.1700000000e+002	 5.99290e-010
219	 2.1800000000e+002	 2.17347e-009
220	 2.1900000000e+002	 1.90077e-009
221	 2.2000000000e+002	 3.94241e-010
222	 2.2100000000e+002	 2.47659e-010
223	 2.2200000000e+002	 6.49572e-010
224	 2.2300000000e+002	 7.92990e-010
225	 2.2400000000e+002	 5.45870e-010
226	 2.2500000000e+002	 6.35606e-010
227	 2.2600000000e+002	 9.52446e-010
228	 2.2700000000e+002	 4.77023e-010
229	 2.2800000000e+002	 4.65325e-010
230	 2.2900000000e+002	 8.30952e-010
231	 2.3000000000e+002	 1.17437e-009
232	 2.3100000000e+002	 2.70391e-010
233	 2.3200000000e+002	 8.72259e-010
234	 2.3300000000e+002	 5.08663e-010
235	 2.3400000000e+002	 8.91699e-010
236	 2.3500000000e+002	 1.11937e-009
237	 2.3600000000e+002	 4.66355e-010
238	 2.3700000000e+002	 4.30620e-010
239	 2.3800000000e+002	 8.30483e-010
240	 2.3900000000e+002	 1.27699e-007
241	 2.4000000000e+002	 6.95347e-007
242	 2.4100000000e+002	 2.35426e-007
243	 2.4200000000e+002	 7.04537e-010
244	 2.4300000000e+002	 6.99934e-010
245	 2.4400000000e+002	 5.81660e-010
246	 2.4500000000e+002	 3.44433e-010
247	 2.4600000000e+002	 4.25377e-010
248	 2.4700000000e+002	 2.42061e-010
249	 2.4800000000e+002	 5.39521e-010
250	 2.4900000000e+002	 1.44601e-009
251	 2.5000000000e+002	 1.13447e-009
252	 2.5100000000e+002	 2.39122e-010
253	 2.5200000000e+002	 5.37947e-010
254	 2.5300000000e+002	 8.57714e-010
255	 2.5400000000e+002	 1.86603e-009
256	 2.5500000000e+002	 2.24698e-009
257	 2.5600000000e+002	 1.36341e-009
258	 2.5700000000e+002	 7.49952e-010
259	 2.5800000000e+002	 1.24898e-009
260	 2.5900000000e+002	 1.19382e-009
261	 2.6000000000e+002	 3.59964e-010
262	 2.6100000000e+002	 2.82278e-010
263	 2.6200000000e+002	 9.55050e-010
264	 2.6300000000e+002	 1.01287e-009
265	 2.6400000000e+002	 4.04275e-010
266	 2.6500000000e+002	 4.27193e-010
267	 2.6600000000e+002	 8.49463e-010
268	 2.6700000000e+002	 2.62161e-010
269	 2.6800000000e+002	 6.44615e-010
270	 2.6900000000e+002	 5.83721e-010
271	 2.7000000000e+002	 6.68503e-010
272	 2.7100000000e+002	 1.74454e-009
273	 2.7200000000e+002	 1.75107e-009
274	 2.7300000000e+002	 3.84434e-010
275	 2.7400000000e+002	 2.43145e-010
276	 2.7500000000e+002	 2.56660e-010
277	 2.7600000000e+002	 2.78487e-010
278	 2.7700000000e+002	 3.46325e-009
279	 2.7800000000e+002	 2.66664e-008
280	 2.7900000000e+002	 3.12435e-008
281	 2.8000000000e+002	 5.72417e-009
282	 2.8100000000e+002	 1.77436e-010
283	 2.8200000000e+002	 1.81262e-010
284	 2.8300000000e+002	 5.74214e-010
285	 2.8400000000e+002	 3.88357e-009
286	 2.8500000000e+002	 1.95107e-008
287	 2.8600000000e+002	 6.03350e-009
288	 2.8700000000e+002	 4.18844e-010
289	 2.8800000000e+002	 1.18034e-009
290	 2.8900000000e+002	 2.63366e-009
291	 2.9000000000e+002	 2.59847e-009
292	 2.9100000000e+002	 6.09033e-010
293	 2.9200000000e+002	 9.75287e-010
294	 2.9300000000e+002	 1.52323e-009
295	 2.9400000000e+002	 9.13164e-010
296	 2.9500000000e+002	 4.82162e-010
297	 2.9600000000e+002	 4.12068e-010
298	 2.9700000000e+002	 6.40024e-010
299	 2.9800000000e+002	 1.20457e-009
300	 2.9900000000e+002	 4.25064e-010
301	 3.0000000000e+002	 8.35394e-009
302	 3.0100000000e+002	 1.90133e-008
303	 3.0200000000e+002	 4.91204e-009
304	 3.0300000000e+002	 7.59063e-010
305	 3.0400000000e+002	 2.56583e-009
306	 3.0500000000e+002	 6.42198e-009
307	 3.0600000000e+002	 1.01816e-008
308	 3.0700000000e+002	 4.72537e-009
309	 3.0800000000e+002	 2.33097e-009
310	 3.0900000000e+002	 5.26543e-010
311	 3.1000000000e+002	 2.74104e-009
312	 3.1100000000e+002	 1.94455e-009
313	 3.1200000000e+002	 6.32049e-010
314	 3.1300000000e+002	 4.73459e-010
315	 3.1400000000e+002	 4.66567e-010
316	 3.1500000000e+002	 4.82451e-010
317	 3.1600000000e+002	 1.17251e-009
318	 3.1700000000e+002	 6.39529e-010
319	 3.1800000000e+002	 4.58600e-010
320	 3.1900000000e+002	 4.03032e-010
321	 3.2000000000e+002	 2.16761e-009
322	 3.2100000000e+002	 8.23845e-009
323	 3.2200000000e+002	 2.91424e-009
324	 3.2300000000e+002	 6.88204e-010
325	 3.2400000000e+002	 2.46528e-009
326	 3.2500000000e+002	 5.53328e-009
327	 3.2600000000e+002	 8.68992e-010
328	 3.2700000000e+002	 3.54709e-010
329	 3.2800000000e+002	 4.35894e-010
330	 3.2900000000e+002	 8.88231e-010
331	 3.3000000000e+002	 4.55863e-010
332	 3.3100000000e+002	 4.21912e-010
333	 3.3200000000e+002	 3.64600e-010
334	 3.3300000000e+002	 6.02976e-010
335	 3.3400000000e+002	 1.12268e-009
336	 3.3500000000e+002	 5.92097e-010
337	 3.3600000000e+002	 7.93166e-011
338	 3.3700000000e+002	 2.54474e-010
339	 3.3800000000e+002	 5.22264e-010
340	 3.3900000000e+002	 1.63505e-009
341	 3.4000000000e+002	 1.36995e-009
342	 3.4100000000e+002	 1.45001e-010
343	 3.4200000000e+002	 2.03462e-010
344	 3.4300000000e+002	 1.09654e-009
345	 3.4400000000e+002	 5.86624e-009
346	 3.4500000000e+002	 2.17166e-009
347	 3.4600000000e+002	 3.25359e-010
348	 3.4700000000e+002	 1.60355e-010
349	 3.4800000000e+002	 5.74224e-010
350	 3.4900000000e+002	 6.02132e-010
351	 3.5000000000e+002	 1.80733e-009
352	 3.5100000000e+002	 1.92022e-009
353	 3.5200000000e+002	 5.55666e-010
354	 3.5300000000e+002	 3.27934e-010
355	 3.5400000000e+002	 4.25601e-010
356	 3.5500000000e+002	 1.30829e-009
357	 3.5600000000e+002	 4.19718e-009
358	 3.5700000000e+002	 1.19234e-008
359	 3.5800000000e+002	 2.09824e-009
360	 3.5900000000e+002	 2.26189e-006
361	 3.6000000000e+002	 1.36614e-005
362	 3.6100000000e+002	 5.05778e-006
363	 3.6200000000e+002	 1.14571e-008
364	 3.6300000000e+002	 1.24972e-009
365	 3.6400000000e+002	 9.80136e-010
366	 3.6500000000e+002	 5.50509e-010
367	 3.6600000000e+002	 3.65121e-010
368	 3.6700000000e+002	 3.48047e-010
369	 3.6800000000e+002	 1.89314e-009
370	 3.6900000000e+002	 1.04185e-009
371	 3.7000000000e+002	 3.51834e-010
372	 3.7100000000e+002	 5.88175e-010
373	 3.7200000000e+002	 3.32679e-009
374	 3.7300000000e+002	 8.94153e-010
375	 3.7400000000e+002	 1.48600e-010
376	 3.7500000000e+002	 2.93210e-010
377	 3.7600000000e+002	 5.85504e-010
378	 3.7700000000e+002	 4.81537e-010
379	 3.7800000000e+002	 2.75819e-010
380	 3.7900000000e+002	 2.87620e-010
381	 3.8000000000e+002	 5.69825e-010
382	 3.8100000000e+002	 3.95907e-010
383	 3.8200000000e+002	 3.41109e-010
384	 3.8300000000e+002	 4.23660e-010
385	 3.8400000000e+002	 3.12396e-010
386	 3.8500000000e+002	 1.29274e-010
387	 3.8600000000e+002	 2.05815e-009
388	 3.8700000000e+002	 2.63769e-009
389	 3.8800000000e+002	 1.33269e-010
390	 3.8900000000e+002	 9.89899e-010
391	 3.9000000000e+002	 1.01474e-009
392	 3.9100000000e+002	 2.89246e-010
393	 3.9200000000e+002	 1.02280e-009
394	 3.9300000000e+002	 1.42922e-009
395	 3.9400000000e+002	 3.90322e-010
396	 3.9500000000e+002	 2.43882e-010
397	 3.9600000000e+002	 4.48917e-010
398	 3.9700000000e+002	 2.06107e-009
399	 3.9800000000e+002	 1.99867e-009
400	 3.9900000000e+002	 8.88166e-009
401	 4.0000000000e+002	 7.44651e-009
402	 4.0100000000e+002	 3.18951e-010
403	 4.0200000000e+002	 3.60170e-010
404	 4.0300000000e+002	 4.85119e-010
405	 4.0400000000e+002	 4.19491e-010
406	 4.0500000000e+002	 4.54256e-010
407	 4.0600000000e+002	 4.22423e-010
408	 4.0700000000e+002	 2.66418e-010
409	 4.0800000000e+002	 8.04051e-010
410	 4.0900000000e+002	 6.38004e-008
411	 4.1000000000e+002	 2.52147e-007
412	 4.1100000000e+002	 6.72612e-008
413	 4.1200000000e+002	 1.00013e-009
414	 4.1300000000e+002	 7.61983e-010
415	 4.1400000000e+002	 6.82087e-010
416	 4.1500000000e+002	 2.38493e-010
417	 4.1600000000e+002	 2.75769e-010
418	 4.1700000000e+002	 2.47242e-010
419	 4.1800000000e+002	 2.40592e-010
420	 4.1900000000e+002	 1.81526e-010
421	 4.2000000000e+002	 1.77099e-009
422	 4.2100000000e+002	 1.02022e-009
423	 4.2200000000e+002	 2.95690e-010
424	 4.2300000000e+002	 1.41612e-009
425	 4.2400000000e+002	 1.34508e-009
426	 4.2500000000e+002	 2.35140e-008
427	 4.2600000000e+002	 1.76193e-008
428	 4.2700000000e+002	 1.18887e-009
429	 4.2800000000e+002	 3.48839e-010
430	 4.2900000000e+002	 4.95901e-010
431	 4.3000000000e+002	 2.23447e-009
432	 4.3100000000e+002	 1.40509e-009
433	 4.3200000000e+002	 4.86639e-010
434	 4.3300000000e+002	 1.02209e-009
435	 4.3400000000e+002	 4.74031e-009
436	 4.3500000000e+002	 4.93206e-009
437	 4.3600000000e+002	 1.38343e-009
438	 4.3700000000e+002	 6.37850e-010
439	 4.3800000000e+002	 3.68814e-010
440	 4.3900000000e+002	 3.87434e-010
441	 4.4000000000e+002	 2.93846e-009
442	 4.4100000000e+002	 1.03495e-008
443	 4.4200000000e+002	 5.85319e-009
444	 4.4300000000e+002	 1.34462e-009
445	 4.4400000000e+002	 3.94409e-010
446	 4.4500000000e+002	 3.42956e-010
447	 4.4600000000e+002	 8.92521e-010
448	 4.4700000000e+002	 3.22743e-009
449	 4.4800000000e+002	 1.04890e-008
450	 4.4900000000e+002	 4.92664e-009
451	 4.5000000000e+002	 1.80799e-009
452	 4.5100000000e+002	 7.10290e-010
453	 4.5200000000e+002	 5.17324e-010
454	 4.5300000000e+002	 1.57051e-009
455	 4.5400000000e+002	 2.12722e-009
456	 4.5500000000e+002	 2.16673e-009
457	 4.5600000000e+002	 3.03619e-009
458	 4.5700000000e+002	 2.04815e-009
459	 4.5800000000e+002	 1.19960e-009
460	 4.5900000000e+002	 8.18450e-010
461	 4.6000000000e+002	 1.10336e-009
462	 4.6100000000e+002	 2.25542e-009
463	 4.6200000000e+002	 5.40049e-010
464	 4.6300000000e+002	 5.86793e-009
465	 4.6400000000e+002	 5.37724e-008
466	 4.6500000000e+002	 2.71725e-008
467	 4.6600000000e+002	 1.26780e-009
468	 4.6700000000e+002	 3.75175e-009
469	 4.6800000000e+002	 3.33492e-009
470	 4.6900000000e+002	 1.60388e-009
471	 4.7000000000e+002	 8.36818e-009
472	 4.7100000000e+002	 1.18583e-008
473	 4.7200000000e+002	 2.08583e-009
474	 4.7300000000e+002	 7.50210e-010
475	 4.7400000000e+002	 3.60565e-010
476	 4.7500000000e+002	 8.60273e-010
477	 4.7600000000e+002	 1.40883e-009
478	 4.7700000000e+002	 3.12798e-009
479	 4.7800000000e+002	 2.47182e-009
480	 4.7900000000e+002	 7.41195e-007
481	 4.8000000000e+002	 5.11258e-006
482	 4.8100000000e+002	 2.12072e-006
483	 4.8200000000e+002	 6.77391e-009
484	 4.8300000000e+002	 4.27671e-009
485	 4.8400000000e+002	 1.49967e-009
486	 4.8500000000e+002	 4.53073e-010
487	 4.8600000000e+002	 7.77503e-010
488	 4.8700000000e+002	 2.02837e-009
489	 4.8800000000e+002	 1.38290e-009
490	 4.8900000000e+002	 3.16252e-009
491	 4.9000000000e+002	 3.54815e-009
492	 4.9100000000e+002	 2.84116e-008
493	 4.9200000000e+002	 2.40609e-007
494	 4.9300000000e+002	 1.17868e-007
495	 4.9400000000e+002	 3.44027e-009
496	 4.9500000000e+002	 2.73415e-009
497	 4.9600000000e+002	 3.46386e-009
498	 4.9700000000e+002	 7.10251e-009
499	 4.9800000000e+002	 1.88895e-008
500	 4.9900000000e+002	 4.13784e-008
501	 5.0000000000e+002	 5.88116e-009
502	 5.0100000000e+002	 4.05687e-010
503	 5.0200000000e+002	 1.04078e-009
504	 5.0300000000e+002	 7.72791e-010
505	 5.0400000000e+002	 6.82450e-010
506	 5.0500000000e+002	 7.52882e-010
507	 5.0600000000e+002	 1.11164e-008
508	 5.0700000000e+002	 8.88485e-009
509	 5.0800000000e+002	 1.08609e-009
510	 5.0900000000e+002	 7.20051e-010
511	 5.1000000000e+002	 6.69431e-010
512	 5.1100000000e+002	 4.56567e-010
513	 5.1200000000e+002	 4.20106e-010
514	 5.1300000000e+002	 7.97584e-010
515	 5.1400000000e+002	 1.39029e-009
516	 5.1500000000e+002	 6.23231e-008
517	 5.1600000000e+002	 1.76476e-007
518	 5.1700000000e+002	 2.27414e-008
519	 5.1800000000e+002	 5.29979e-009
520	 5.1900000000e+002	 6.76865e-009
521	 5.2000000000e+002	 3.04188e-009
522	 5.2100000000e+002	 3.87452e-010
523	 5.2200000000e+002	 1.79985e-010
524	 5.2300000000e+002	 9.51596e-010
525	 5.2400000000e+002	 2.77299e-009
526	 5.2500000000e+002	 9.70713e-010
527	 5.2600000000e+002	 1.03771e-009
528	 5.2700000000e+002	 2.07756e-009
529	 5.2800000000e+002	 2.15110e-009
530	 5.2900000000e+002	 1.38176e-007
531	 5.3000000000e+002	 6.20351e-007
532	 5.3100000000e+002	 1.97338e-007
533	 5.3200000000e+002	 2.90051e-010
534	 5.3300000000e+002	 9.55235e-010
535	 5.3400000000e+002	 3.08307e-010
536	 5.3500000000e+002	 2.80898e-010
537	 5.3600000000e+002	 1.14014e-009
538	 5.3700000000e+002	 1.26882e-009
539	 5.3800000000e+002	 3.49374e-010
540	 5.3900000000e+002	 1.33217e-010
541	 5.4000000000e+002	 8.10310e-010
542	 5.4100000000e+002	 4.03606e-010
543	 5.4200000000e+002	 1.09889e-009
544	 5.4300000000e+002	 6.73689e-010
545	 5.4400000000e+002	 2.72605e-009
546	 5.4500000000e+002	 2.02513e-008
547	 5.4600000000e+002	 1.42116e-008
548	 5.4700000000e+002	 8.18014e-010
549	 5.4800000000e+002	 2.59007e-010
550	 5.4900000000e+002	 2.31866e-010
551	 5.5000000000e+002	 1.71128e-010
552	 5.5100000000e+002	 3.29684e-010
553	 5.5200000000e+002	 4.10567e-010
554	 5.5300000000e+002	 2.14600e-010
555	 5.5400000000e+002	 5.07164e-010
556	 5.5500000000e+002	 6.34239e-010
557	 5.5600000000e+002	 3.63934e-010
558	 5.5700000000e+002	 4.43201e-010
559	 5.5800000000e+002	 3.71296e-010
560	 5.5900000000e+002	 5.49971e-010
561	 5.6000000000e+002	 5.99283e-010
562	 5.6100000000e+002	 2.24615e-010
563	 5.6200000000e+002	 2.22858e-010
564	 5.6300000000e+002	 2.06605e-010
565	 5.6400000000e+002	 4.78864e-010
566	 5.6500000000e+002	 1.23010e-010
567	 5.6600000000e+002	 5.14296e-010
568	 5.6700000000e+002	 5.24203e-009
569	 5.6800000000e+002	 1.08825e-008
570	 5.6900000000e+002	 1.19235e-009
571	 5.7000000000e+002	 1.34414e-009
572	 5.7100000000e+002	 3.32706e-010
573	 5.7200000000e+002	 3.07309e-010
574	 5.7300000000e+002	 1.57072e-010
575	 5.7400000000e+002	 6.91354e-010
576	 5.7500000000e+002	 6.44031e-010
577	 5.7600000000e+002	 4.51986e-010
578	 5.7700000000e+002	 1.23890e-010
579	 5.7800000000e+002	 5.11340e-010
580	 5.7900000000e+002	 9.28012e-010
581	 5.8000000000e+002	 4.69552e-010
582	 5.8100000000e+002	 6.49609e-010
583	 5.8200000000e+002	 7.92241e-010
584	 5.8300000000e+002	 7.67969e-009
585	 5.8400000000e+002	 6.09233e-008
586	 5.8500000000e+002	 2.80986e-008
587	 5.8600000000e+002	 6.92665e-010
588	 5.8700000000e+002	 6.87645e-010
589	 5.8800000000e+002	 2.68979e-010
590	 5.8900000000e+002	 3.08134e-010
591	 5.9000000000e+002	 2.88126e-010
592	 5.9100000000e+002	 2.99433e-010
593	 5.9200000000e+002	 1.73985e-010
594	 5.9300000000e+002	 3.47910e-010
595	 5.9400000000e+002	 6.38371e-010
596	 5.9500000000e+002	 7.60573e-010
597	 5.9600000000e+002	 3.47740e-010
598	 5.9700000000e+002	 7.76524e-010
599	 5.9800000000e+002	 1.20340e-009
600	 5.9900000000e+002	 6.29111e-008
601	 6.0000000000e+002	 5.33779e-007
602	 6.0100000000e+002	 2.47941e-007
603	 6.0200000000e+002	 2.70937e-009
604	 6.0300000000e+002	 1.23916e-009
605	 6.0400000000e+002	 1.39055e-010
606	 6.0500000000e+002	 3.00655e-011
607	 6.0600000000e+002	 4.60581e-010
608	 6.0700000000e+002	 2.84029e-010
609	 6.0800000000e+002	 4.25108e-010
610	 6.0900000000e+002	 5.19746e-010
611	 6.1000000000e+002	 4.22059e-010
612	 6.1100000000e+002	 1.21039e-009
613	 6.1200000000e+002	 1.12299e-008
614	 6.1300000000e+002	 6.25254e-009
615	 6.1400000000e+002	 6.59887e-010
616	 6.1500000000e+002	 2.90851e-010
617	 6.1600000000e+002	 8.49697e-010
618	 6.1700000000e+002	 8.48476e-010
619	 6.1800000000e+002	 1.47847e-009
620	 6.1900000000e+002	 4.98343e-010
621	 6.2000000000e+002	 9.46003e-010
622	 6.2100000000e+002	 5.93087e-010
623	 6.2200000000e+002	 1.67121e-009
624	 6.2300000000e+002	 1.42671e-009
625	 6.2400000000e+002	 6.82514e-010
626	 6.2500000000e+002	 1.79244e-009
627	 6.2600000000e+002	 2.41765e-008
628	 6.2700000000e+002	 2.73039e-008
629	 6.2800000000e+002	 2.83266e-009
630	 6.2900000000e+002	 4.57295e-009
631	 6.3000000000e+002	 8.73093e-009
632	 6.3100000000e+002	 5.13088e-009
633	 6.3200000000e+002	 1.12012e-009
634	 6.3300000000e+002	 1.18540e-009
635	 6.3400000000e+002	 2.05581e-009
636	 6.3500000000e+002	 7.17148e-010
637	 6.3600000000e+002	 3.49094e-009
638	 6.3700000000e+002	 1.49958e-008
639	 6.3800000000e+002	 1.00368e-008
640	 6.3900000000e+002	 1.36466e-009
641	 6.4000000000e+002	 1.03006e-009
642	 6.4100000000e+002	 2.93409e-009
643	 6.4200000000e+002	 1.12412e-008
644	 6.4300000000e+002	 2.09288e-008
645	 6.4400000000e+002	 3.76600e-008
646	 6.4500000000e+002	 3.72903e-008
647	 6.4600000000e+002	 3.54405e-008
648	 6.4700000000e+002	 7.93075e-009
649	 6.4800000000e+002	 3.27861e-009
650	 6.4900000000e+002	 3.34126e-007
651	 6.5000000000e+002	 1.67285e-006
652	 6.5100000000e+002	 4.48823e-007
653	 6.5200000000e+002	 1.39777e-008
654	 6.5300000000e+002	 5.54630e-009
655	 6.5400000000e+002	 4.83771e-009
656	 6.5500000000e+002	 1.08620e-008
657	 6.5600000000e+002	 1.50924e-008
658	 6.5700000000e+002	 1.32830e-008
659	 6.5800000000e+002	 2.26627e-008
660	 6.5900000000e+002	 4.21914e-009
661	 6.6000000000e+002	 2.63432e-008
662	 6.6100000000e+002	 1.39224e-008
663	 6.6200000000e+002	 2.80194e-009
664	 6.6300000000e+002	 5.40144e-009
665	 6.6400000000e+002	 2.84388e-008
666	 6.6500000000e+002	 5.67282e-007
667	 6.6600000000e+002	 4.23314e-007
668	 6.6700000000e+002	 2.36165e-008
669	 6.6800000000e+002	 1.24566e-008
670	 6.6900000000e+002	 7.30001e-009
671	 6.7000000000e+002	 1.76167e-008
672	 6.7100000000e+002	 3.46604e-008
673	 6.7200000000e+002	 1.41598e-008
674	 6.7300000000e+002	 5.52590e-009
675	 6.7400000000e+002	 6.49592e-009
676	 6.7500000000e+002	 1.40522e-008
677	 6.7600000000e+002	 1.80362e-008
678	 6.7700000000e+002	 2.21358e-008
679	 6.7800000000e+002	 1.91135e-008
680	 6.7900000000e+002	 3.12510e-008
681	 6.8000000000e+002	 5.39680e-008
682	 6.8100000000e+002	 4.29999e-008
683	 6.8200000000e+002	 3.21668e-008
684	 6.8300000000e+002	 5.03983e-008
685	 6.8400000000e+002	 2.89239e-008
686	 6.8500000000e+002	 1.71329e-008
687	 6.8600000000e+002	 8.66264e-008
688	 6.8700000000e+002	 1.48808e-006
689	 6.8800000000e+002	 3.24224e-006
690	 6.8900000000e+002	 6.08042e-007
691	 6.9000000000e+002	 5.35409e-008
692	 6.9100000000e+002	 2.79948e-008
693	 6.9200000000e+002	 3.97859e-008
694	 6.9300000000e+002	 4.75110e-008
695	 6.9400000000e+002	 3.44452e-007
696	 6.9500000000e+002	 4.10695e-007
697	 6.9600000000e+002	 1.30262e-007
698	 6.9700000000e+002	 8.74446e-008
699	 6.9800000000e+002	 5.91032e-008
700	 6.9900000000e+002	 7.90276e-008
701	 7.0000000000e+002	 7.39578e-008
702	 7.0100000000e+002	 4.54870e-008
703	 7.0200000000e+002	 7.28262e-008
704	 7.0300000000e+002	 1.84413e-007
705	 7.0400000000e+002	 1.85891e-006
706	 7.0500000000e+002	 1.16179e-006
707	 7.0600000000e+002	 3.72705e-008
708	 7.0700000000e+002	 1.63720e-008
709	 7.0800000000e+002	 2.09819e-008
710	 7.0900000000e+002	 7.86650e-009
711	 7.1000000000e+002	 3.40751e-009
712	 7.1100000000e+002	 1.59415e-008
713	 7.1200000000e+002	 1.69399e-008
714	 7.1300000000e+002	 5.42630e-009
715	 7.1400000000e+002	 1.08355e-008
716	 7.1500000000e+002	 1.85306e-009
717	 7.1600000000e+002	 2.38005e-009
718	 7.1700000000e+002	 5.11734e-009
719	 7.1800000000e+002	 4.34742e-009
720	 7.1900000000e+002	 1.50047e-007
721	 7.2000000000e+002	 1.30627e-006
722	 7.2100000000e+002	 7.29390e-007
723	 7.2200000000e+002	 9.75502e-009
724	 7.2300000000e+002	 2.32121e-009
725	 7.2400000000e+002	 1.53939e-009
726	 7.2500000000e+002	 1.62299e-009
727	 7.2600000000e+002	 4.99730e-009
728	 7.2700000000e+002	 7.13354e-009
729	 7.2800000000e+002	 2.54150e-009
730	 7.2900000000e+002	 1.19755e-009
731	 7.3000000000e+002	 1.23738e-009
732	 7.3100000000e+002	 1.57202e-009
733	 7.3200000000e+002	 3.13918e-010
734	 7.3300000000e+002	 1.05754e-009
735	 7.3400000000e+002	 7.85700e-010
736	 7.3500000000e+002	 1.17195e-009
737	 7.3600000000e+002	 2.02970e-009
738	 7.3700000000e+002	 1.74824e-009
739	 7.3800000000e+002	 9.76131e-010
740	 7.3900000000e+002	 2.40949e-009
741	 7.4000000000e+002	 2.25325e-009
742	 7.4100000000e+002	 1.41757e-009
743	 7.4200000000e+002	 5.75066e-010
744	 7.4300000000e+002	 9.21773e-010
745	 7.4400000000e+002	 2.01426e-009
746	 7.4500000000e+002	 8.32104e-010
747	 7.4600000000e+002	 7.55024e-010
748	 7.4700000000e+002	 1.39527e-009
749	 7.4800000000e+002	 1.41487e-009
750	 7.4900000000e+002	 1.18299e-009
751	 7.5000000000e+002	 9.19274e-010
752	 7.5100000000e+002	 1.83270e-009
753	 7.5200000000e+002	 2.31833e-009
754	 7.5300000000e+002	 8.36445e-010
755	 7.5400000000e+002	 1.60921e-009
756	 7.5500000000e+002	 2.07040e-009
757	 7.5600000000e+002	 6.65231e-010
758	 7.5700000000e+002	 6.44106e-010
759	 7.5800000000e+002	 9.16125e-010
760	 7.5900000000e+002	 2.86214e-010
761	 7.6000000000e+002	 2.15192e-010
762	 7.6100000000e+002	 3.67525e-010
763	 7.6200000000e+002	 2.57002e-010
764	 7.6300000000e+002	 3.82011e-010
765	 7.6400000000e+002	 4.91367e-010
766	 7.6500000000e+002	 2.62253e-010
767	 7.6600000000e+002	 1.00735e-010
768	 7.6700000000e+002	 8.39904e-011
769	 7.6800000000e+002	 1.10993e-011
770	 7.6900000000e+002	 1.88348e-010
771	 7.7000000000e+002	 3.42271e-010
772	 7.7100000000e+002	 2.61962e-010
773	 7.7200000000e+002	 6.85758e-010
774	 7.7300000000e+002	 1.88733e-010
775	 7.7400000000e+002	 1.53621e-010
776	 7.7500000000e+002	 3.24051e-010
777	 7.7600000000e+002	 7.33152e-010
778	 7.7700000000e+002	 8.42514e-010
779	 7.7800000000e+002	 7.84142e-010
780	 7.7900000000e+002	 1.13486e-009
781	 7.8000000000e+002	 1.61113e-008
782	 7.8100000000e+002	 1.17269e-008
783	 7.8200000000e+002	 5.68143e-010
784	 7.8300000000e+002	 4.53197e-010
785	 7.8400000000e+002	 1.48955e-009
786	 7.8500000000e+002	 3.96722e-009
787	 7.8600000000e+002	 3.03711e-009
788	 7.8700000000e+002	 1.08888e-009
789	 7.8800000000e+002	 4.23111e-010
790	 7.8900000000e+002	 5.98437e-011
791	 7.9000000000e+002	 2.34358e-010
792	 7.9100000000e+002	 2.99664e-010
793	 7.9200000000e+002	 5.74561e-010
794	 7.9300000000e+002	 3.61372e-010
795	 7.9400000000e+002	 7.15168e-010
796	 7.9500000000e+002	 1.95450e-010
797	 7.9600000000e+002	 4.49167e-010
798	 7.9700000000e+002	 4.30341e-010
799	 7.9800000000e+002	 2.44520e-010
800	 7.9900000000e+002	 3.59571e-010
801	 8.0000000000e+002	 3.52538e-010
TagsBegin:	 	 
OverLoad:	 	False
AverageNumber: []	 	 2.00000e+000
OverLoadRatio: []	 	 1.19209e-007
TagsEnd:	 	 
TagScalesBegin:	 	 
TagScalesEnd:	 	 



Header Size:	 79	 
Pulse Version:	 80	 
Running Pulse Version:	PULSE LabShop  Version 21.0.0.671 - 2017-10-20	 
Decimal Symbol:	.	 
Date Format:	yyyy-MM-dd	 
Time Format:	HH:mm:ss:mmm	 
Data Type:	Real	 
Slice:	False	 
Z-Axis type:	Linear	 
Z-Axis size:	1	 
Z-Axis unit:	 	 
Z-Axis first value:	 0.0000000000e+000	 
Z-Axis delta:	 1.0000000000e+000	 
X-Axis type:	Linear	 
X-Axis size:	801	 
X-Axis unit:	Hz	 
X-Axis first value:	 0.0000000000e+000	 
X-Axis delta:	 1.0000000000e+000	 
	 	 
AmplitudeUnit:	m/s^2	 
Analyzer:	FFT_Spectrum_Averaging	 
AnalyzerName:	FFT	 
	 	 
	 	 
Bipolar:	False	 
CenterFrequency:	 4.0000000000e+002	 
	 	 
	 	 
	 	 
	 	 
	 	 
	 	 
	 	 
	 	 
Domain:	1	 
Function:	Autospectrum	 
	 	 
InputRange:	 9.9009900990e+001	 
	 	 
	 	 
MultiBufferName:	Input	 
NBW:	 1.5000000000e+000	 
	 	 
OverlapFailed:	False	 
Overrun:	False	 
Power:	True	 
PowerUnit:	(m/s^2)^2	 
	 	 
RecordLength:	 1.0000000000e+000	 
ReducedSize:	True	 
	 	 
	 	 
	 	 
	 	 
	 	 
SamplingRatio:	 2.5600000000e+000	 
Signal:	Acc_1_z	 
	 	 
SignalUnit:	m/s^2	 
	 	 
	 	 
	 	 
Title:	Autospectrum(Acc_1_z)	 
Title1:	Working : 1mVpp : Input : FFT	 
	 	 
	 	 
Weight:	0	 
ZoomOn:	False	 
	 	 
TemplateName:	Working	 
MeasurementName:	1mVpp	 
MeasurementSlice:	False	 
	 	 
DeltaFrequency:	 1.0000000000e+000	 
	 	 
EnvelopeOn:	False	 
	 	 
	 	 
	 	 
Z-index:	 	1
Date:	 	2025-03-07
Time:	 	17:02:05:603
Relative time:	 	 0.00000e+000
Z-axis:	 	 0.0000000000e+000
1	 0.0000000000e+000	 1.06670e-007
2	 1.0000000000e+000	 4.15997e-007
3	 2.0000000000e+000	 2.29619e-007
4	 3.0000000000e+000	 5.12099e-008
5	 4.0000000000e+000	 5.62884e-008
6	 5.0000000000e+000	 6.78466e-008
7	 6.0000000000e+000	 4.23921e-008
8	 7.0000000000e+000	 1.93416e-008
9	 8.0000000000e+000	 3.66256e-009
10	 9.0000000000e+000	 2.49500e-008
11	 1.0000000000e+001	 4.02309e-008
12	 1.1000000000e+001	 6.73789e-009
13	 1.2000000000e+001	 3.72047e-008
14	 1.3000000000e+001	 3.24516e-008
15	 1.4000000000e+001	 1.23831e-008
16	 1.5000000000e+001	 3.21448e-009
17	 1.6000000000e+001	 2.50736e-009
18	 1.7000000000e+001	 5.43605e-009
19	 1.8000000000e+001	 4.22075e-008
20	 1.9000000000e+001	 3.68963e-007
21	 2.0000000000e+001	 2.21144e-007
22	 2.1000000000e+001	 5.52660e-008
23	 2.2000000000e+001	 2.88282e-008
24	 2.3000000000e+001	 3.95645e-008
25	 2.4000000000e+001	 1.16363e-007
26	 2.5000000000e+001	 4.48206e-008
27	 2.6000000000e+001	 7.80681e-007
28	 2.7000000000e+001	 2.70668e-006
29	 2.8000000000e+001	 1.47112e-006
30	 2.9000000000e+001	 7.93772e-007
31	 3.0000000000e+001	 2.44539e-007
32	 3.1000000000e+001	 1.00287e-006
33	 3.2000000000e+001	 3.53262e-007
34	 3.3000000000e+001	 7.71209e-008
35	 3.4000000000e+001	 4.77515e-008
36	 3.5000000000e+001	 5.55915e-008
37	 3.6000000000e+001	 2.86110e-008
38	 3.7000000000e+001	 1.23971e-006
39	 3.8000000000e+001	 3.33197e-006
40	 3.9000000000e+001	 1.65673e-006
41	 4.0000000000e+001	 4.14932e-007
42	 4.1000000000e+001	 4.23651e-009
43	 4.2000000000e+001	 1.40902e-007
44	 4.3000000000e+001	 3.34368e-007
45	 4.4000000000e+001	 5.66686e-008
46	 4.5000000000e+001	 3.10894e-008
47	 4.6000000000e+001	 2.57435e-008
48	 4.7000000000e+001	 1.02982e-008
49	 4.8000000000e+001	 1.30348e-008
50	 4.9000000000e+001	 1.43756e-008
51	 5.0000000000e+001	 5.96140e-009
52	 5.1000000000e+001	 7.60459e-009
53	 5.2000000000e+001	 5.61152e-009
54	 5.3000000000e+001	 2.42244e-009
55	 5.4000000000e+001	 4.03960e-009
56	 5.5000000000e+001	 9.28583e-009
57	 5.6000000000e+001	 6.85732e-009
58	 5.7000000000e+001	 9.36077e-009
59	 5.8000000000e+001	 5.02029e-008
60	 5.9000000000e+001	 2.60568e-003
61	 6.0000000000e+001	 1.05501e-002
62	 6.1000000000e+001	 2.64332e-003
63	 6.2000000000e+001	 5.37542e-008
64	 6.3000000000e+001	 3.57545e-008
65	 6.4000000000e+001	 1.41630e-009
66	 6.5000000000e+001	 3.31724e-009
67	 6.6000000000e+001	 4.25730e-009
68	 6.7000000000e+001	 8.69918e-009
69	 6.8000000000e+001	 2.44252e-008
70	 6.9000000000e+001	 2.79854e-008
71	 7.0000000000e+001	 2.10713e-008
72	 7.1000000000e+001	 1.05757e-008
73	 7.2000000000e+001	 5.71730e-009
74	 7.3000000000e+001	 2.60256e-008
75	 7.4000000000e+001	 5.91123e-008
76	 7.5000000000e+001	 2.54488e-008
77	 7.6000000000e+001	 5.94177e-009
78	 7.7000000000e+001	 3.64097e-009
79	 7.8000000000e+001	 6.72373e-009
80	 7.9000000000e+001	 6.61580e-009
81	 8.0000000000e+001	 3.55007e-009
82	 8.1000000000e+001	 2.17699e-009
83	 8.2000000000e+001	 5.33855e-009
84	 8.3000000000e+001	 3.27928e-009
85	 8.4000000000e+001	 3.77373e-009
86	 8.5000000000e+001	 2.68121e-009
87	 8.6000000000e+001	 2.15258e-009
88	 8.7000000000e+001	 2.40770e-009
89	 8.8000000000e+001	 1.82794e-009
90	 8.9000000000e+001	 3.33510e-009
91	 9.0000000000e+001	 5.49574e-009
92	 9.1000000000e+001	 4.06610e-009
93	 9.2000000000e+001	 1.23842e-009
94	 9.3000000000e+001	 3.38202e-009
95	 9.4000000000e+001	 3.96123e-009
96	 9.5000000000e+001	 6.72884e-009
97	 9.6000000000e+001	 7.20496e-009
98	 9.7000000000e+001	 2.80530e-009
99	 9.8000000000e+001	 9.13803e-010
100	 9.9000000000e+001	 8.02970e-004
101	 1.0000000000e+002	 3.21469e-003
102	 1.0100000000e+002	 8.04055e-004
103	 1.0200000000e+002	 4.97185e-009
104	 1.0300000000e+002	 1.04151e-009
105	 1.0400000000e+002	 1.82690e-009
106	 1.0500000000e+002	 2.38332e-009
107	 1.0600000000e+002	 1.27983e-009
108	 1.0700000000e+002	 2.79015e-009
109	 1.0800000000e+002	 2.44204e-009
110	 1.0900000000e+002	 1.90842e-009
111	 1.1000000000e+002	 1.78146e-009
112	 1.1100000000e+002	 4.00746e-009
113	 1.1200000000e+002	 2.63204e-009
114	 1.1300000000e+002	 3.44437e-009
115	 1.1400000000e+002	 4.25595e-009
116	 1.1500000000e+002	 5.18714e-009
117	 1.1600000000e+002	 4.97620e-009
118	 1.1700000000e+002	 1.00136e-009
119	 1.1800000000e+002	 2.29405e-009
120	 1.1900000000e+002	 1.40877e-006
121	 1.2000000000e+002	 6.22739e-006
122	 1.2100000000e+002	 1.71409e-006
123	 1.2200000000e+002	 5.82191e-009
124	 1.2300000000e+002	 2.39078e-009
125	 1.2400000000e+002	 6.58085e-009
126	 1.2500000000e+002	 5.18454e-009
127	 1.2600000000e+002	 1.71208e-009
128	 1.2700000000e+002	 1.10780e-009
129	 1.2800000000e+002	 2.55207e-009
130	 1.2900000000e+002	 1.16390e-009
131	 1.3000000000e+002	 6.45898e-010
132	 1.3100000000e+002	 9.70765e-010
133	 1.3200000000e+002	 7.56075e-010
134	 1.3300000000e+002	 9.41988e-010
135	 1.3400000000e+002	 1.52877e-009
136	 1.3500000000e+002	 1.71023e-009
137	 1.3600000000e+002	 2.48539e-009
138	 1.3700000000e+002	 2.27424e-009
139	 1.3800000000e+002	 3.89148e-009
140	 1.3900000000e+002	 5.16878e-009
141	 1.4000000000e+002	 4.43849e-009
142	 1.4100000000e+002	 1.72855e-009
143	 1.4200000000e+002	 1.51207e-009
144	 1.4300000000e+002	 8.51367e-010
145	 1.4400000000e+002	 2.42507e-009
146	 1.4500000000e+002	 2.10797e-009
147	 1.4600000000e+002	 3.63502e-009
148	 1.4700000000e+002	 4.66422e-009
149	 1.4800000000e+002	 2.93524e-009
150	 1.4900000000e+002	 8.49202e-010
151	 1.5000000000e+002	 9.90050e-010
152	 1.5100000000e+002	 1.93257e-009
153	 1.5200000000e+002	 2.92928e-009
154	 1.5300000000e+002	 3.67543e-009
155	 1.5400000000e+002	 2.26013e-009
156	 1.5500000000e+002	 2.37468e-009
157	 1.5600000000e+002	 5.99269e-009
158	 1.5700000000e+002	 2.84910e-008
159	 1.5800000000e+002	 3.03845e-008
160	 1.5900000000e+002	 5.60804e-009
161	 1.6000000000e+002	 2.01259e-009
162	 1.6100000000e+002	 8.49285e-009
163	 1.6200000000e+002	 7.85779e-009
164	 1.6300000000e+002	 1.13344e-008
165	 1.6400000000e+002	 5.59234e-009
166	 1.6500000000e+002	 1.70170e-008
167	 1.6600000000e+002	 2.51469e-008
168	 1.6700000000e+002	 1.12460e-008
169	 1.6800000000e+002	 1.46417e-008
170	 1.6900000000e+002	 8.65770e-008
171	 1.7000000000e+002	 7.29613e-008
172	 1.7100000000e+002	 3.12642e-008
173	 1.7200000000e+002	 1.22110e-008
174	 1.7300000000e+002	 2.12858e-008
175	 1.7400000000e+002	 2.03023e-008
176	 1.7500000000e+002	 1.09162e-008
177	 1.7600000000e+002	 4.99631e-009
178	 1.7700000000e+002	 6.91331e-009
179	 1.7800000000e+002	 1.55361e-008
180	 1.7900000000e+002	 1.44441e-006
181	 1.8000000000e+002	 6.54929e-006
182	 1.8100000000e+002	 1.85029e-006
183	 1.8200000000e+002	 6.28690e-009
184	 1.8300000000e+002	 4.90031e-009
185	 1.8400000000e+002	 4.29925e-009
186	 1.8500000000e+002	 8.66477e-009
187	 1.8600000000e+002	 6.37997e-009
188	 1.8700000000e+002	 5.52772e-009
189	 1.8800000000e+002	 8.99086e-009
190	 1.8900000000e+002	 3.35578e-008
191	 1.9000000000e+002	 2.05500e-008
192	 1.9100000000e+002	 1.78355e-008
193	 1.9200000000e+002	 1.74394e-008
194	 1.9300000000e+002	 2.56001e-009
195	 1.9400000000e+002	 2.69884e-009
196	 1.9500000000e+002	 1.31140e-008
197	 1.9600000000e+002	 6.69525e-009
198	 1.9700000000e+002	 1.97286e-009
199	 1.9800000000e+002	 3.07697e-009
200	 1.9900000000e+002	 2.62742e-009
201	 2.0000000000e+002	 8.14404e-010
202	 2.0100000000e+002	 9.07931e-010
203	 2.0200000000e+002	 7.30820e-010
204	 2.0300000000e+002	 1.74326e-009
205	 2.0400000000e+002	 2.45769e-009
206	 2.0500000000e+002	 1.63150e-009
207	 2.0600000000e+002	 4.77282e-009
208	 2.0700000000e+002	 6.31118e-009
209	 2.0800000000e+002	 7.32657e-009
210	 2.0900000000e+002	 1.65549e-009
211	 2.1000000000e+002	 1.39067e-009
212	 2.1100000000e+002	 1.19554e-009
213	 2.1200000000e+002	 5.45630e-010
214	 2.1300000000e+002	 2.06371e-009
215	 2.1400000000e+002	 2.04032e-009
216	 2.1500000000e+002	 3.81850e-009
217	 2.1600000000e+002	 1.75648e-009
218	 2.1700000000e+002	 5.74805e-010
219	 2.1800000000e+002	 7.39742e-009
220	 2.1900000000e+002	 1.37607e-008
221	 2.2000000000e+002	 5.09675e-009
222	 2.2100000000e+002	 7.22726e-010
223	 2.2200000000e+002	 1.39632e-009
224	 2.2300000000e+002	 2.98738e-009
225	 2.2400000000e+002	 2.86518e-009
226	 2.2500000000e+002	 1.92061e-009
227	 2.2600000000e+002	 1.81771e-009
228	 2.2700000000e+002	 9.96555e-010
229	 2.2800000000e+002	 3.85887e-010
230	 2.2900000000e+002	 1.01074e-009
231	 2.3000000000e+002	 2.65489e-009
232	 2.3100000000e+002	 1.55694e-009
233	 2.3200000000e+002	 3.34015e-009
234	 2.3300000000e+002	 7.30144e-009
235	 2.3400000000e+002	 6.48851e-009
236	 2.3500000000e+002	 2.17101e-009
237	 2.3600000000e+002	 2.76879e-009
238	 2.3700000000e+002	 6.90566e-009
239	 2.3800000000e+002	 2.55001e-009
240	 2.3900000000e+002	 1.60984e-006
241	 2.4000000000e+002	 8.33647e-006
242	 2.4100000000e+002	 2.63784e-006
243	 2.4200000000e+002	 3.89596e-009
244	 2.4300000000e+002	 2.42725e-009
245	 2.4400000000e+002	 2.51397e-009
246	 2.4500000000e+002	 2.63949e-009
247	 2.4600000000e+002	 2.09128e-009
248	 2.4700000000e+002	 9.96794e-010
249	 2.4800000000e+002	 7.56001e-010
250	 2.4900000000e+002	 3.76965e-010
251	 2.5000000000e+002	 2.16529e-009
252	 2.5100000000e+002	 1.01584e-009
253	 2.5200000000e+002	 8.23836e-010
254	 2.5300000000e+002	 1.77485e-009
255	 2.5400000000e+002	 4.20156e-009
256	 2.5500000000e+002	 1.00723e-008
257	 2.5600000000e+002	 9.29250e-009
258	 2.5700000000e+002	 7.13165e-009
259	 2.5800000000e+002	 6.60358e-009
260	 2.5900000000e+002	 8.48056e-009
261	 2.6000000000e+002	 3.44949e-009
262	 2.6100000000e+002	 1.50162e-009
263	 2.6200000000e+002	 2.34636e-009
264	 2.6300000000e+002	 8.23756e-010
265	 2.6400000000e+002	 9.99741e-010
266	 2.6500000000e+002	 3.52290e-009
267	 2.6600000000e+002	 3.17645e-009
268	 2.6700000000e+002	 9.93299e-010
269	 2.6800000000e+002	 1.40020e-009
270	 2.6900000000e+002	 1.78521e-009
271	 2.7000000000e+002	 1.93441e-009
272	 2.7100000000e+002	 2.81643e-009
273	 2.7200000000e+002	 3.71775e-009
274	 2.7300000000e+002	 5.82891e-009
275	 2.7400000000e+002	 1.89049e-009
276	 2.7500000000e+002	 2.41894e-009
277	 2.7600000000e+002	 2.89812e-009
278	 2.7700000000e+002	 2.88441e-008
279	 2.7800000000e+002	 1.31906e-007
280	 2.7900000000e+002	 9.84744e-008
281	 2.8000000000e+002	 1.87654e-008
282	 2.8100000000e+002	 2.29837e-009
283	 2.8200000000e+002	 9.34811e-010
284	 2.8300000000e+002	 4.02660e-009
285	 2.8400000000e+002	 1.34688e-008
286	 2.8500000000e+002	 4.40635e-008
287	 2.8600000000e+002	 6.94891e-009
288	 2.8700000000e+002	 1.41945e-009
289	 2.8800000000e+002	 5.07741e-009
290	 2.8900000000e+002	 1.06424e-008
291	 2.9000000000e+002	 1.11073e-008
292	 2.9100000000e+002	 1.79727e-009
293	 2.9200000000e+002	 1.64449e-009
294	 2.9300000000e+002	 1.37340e-009
295	 2.9400000000e+002	 7.13586e-010
296	 2.9500000000e+002	 2.17262e-010
297	 2.9600000000e+002	 3.84272e-010
298	 2.9700000000e+002	 9.70180e-010
299	 2.9800000000e+002	 8.37958e-010
300	 2.9900000000e+002	 7.65018e-008
301	 3.0000000000e+002	 5.52144e-007
302	 3.0100000000e+002	 3.30084e-007
303	 3.0200000000e+002	 2.64584e-008
304	 3.0300000000e+002	 3.97435e-009
305	 3.0400000000e+002	 6.37693e-009
306	 3.0500000000e+002	 2.73917e-008
307	 3.0600000000e+002	 5.18600e-008
308	 3.0700000000e+002	 2.90330e-008
309	 3.0800000000e+002	 1.43954e-008
310	 3.0900000000e+002	 6.38297e-009
311	 3.1000000000e+002	 7.01354e-009
312	 3.1100000000e+002	 2.28660e-009
313	 3.1200000000e+002	 1.08398e-009
314	 3.1300000000e+002	 3.30143e-009
315	 3.1400000000e+002	 1.44205e-008
316	 3.1500000000e+002	 1.94304e-008
317	 3.1600000000e+002	 2.40879e-009
318	 3.1700000000e+002	 8.48752e-010
319	 3.1800000000e+002	 5.68138e-010
320	 3.1900000000e+002	 3.58405e-010
321	 3.2000000000e+002	 3.61590e-009
322	 3.2100000000e+002	 1.42066e-008
323	 3.2200000000e+002	 7.26298e-009
324	 3.2300000000e+002	 7.67339e-010
325	 3.2400000000e+002	 5.87899e-010
326	 3.2500000000e+002	 3.52379e-009
327	 3.2600000000e+002	 4.89553e-010
328	 3.2700000000e+002	 1.65977e-009
329	 3.2800000000e+002	 1.06688e-009
330	 3.2900000000e+002	 2.54026e-009
331	 3.3000000000e+002	 4.07581e-009
332	 3.3100000000e+002	 1.67242e-009
333	 3.3200000000e+002	 9.04033e-010
334	 3.3300000000e+002	 9.10769e-010
335	 3.3400000000e+002	 7.50574e-010
336	 3.3500000000e+002	 1.11367e-009
337	 3.3600000000e+002	 8.15609e-010
338	 3.3700000000e+002	 1.08367e-009
339	 3.3800000000e+002	 6.78640e-010
340	 3.3900000000e+002	 5.07063e-010
341	 3.4000000000e+002	 1.05190e-009
342	 3.4100000000e+002	 1.70159e-009
343	 3.4200000000e+002	 8.11355e-010
344	 3.4300000000e+002	 8.65590e-010
345	 3.4400000000e+002	 3.90278e-009
346	 3.4500000000e+002	 1.87898e-009
347	 3.4600000000e+002	 1.24501e-009
348	 3.4700000000e+002	 1.16414e-009
349	 3.4800000000e+002	 2.83196e-010
350	 3.4900000000e+002	 1.47073e-009
351	 3.5000000000e+002	 1.59135e-009
352	 3.5100000000e+002	 8.28476e-010
353	 3.5200000000e+002	 1.52787e-009
354	 3.5300000000e+002	 7.39713e-010
355	 3.5400000000e+002	 4.61381e-010
356	 3.5500000000e+002	 2.18368e-010
357	 3.5600000000e+002	 5.46202e-010
358	 3.5700000000e+002	 1.11456e-009
359	 3.5800000000e+002	 7.11707e-010
360	 3.5900000000e+002	 2.36364e-007
361	 3.6000000000e+002	 1.44587e-006
362	 3.6100000000e+002	 5.32994e-007
363	 3.6200000000e+002	 2.00482e-009
364	 3.6300000000e+002	 4.64969e-010
365	 3.6400000000e+002	 4.18242e-010
366	 3.6500000000e+002	 1.67530e-010
367	 3.6600000000e+002	 1.74467e-010
368	 3.6700000000e+002	 5.97558e-010
369	 3.6800000000e+002	 1.31140e-009
370	 3.6900000000e+002	 1.10782e-009
371	 3.7000000000e+002	 1.04606e-009
372	 3.7100000000e+002	 1.69753e-009
373	 3.7200000000e+002	 1.34971e-009
374	 3.7300000000e+002	 4.63455e-010
375	 3.7400000000e+002	 8.92238e-011
376	 3.7500000000e+002	 7.75708e-010
377	 3.7600000000e+002	 5.81318e-010
378	 3.7700000000e+002	 9.75059e-010
379	 3.7800000000e+002	 2.52988e-009
380	 3.7900000000e+002	 1.04647e-009
381	 3.8000000000e+002	 1.85858e-009
382	 3.8100000000e+002	 2.66521e-009
383	 3.8200000000e+002	 1.52574e-009
384	 3.8300000000e+002	 5.98206e-010
385	 3.8400000000e+002	 1.01438e-009
386	 3.8500000000e+002	 4.83516e-010
387	 3.8600000000e+002	 9.84640e-010
388	 3.8700000000e+002	 1.29200e-009
389	 3.8800000000e+002	 7.36413e-010
390	 3.8900000000e+002	 1.11918e-009
391	 3.9000000000e+002	 1.76348e-009
392	 3.9100000000e+002	 1.67662e-009
393	 3.9200000000e+002	 1.21230e-009
394	 3.9300000000e+002	 6.65729e-010
395	 3.9400000000e+002	 1.02710e-009
396	 3.9500000000e+002	 1.15096e-009
397	 3.9600000000e+002	 8.09228e-010
398	 3.9700000000e+002	 5.99635e-010
399	 3.9800000000e+002	 4.15651e-010
400	 3.9900000000e+002	 9.91648e-010
401	 4.0000000000e+002	 1.23123e-009
402	 4.0100000000e+002	 2.47764e-009
403	 4.0200000000e+002	 2.18409e-009
404	 4.0300000000e+002	 8.62179e-010
405	 4.0400000000e+002	 4.55883e-010
406	 4.0500000000e+002	 1.06282e-009
407	 4.0600000000e+002	 1.24925e-009
408	 4.0700000000e+002	 9.47039e-010
409	 4.0800000000e+002	 1.00347e-009
410	 4.0900000000e+002	 3.52978e-009
411	 4.1000000000e+002	 1.78297e-008
412	 4.1100000000e+002	 7.27996e-009
413	 4.1200000000e+002	 1.82864e-009
414	 4.1300000000e+002	 8.63259e-010
415	 4.1400000000e+002	 1.08758e-009
416	 4.1500000000e+002	 8.78276e-010
417	 4.1600000000e+002	 3.05407e-010
418	 4.1700000000e+002	 1.04456e-009
419	 4.1800000000e+002	 2.10206e-009
420	 4.1900000000e+002	 7.03005e-009
421	 4.2000000000e+002	 5.58824e-008
422	 4.2100000000e+002	 2.11149e-008
423	 4.2200000000e+002	 8.85738e-010
424	 4.2300000000e+002	 3.60346e-010
425	 4.2400000000e+002	 8.82297e-010
426	 4.2500000000e+002	 1.41946e-009
427	 4.2600000000e+002	 1.24993e-009
428	 4.2700000000e+002	 1.04949e-009
429	 4.2800000000e+002	 1.70941e-009
430	 4.2900000000e+002	 1.46702e-009
431	 4.3000000000e+002	 1.43821e-009
432	 4.3100000000e+002	 1.50036e-009
433	 4.3200000000e+002	 2.27089e-010
434	 4.3300000000e+002	 3.79391e-010
435	 4.3400000000e+002	 1.28704e-009
436	 4.3500000000e+002	 1.14668e-009
437	 4.3600000000e+002	 3.32136e-010
438	 4.3700000000e+002	 2.16707e-010
439	 4.3800000000e+002	 1.09327e-009
440	 4.3900000000e+002	 7.19999e-010
441	 4.4000000000e+002	 4.64169e-010
442	 4.4100000000e+002	 9.92151e-010
443	 4.4200000000e+002	 3.23224e-010
444	 4.4300000000e+002	 4.60976e-010
445	 4.4400000000e+002	 6.06744e-010
446	 4.4500000000e+002	 4.18542e-010
447	 4.4600000000e+002	 2.88401e-010
448	 4.4700000000e+002	 1.37771e-009
449	 4.4800000000e+002	 1.86895e-009
450	 4.4900000000e+002	 5.73484e-010
451	 4.5000000000e+002	 5.29237e-010
452	 4.5100000000e+002	 2.24862e-010
453	 4.5200000000e+002	 6.63535e-010
454	 4.5300000000e+002	 6.49311e-010
455	 4.5400000000e+002	 1.25484e-009
456	 4.5500000000e+002	 7.08829e-010
457	 4.5600000000e+002	 2.72208e-010
458	 4.5700000000e+002	 6.28571e-010
459	 4.5800000000e+002	 5.79030e-010
460	 4.5900000000e+002	 1.15872e-009
461	 4.6000000000e+002	 6.30046e-010
462	 4.6100000000e+002	 3.58210e-010
463	 4.6200000000e+002	 2.42660e-010
464	 4.6300000000e+002	 4.63707e-010
465	 4.6400000000e+002	 2.07335e-009
466	 4.6500000000e+002	 2.42404e-009
467	 4.6600000000e+002	 2.03681e-009
468	 4.6700000000e+002	 4.89119e-010
469	 4.6800000000e+002	 5.25372e-010
470	 4.6900000000e+002	 1.46618e-010
471	 4.7000000000e+002	 6.29407e-010
472	 4.7100000000e+002	 1.65857e-009
473	 4.7200000000e+002	 4.25150e-010
474	 4.7300000000e+002	 4.92106e-010
475	 4.7400000000e+002	 2.86956e-010
476	 4.7500000000e+002	 3.87534e-010
477	 4.7600000000e+002	 8.74126e-010
478	 4.7700000000e+002	 2.27911e-010
479	 4.7800000000e+002	 4.40715e-010
480	 4.7900000000e+002	 6.49483e-008
481	 4.8000000000e+002	 4.52138e-007
482	 4.8100000000e+002	 1.92214e-007
483	 4.8200000000e+002	 1.26026e-009
484	 4.8300000000e+002	 4.44098e-010
485	 4.8400000000e+002	 8.84958e-010
486	 4.8500000000e+002	 4.47245e-010
487	 4.8600000000e+002	 1.08382e-009
488	 4.8700000000e+002	 7.30892e-010
489	 4.8800000000e+002	 3.14097e-010
490	 4.8900000000e+002	 1.26996e-009
491	 4.9000000000e+002	 7.98200e-010
492	 4.9100000000e+002	 3.27706e-009
493	 4.9200000000e+002	 2.60828e-008
494	 4.9300000000e+002	 1.26614e-008
495	 4.9400000000e+002	 1.13469e-010
496	 4.9500000000e+002	 1.49852e-009
497	 4.9600000000e+002	 1.81628e-009
498	 4.9700000000e+002	 4.44087e-009
499	 4.9800000000e+002	 6.61560e-009
500	 4.9900000000e+002	 1.86037e-008
501	 5.0000000000e+002	 6.08200e-009
502	 5.0100000000e+002	 1.34085e-009
503	 5.0200000000e+002	 1.12936e-009
504	 5.0300000000e+002	 9.79922e-010
505	 5.0400000000e+002	 3.35533e-010
506	 5.0500000000e+002	 3.12193e-010
507	 5.0600000000e+002	 3.09677e-009
508	 5.0700000000e+002	 3.31654e-009
509	 5.0800000000e+002	 1.20598e-009
510	 5.0900000000e+002	 5.56424e-010
511	 5.1000000000e+002	 4.56340e-010
512	 5.1100000000e+002	 4.40032e-010
513	 5.1200000000e+002	 4.51845e-010
514	 5.1300000000e+002	 6.35656e-010
515	 5.1400000000e+002	 3.70309e-010
516	 5.1500000000e+002	 6.25594e-009
517	 5.1600000000e+002	 1.72406e-008
518	 5.1700000000e+002	 2.31995e-009
519	 5.1800000000e+002	 6.06118e-010
520	 5.1900000000e+002	 6.09257e-010
521	 5.2000000000e+002	 2.85851e-010
522	 5.2100000000e+002	 7.36715e-010
523	 5.2200000000e+002	 4.16182e-010
524	 5.2300000000e+002	 4.17963e-010
525	 5.2400000000e+002	 1.95464e-010
526	 5.2500000000e+002	 3.46579e-010
527	 5.2600000000e+002	 5.05273e-010
528	 5.2700000000e+002	 2.82860e-010
529	 5.2800000000e+002	 8.17691e-010
530	 5.2900000000e+002	 6.44765e-009
531	 5.3000000000e+002	 3.21468e-008
532	 5.3100000000e+002	 9.15571e-009
533	 5.3200000000e+002	 6.32676e-010
534	 5.3300000000e+002	 7.86278e-010
535	 5.3400000000e+002	 1.05921e-009
536	 5.3500000000e+002	 1.51050e-009
537	 5.3600000000e+002	 1.94936e-009
538	 5.3700000000e+002	 2.50356e-009
539	 5.3800000000e+002	 1.63336e-009
540	 5.3900000000e+002	 2.73009e-009
541	 5.4000000000e+002	 2.22992e-008
542	 5.4100000000e+002	 1.02401e-008
543	 5.4200000000e+002	 2.38688e-010
544	 5.4300000000e+002	 7.29159e-010
545	 5.4400000000e+002	 9.33003e-010
546	 5.4500000000e+002	 9.71069e-010
547	 5.4600000000e+002	 9.68132e-010
548	 5.4700000000e+002	 1.57427e-009
549	 5.4800000000e+002	 1.49655e-009
550	 5.4900000000e+002	 1.72676e-009
551	 5.5000000000e+002	 1.56683e-009
552	 5.5100000000e+002	 1.30922e-009
553	 5.5200000000e+002	 2.13528e-010
554	 5.5300000000e+002	 1.94458e-009
555	 5.5400000000e+002	 1.25041e-009
556	 5.5500000000e+002	 4.83182e-010
557	 5.5600000000e+002	 7.28724e-010
558	 5.5700000000e+002	 9.87590e-010
559	 5.5800000000e+002	 1.03973e-009
560	 5.5900000000e+002	 1.01562e-009
561	 5.6000000000e+002	 5.30878e-010
562	 5.6100000000e+002	 3.93794e-010
563	 5.6200000000e+002	 5.46125e-010
564	 5.6300000000e+002	 1.06567e-009
565	 5.6400000000e+002	 3.60707e-010
566	 5.6500000000e+002	 7.00598e-010
567	 5.6600000000e+002	 8.75166e-010
568	 5.6700000000e+002	 7.46554e-010
569	 5.6800000000e+002	 6.77734e-010
570	 5.6900000000e+002	 3.33219e-010
571	 5.7000000000e+002	 6.83425e-010
572	 5.7100000000e+002	 4.33341e-010
573	 5.7200000000e+002	 2.18052e-010
574	 5.7300000000e+002	 1.82824e-010
575	 5.7400000000e+002	 2.87189e-010
576	 5.7500000000e+002	 4.63376e-010
577	 5.7600000000e+002	 1.02230e-009
578	 5.7700000000e+002	 1.25248e-009
579	 5.7800000000e+002	 3.39323e-010
580	 5.7900000000e+002	 3.46045e-010
581	 5.8000000000e+002	 4.41426e-010
582	 5.8100000000e+002	 1.11284e-010
583	 5.8200000000e+002	 3.33116e-010
584	 5.8300000000e+002	 1.86014e-010
585	 5.8400000000e+002	 9.98100e-010
586	 5.8500000000e+002	 1.19632e-009
587	 5.8600000000e+002	 7.89162e-010
588	 5.8700000000e+002	 5.61837e-010
589	 5.8800000000e+002	 2.46659e-010
590	 5.8900000000e+002	 1.09501e-009
591	 5.9000000000e+002	 8.79249e-010
592	 5.9100000000e+002	 4.84264e-010
593	 5.9200000000e+002	 8.70114e-010
594	 5.9300000000e+002	 6.90363e-010
595	 5.9400000000e+002	 8.91217e-010
596	 5.9500000000e+002	 7.26394e-010
597	 5.9600000000e+002	 6.20391e-010
598	 5.9700000000e+002	 4.49159e-010
599	 5.9800000000e+002	 7.81554e-010
600	 5.9900000000e+002	 1.75874e-009
601	 6.0000000000e+002	 7.95514e-009
602	 6.0100000000e+002	 2.16530e-009
603	 6.0200000000e+002	 2.16455e-010
604	 6.0300000000e+002	 5.84782e-010
605	 6.0400000000e+002	 3.11593e-010
606	 6.0500000000e+002	 6.07427e-010
607	 6.0600000000e+002	 9.85969e-010
608	 6.0700000000e+002	 5.16971e-010
609	 6.0800000000e+002	 4.38108e-010
610	 6.0900000000e+002	 4.67519e-010
611	 6.1000000000e+002	 8.36762e-010
612	 6.1100000000e+002	 1.62215e-009
613	 6.1200000000e+002	 5.97345e-010
614	 6.1300000000e+002	 2.12890e-010
615	 6.1400000000e+002	 1.81276e-010
616	 6.1500000000e+002	 1.30832e-010
617	 6.1600000000e+002	 3.64300e-010
618	 6.1700000000e+002	 1.32205e-009
619	 6.1800000000e+002	 1.24417e-009
620	 6.1900000000e+002	 5.00835e-010
621	 6.2000000000e+002	 5.38548e-010
622	 6.2100000000e+002	 3.78811e-010
623	 6.2200000000e+002	 1.10841e-009
624	 6.2300000000e+002	 2.02475e-009
625	 6.2400000000e+002	 8.73161e-010
626	 6.2500000000e+002	 2.23788e-010
627	 6.2600000000e+002	 1.71865e-010
628	 6.2700000000e+002	 1.80917e-010
629	 6.2800000000e+002	 3.56015e-010
630	 6.2900000000e+002	 1.10554e-009
631	 6.3000000000e+002	 4.11089e-010
632	 6.3100000000e+002	 2.61607e-010
633	 6.3200000000e+002	 4.43199e-010
634	 6.3300000000e+002	 3.26182e-010
635	 6.3400000000e+002	 3.24303e-010
636	 6.3500000000e+002	 9.67157e-010
637	 6.3600000000e+002	 1.32946e-009
638	 6.3700000000e+002	 9.10270e-010
639	 6.3800000000e+002	 2.13944e-010
640	 6.3900000000e+002	 6.73347e-010
641	 6.4000000000e+002	 9.39911e-010
642	 6.4100000000e+002	 1.03606e-009
643	 6.4200000000e+002	 5.57214e-009
644	 6.4300000000e+002	 1.03833e-008
645	 6.4400000000e+002	 5.72752e-009
646	 6.4500000000e+002	 3.65588e-009
647	 6.4600000000e+002	 2.63251e-009
648	 6.4700000000e+002	 1.26435e-009
649	 6.4800000000e+002	 1.60346e-009
650	 6.4900000000e+002	 9.23217e-009
651	 6.5000000000e+002	 4.96264e-008
652	 6.5100000000e+002	 1.53705e-008
653	 6.5200000000e+002	 7.50387e-010
654	 6.5300000000e+002	 3.97402e-010
655	 6.5400000000e+002	 3.65317e-010
656	 6.5500000000e+002	 2.94570e-010
657	 6.5600000000e+002	 7.85068e-010
658	 6.5700000000e+002	 9.69242e-010
659	 6.5800000000e+002	 5.35292e-010
660	 6.5900000000e+002	 3.28608e-009
661	 6.6000000000e+002	 4.07199e-008
662	 6.6100000000e+002	 2.21396e-008
663	 6.6200000000e+002	 3.79200e-010
664	 6.6300000000e+002	 2.18990e-010
665	 6.6400000000e+002	 1.33700e-009
666	 6.6500000000e+002	 6.79332e-009
667	 6.6600000000e+002	 8.19612e-009
668	 6.6700000000e+002	 3.13545e-009
669	 6.6800000000e+002	 9.02913e-010
670	 6.6900000000e+002	 5.47102e-010
671	 6.7000000000e+002	 1.70718e-009
672	 6.7100000000e+002	 1.37465e-009
673	 6.7200000000e+002	 1.09924e-009
674	 6.7300000000e+002	 9.24663e-010
675	 6.7400000000e+002	 6.39883e-010
676	 6.7500000000e+002	 7.94235e-010
677	 6.7600000000e+002	 9.64124e-010
678	 6.7700000000e+002	 1.37590e-009
679	 6.7800000000e+002	 1.00923e-009
680	 6.7900000000e+002	 2.25016e-009
681	 6.8000000000e+002	 1.57330e-009
682	 6.8100000000e+002	 1.16205e-009
683	 6.8200000000e+002	 1.66120e-009
684	 6.8300000000e+002	 1.53500e-009
685	 6.8400000000e+002	 3.85461e-010
686	 6.8500000000e+002	 4.26906e-010
687	 6.8600000000e+002	 1.13417e-009
688	 6.8700000000e+002	 2.06824e-008
689	 6.8800000000e+002	 4.20644e-008
690	 6.8900000000e+002	 8.81556e-009
691	 6.9000000000e+002	 3.01577e-009
692	 6.9100000000e+002	 1.86245e-009
693	 6.9200000000e+002	 1.88962e-009
694	 6.9300000000e+002	 2.40509e-009
695	 6.9400000000e+002	 8.93644e-009
696	 6.9500000000e+002	 9.90295e-009
697	 6.9600000000e+002	 4.41739e-009
698	 6.9700000000e+002	 2.77084e-009
699	 6.9800000000e+002	 9.58727e-010
700	 6.9900000000e+002	 1.41976e-009
701	 7.0000000000e+002	 2.43261e-009
702	 7.0100000000e+002	 1.39077e-009
703	 7.0200000000e+002	 1.41737e-009
704	 7.0300000000e+002	 2.68018e-009
705	 7.0400000000e+002	 3.99202e-008
706	 7.0500000000e+002	 3.12747e-008
707	 7.0600000000e+002	 1.73540e-009
708	 7.0700000000e+002	 1.42114e-009
709	 7.0800000000e+002	 7.09939e-010
710	 7.0900000000e+002	 1.32446e-009
711	 7.1000000000e+002	 1.10095e-009
712	 7.1100000000e+002	 4.33270e-010
713	 7.1200000000e+002	 6.73573e-010
714	 7.1300000000e+002	 1.09884e-009
715	 7.1400000000e+002	 2.94551e-010
716	 7.1500000000e+002	 4.76122e-010
717	 7.1600000000e+002	 3.82013e-010
718	 7.1700000000e+002	 3.39658e-010
719	 7.1800000000e+002	 1.31233e-010
720	 7.1900000000e+002	 2.58150e-009
721	 7.2000000000e+002	 3.56442e-008
722	 7.2100000000e+002	 1.98249e-008
723	 7.2200000000e+002	 2.61056e-010
724	 7.2300000000e+002	 7.30042e-010
725	 7.2400000000e+002	 6.13233e-010
726	 7.2500000000e+002	 4.22430e-010
727	 7.2600000000e+002	 8.48332e-010
728	 7.2700000000e+002	 4.02002e-010
729	 7.2800000000e+002	 8.49478e-010
730	 7.2900000000e+002	 9.71107e-010
731	 7.3000000000e+002	 3.90580e-010
732	 7.3100000000e+002	 5.30169e-010
733	 7.3200000000e+002	 4.31938e-010
734	 7.3300000000e+002	 2.14084e-010
735	 7.3400000000e+002	 5.16907e-010
736	 7.3500000000e+002	 4.34593e-010
737	 7.3600000000e+002	 1.51172e-010
738	 7.3700000000e+002	 6.12787e-010
739	 7.3800000000e+002	 1.12158e-009
740	 7.3900000000e+002	 9.40359e-010
741	 7.4000000000e+002	 3.77765e-010
742	 7.4100000000e+002	 2.99835e-010
743	 7.4200000000e+002	 9.18584e-011
744	 7.4300000000e+002	 4.75221e-010
745	 7.4400000000e+002	 4.04031e-010
746	 7.4500000000e+002	 3.69775e-010
747	 7.4600000000e+002	 3.07868e-010
748	 7.4700000000e+002	 2.09892e-010
749	 7.4800000000e+002	 4.15117e-010
750	 7.4900000000e+002	 5.92333e-010
751	 7.5000000000e+002	 3.37857e-010
752	 7.5100000000e+002	 7.90530e-010
753	 7.5200000000e+002	 5.35443e-010
754	 7.5300000000e+002	 4.48159e-010
755	 7.5400000000e+002	 3.92130e-010
756	 7.5500000000e+002	 2.85309e-010
757	 7.5600000000e+002	 3.02363e-010
758	 7.5700000000e+002	 7.01957e-010
759	 7.5800000000e+002	 6.91696e-010
760	 7.5900000000e+002	 9.28971e-010
761	 7.6000000000e+002	 9.57080e-010
762	 7.6100000000e+002	 1.11333e-009
763	 7.6200000000e+002	 1.52643e-009
764	 7.6300000000e+002	 1.22116e-009
765	 7.6400000000e+002	 3.11650e-010
766	 7.6500000000e+002	 2.87285e-010
767	 7.6600000000e+002	 8.82281e-010
768	 7.6700000000e+002	 2.54412e-010
769	 7.6800000000e+002	 1.26899e-009
770	 7.6900000000e+002	 1.26541e-008
771	 7.7000000000e+002	 1.02955e-007
772	 7.7100000000e+002	 4.03691e-008
773	 7.7200000000e+002	 2.37064e-009
774	 7.7300000000e+002	 7.34073e-010
775	 7.7400000000e+002	 5.15922e-010
776	 7.7500000000e+002	 1.54669e-009
777	 7.7600000000e+002	 3.32639e-009
778	 7.7700000000e+002	 4.59460e-009
779	 7.7800000000e+002	 2.03673e-009
780	 7.7900000000e+002	 7.81502e-009
781	 7.8000000000e+002	 7.19719e-008
782	 7.8100000000e+002	 4.43309e-008
783	 7.8200000000e+002	 1.11337e-009
784	 7.8300000000e+002	 1.26590e-009
785	 7.8400000000e+002	 4.69850e-009
786	 7.8500000000e+002	 1.79964e-008
787	 7.8600000000e+002	 1.21773e-008
788	 7.8700000000e+002	 2.25076e-009
789	 7.8800000000e+002	 7.55778e-010
790	 7.8900000000e+002	 3.52069e-010
791	 7.9000000000e+002	 2.89514e-010
792	 7.9100000000e+002	 4.01287e-010
793	 7.9200000000e+002	 7.94841e-010
794	 7.9300000000e+002	 9.91261e-010
795	 7.9400000000e+002	 1.28471e-009
796	 7.9500000000e+002	 3.20189e-009
797	 7.9600000000e+002	 1.92424e-009
798	 7.9700000000e+002	 1.19081e-009
799	 7.9800000000e+002	 8.10394e-010
800	 7.9900000000e+002	 4.69741e-010
801	 8.0000000000e+002	 1.40612e-009
TagsBegin:	 	 
OverLoad:	 	False
AverageNumber: []	 	 2.00000e+000
OverLoadRatio: []	 	 1.19209e-007
TagsEnd:	 	 
TagScalesBegin:	 	 
TagScalesEnd:	 	 



Header Size:	 79	 
Pulse Version:	 80	 
Running Pulse Version:	PULSE LabShop  Version 21.0.0.671 - 2017-10-20	 
Decimal Symbol:	.	 
Date Format:	yyyy-MM-dd	 
Time Format:	HH:mm:ss:mmm	 
Data Type:	Real	 
Slice:	False	 
Z-Axis type:	Linear	 
Z-Axis size:	1	 
Z-Axis unit:	 	 
Z-Axis first value:	 0.0000000000e+000	 
Z-Axis delta:	 1.0000000000e+000	 
X-Axis type:	Linear	 
X-Axis size:	801	 
X-Axis unit:	Hz	 
X-Axis first value:	 0.0000000000e+000	 
X-Axis delta:	 1.0000000000e+000	 
	 	 
AmplitudeUnit:	m/s^2	 
Analyzer:	FFT_Spectrum_Averaging	 
AnalyzerName:	FFT	 
	 	 
	 	 
Bipolar:	False	 
CenterFrequency:	 4.0000000000e+002	 
	 	 
	 	 
	 	 
	 	 
	 	 
	 	 
	 	 
	 	 
Domain:	1	 
Function:	Autospectrum	 
	 	 
InputRange:	 9.7181729835e+001	 
	 	 
	 	 
MultiBufferName:	Input	 
NBW:	 1.5000000000e+000	 
	 	 
OverlapFailed:	False	 
Overrun:	False	 
Power:	True	 
PowerUnit:	(m/s^2)^2	 
	 	 
RecordLength:	 1.0000000000e+000	 
ReducedSize:	True	 
	 	 
	 	 
	 	 
	 	 
	 	 
SamplingRatio:	 2.5600000000e+000	 
Signal:	Acc_ref_x	 
	 	 
SignalUnit:	m/s^2	 
	 	 
	 	 
	 	 
Title:	Autospectrum(Acc_ref_x)	 
Title1:	Working : 1mVpp : Input : FFT	 
	 	 
	 	 
Weight:	0	 
ZoomOn:	False	 
	 	 
TemplateName:	Working	 
MeasurementName:	1mVpp	 
MeasurementSlice:	False	 
	 	 
DeltaFrequency:	 1.0000000000e+000	 
	 	 
EnvelopeOn:	False	 
	 	 
	 	 
	 	 
Z-index:	 	1
Date:	 	2025-03-07
Time:	 	17:02:05:603
Relative time:	 	 0.00000e+000
Z-axis:	 	 0.0000000000e+000
1	 0.0000000000e+000	 6.53230e-008
2	 1.0000000000e+000	 2.40801e-007
3	 2.0000000000e+000	 2.72858e-007
4	 3.0000000000e+000	 4.53838e-007
5	 4.0000000000e+000	 1.83893e-007
6	 5.0000000000e+000	 5.58156e-008
7	 6.0000000000e+000	 4.09107e-008
8	 7.0000000000e+000	 5.03202e-008
9	 8.0000000000e+000	 2.39385e-008
10	 9.0000000000e+000	 9.88600e-008
11	 1.0000000000e+001	 2.47621e-007
12	 1.1000000000e+001	 4.99575e-008
13	 1.2000000000e+001	 5.49242e-009
14	 1.3000000000e+001	 1.23828e-008
15	 1.4000000000e+001	 1.20498e-008
16	 1.5000000000e+001	 1.28566e-008
17	 1.6000000000e+001	 6.54560e-009
18	 1.7000000000e+001	 5.28828e-009
19	 1.8000000000e+001	 1.09439e-008
20	 1.9000000000e+001	 2.20499e-008
21	 2.0000000000e+001	 1.43671e-008
22	 2.1000000000e+001	 5.69580e-009
23	 2.2000000000e+001	 4.71591e-009
24	 2.3000000000e+001	 5.21621e-009
25	 2.4000000000e+001	 6.65371e-009
26	 2.5000000000e+001	 8.34910e-009
27	 2.6000000000e+001	 5.92776e-009
28	 2.7000000000e+001	 1.52765e-008
29	 2.8000000000e+001	 2.44225e-008
30	 2.9000000000e+001	 8.75567e-009
31	 3.0000000000e+001	 9.68107e-009
32	 3.1000000000e+001	 5.07633e-009
33	 3.2000000000e+001	 9.00075e-009
34	 3.3000000000e+001	 1.05485e-008
35	 3.4000000000e+001	 9.49688e-009
36	 3.5000000000e+001	 6.65562e-009
37	 3.6000000000e+001	 1.08348e-009
38	 3.7000000000e+001	 7.50129e-008
39	 3.8000000000e+001	 1.43317e-007
40	 3.9000000000e+001	 8.60743e-008
41	 4.0000000000e+001	 2.21844e-008
42	 4.1000000000e+001	 2.72251e-009
43	 4.2000000000e+001	 2.21166e-009
44	 4.3000000000e+001	 1.20227e-008
45	 4.4000000000e+001	 6.05785e-009
46	 4.5000000000e+001	 2.85362e-009
47	 4.6000000000e+001	 2.11588e-009
48	 4.7000000000e+001	 2.93908e-009
49	 4.8000000000e+001	 4.66093e-009
50	 4.9000000000e+001	 1.06952e-008
51	 5.0000000000e+001	 1.37151e-008
52	 5.1000000000e+001	 9.64163e-009
53	 5.2000000000e+001	 4.64186e-009
54	 5.3000000000e+001	 1.82184e-009
55	 5.4000000000e+001	 2.60635e-009
56	 5.5000000000e+001	 2.43050e-009
57	 5.6000000000e+001	 4.12403e-009
58	 5.7000000000e+001	 1.35403e-009
59	 5.8000000000e+001	 1.27470e-009
60	 5.9000000000e+001	 1.73378e-006
61	 6.0000000000e+001	 7.38645e-006
62	 6.1000000000e+001	 1.98322e-006
63	 6.2000000000e+001	 1.23828e-008
64	 6.3000000000e+001	 6.64627e-009
65	 6.4000000000e+001	 1.20783e-009
66	 6.5000000000e+001	 1.81785e-009
67	 6.6000000000e+001	 4.61956e-009
68	 6.7000000000e+001	 6.89856e-009
69	 6.8000000000e+001	 8.87054e-009
70	 6.9000000000e+001	 2.37402e-009
71	 7.0000000000e+001	 7.23135e-010
72	 7.1000000000e+001	 1.11988e-009
73	 7.2000000000e+001	 1.54408e-009
74	 7.3000000000e+001	 1.66678e-009
75	 7.4000000000e+001	 4.11904e-009
76	 7.5000000000e+001	 6.31832e-009
77	 7.6000000000e+001	 3.35027e-009
78	 7.7000000000e+001	 3.66118e-009
79	 7.8000000000e+001	 4.61072e-009
80	 7.9000000000e+001	 2.16897e-009
81	 8.0000000000e+001	 3.40313e-009
82	 8.1000000000e+001	 5.34970e-009
83	 8.2000000000e+001	 2.12488e-009
84	 8.3000000000e+001	 1.97462e-009
85	 8.4000000000e+001	 2.79138e-009
86	 8.5000000000e+001	 4.15232e-009
87	 8.6000000000e+001	 3.83921e-009
88	 8.7000000000e+001	 9.27810e-009
89	 8.8000000000e+001	 7.00147e-009
90	 8.9000000000e+001	 3.62188e-009
91	 9.0000000000e+001	 1.14268e-009
92	 9.1000000000e+001	 1.35471e-009
93	 9.2000000000e+001	 2.41127e-009
94	 9.3000000000e+001	 4.92058e-010
95	 9.4000000000e+001	 1.39715e-009
96	 9.5000000000e+001	 1.37626e-009
97	 9.6000000000e+001	 1.41449e-009
98	 9.7000000000e+001	 5.08626e-009
99	 9.8000000000e+001	 5.48637e-009
100	 9.9000000000e+001	 1.87652e-006
101	 1.0000000000e+002	 7.75030e-006
102	 1.0100000000e+002	 1.90848e-006
103	 1.0200000000e+002	 1.45431e-009
104	 1.0300000000e+002	 2.26447e-009
105	 1.0400000000e+002	 1.41347e-009
106	 1.0500000000e+002	 3.49631e-009
107	 1.0600000000e+002	 1.75354e-009
108	 1.0700000000e+002	 5.82420e-010
109	 1.0800000000e+002	 6.53242e-010
110	 1.0900000000e+002	 3.26584e-010
111	 1.1000000000e+002	 1.84171e-009
112	 1.1100000000e+002	 7.23384e-010
113	 1.1200000000e+002	 3.02994e-009
114	 1.1300000000e+002	 1.89411e-009
115	 1.1400000000e+002	 1.02067e-009
116	 1.1500000000e+002	 1.43272e-009
117	 1.1600000000e+002	 2.28543e-009
118	 1.1700000000e+002	 2.88171e-009
119	 1.1800000000e+002	 2.22345e-009
120	 1.1900000000e+002	 2.17639e-006
121	 1.2000000000e+002	 9.68920e-006
122	 1.2100000000e+002	 2.66203e-006
123	 1.2200000000e+002	 2.20219e-009
124	 1.2300000000e+002	 4.40811e-009
125	 1.2400000000e+002	 4.99441e-009
126	 1.2500000000e+002	 3.25495e-009
127	 1.2600000000e+002	 7.88479e-009
128	 1.2700000000e+002	 5.07547e-009
129	 1.2800000000e+002	 1.57282e-009
130	 1.2900000000e+002	 2.34525e-009
131	 1.3000000000e+002	 7.35991e-009
132	 1.3100000000e+002	 4.99543e-009
133	 1.3200000000e+002	 1.96001e-009
134	 1.3300000000e+002	 3.74301e-009
135	 1.3400000000e+002	 2.86474e-009
136	 1.3500000000e+002	 7.94877e-010
137	 1.3600000000e+002	 1.33071e-009
138	 1.3700000000e+002	 8.97745e-010
139	 1.3800000000e+002	 3.52761e-009
140	 1.3900000000e+002	 7.67448e-009
141	 1.4000000000e+002	 5.02552e-009
142	 1.4100000000e+002	 2.54330e-009
143	 1.4200000000e+002	 2.00654e-009
144	 1.4300000000e+002	 2.93271e-009
145	 1.4400000000e+002	 3.02598e-009
146	 1.4500000000e+002	 8.93215e-010
147	 1.4600000000e+002	 9.30882e-010
148	 1.4700000000e+002	 3.39785e-009
149	 1.4800000000e+002	 1.62220e-009
150	 1.4900000000e+002	 3.32674e-009
151	 1.5000000000e+002	 5.78828e-009
152	 1.5100000000e+002	 3.66401e-009
153	 1.5200000000e+002	 5.12167e-009
154	 1.5300000000e+002	 5.00528e-009
155	 1.5400000000e+002	 4.03719e-009
156	 1.5500000000e+002	 9.85374e-010
157	 1.5600000000e+002	 6.15569e-009
158	 1.5700000000e+002	 6.29256e-008
159	 1.5800000000e+002	 7.87200e-008
160	 1.5900000000e+002	 2.81573e-008
161	 1.6000000000e+002	 1.46837e-008
162	 1.6100000000e+002	 3.02259e-009
163	 1.6200000000e+002	 1.71509e-008
164	 1.6300000000e+002	 2.24614e-008
165	 1.6400000000e+002	 9.83869e-009
166	 1.6500000000e+002	 3.62728e-009
167	 1.6600000000e+002	 8.64271e-009
168	 1.6700000000e+002	 7.04527e-009
169	 1.6800000000e+002	 8.37781e-010
170	 1.6900000000e+002	 2.03550e-008
171	 1.7000000000e+002	 3.02109e-008
172	 1.7100000000e+002	 3.57062e-008
173	 1.7200000000e+002	 2.71767e-008
174	 1.7300000000e+002	 4.76207e-009
175	 1.7400000000e+002	 4.07904e-009
176	 1.7500000000e+002	 7.38562e-009
177	 1.7600000000e+002	 1.45387e-008
178	 1.7700000000e+002	 4.32342e-008
179	 1.7800000000e+002	 5.88631e-008
180	 1.7900000000e+002	 4.68028e-006
181	 1.8000000000e+002	 2.14254e-005
182	 1.8100000000e+002	 6.19792e-006
183	 1.8200000000e+002	 5.24679e-009
184	 1.8300000000e+002	 2.29201e-009
185	 1.8400000000e+002	 1.77410e-009
186	 1.8500000000e+002	 4.70182e-009
187	 1.8600000000e+002	 4.40597e-009
188	 1.8700000000e+002	 1.76060e-009
189	 1.8800000000e+002	 3.00082e-009
190	 1.8900000000e+002	 1.57586e-008
191	 1.9000000000e+002	 9.02167e-009
192	 1.9100000000e+002	 4.35571e-009
193	 1.9200000000e+002	 6.63581e-009
194	 1.9300000000e+002	 1.21626e-009
195	 1.9400000000e+002	 2.62047e-009
196	 1.9500000000e+002	 8.25749e-009
197	 1.9600000000e+002	 3.46045e-009
198	 1.9700000000e+002	 2.03017e-009
199	 1.9800000000e+002	 1.97308e-009
200	 1.9900000000e+002	 2.02968e-009
201	 2.0000000000e+002	 9.16403e-009
202	 2.0100000000e+002	 1.67330e-009
203	 2.0200000000e+002	 4.59165e-010
204	 2.0300000000e+002	 7.38338e-010
205	 2.0400000000e+002	 3.67923e-010
206	 2.0500000000e+002	 1.04074e-009
207	 2.0600000000e+002	 3.06545e-009
208	 2.0700000000e+002	 5.02055e-009
209	 2.0800000000e+002	 6.24344e-009
210	 2.0900000000e+002	 4.68486e-009
211	 2.1000000000e+002	 7.03591e-009
212	 2.1100000000e+002	 7.48992e-009
213	 2.1200000000e+002	 4.02781e-009
214	 2.1300000000e+002	 1.48888e-008
215	 2.1400000000e+002	 2.73140e-008
216	 2.1500000000e+002	 4.99021e-008
217	 2.1600000000e+002	 2.20795e-008
218	 2.1700000000e+002	 8.55028e-009
219	 2.1800000000e+002	 5.88150e-008
220	 2.1900000000e+002	 1.04398e-007
221	 2.2000000000e+002	 1.90939e-008
222	 2.2100000000e+002	 2.95401e-009
223	 2.2200000000e+002	 2.12688e-009
224	 2.2300000000e+002	 2.36144e-009
225	 2.2400000000e+002	 4.49190e-009
226	 2.2500000000e+002	 1.50908e-009
227	 2.2600000000e+002	 6.83312e-010
228	 2.2700000000e+002	 1.42477e-009
229	 2.2800000000e+002	 8.20672e-010
230	 2.2900000000e+002	 1.05257e-009
231	 2.3000000000e+002	 1.94657e-009
232	 2.3100000000e+002	 3.00813e-009
233	 2.3200000000e+002	 1.18426e-009
234	 2.3300000000e+002	 5.29018e-009
235	 2.3400000000e+002	 4.34215e-009
236	 2.3500000000e+002	 1.24717e-009
237	 2.3600000000e+002	 1.87121e-009
238	 2.3700000000e+002	 3.30507e-009
239	 2.3800000000e+002	 6.41960e-009
240	 2.3900000000e+002	 2.37565e-006
241	 2.4000000000e+002	 1.25695e-005
242	 2.4100000000e+002	 4.07521e-006
243	 2.4200000000e+002	 3.78075e-009
244	 2.4300000000e+002	 7.50258e-010
245	 2.4400000000e+002	 8.31332e-010
246	 2.4500000000e+002	 2.86147e-010
247	 2.4600000000e+002	 9.68860e-011
248	 2.4700000000e+002	 3.32315e-010
249	 2.4800000000e+002	 1.39226e-009
250	 2.4900000000e+002	 1.32213e-009
251	 2.5000000000e+002	 5.22070e-009
252	 2.5100000000e+002	 4.57881e-009
253	 2.5200000000e+002	 1.53168e-009
254	 2.5300000000e+002	 2.99212e-009
255	 2.5400000000e+002	 3.80162e-009
256	 2.5500000000e+002	 5.22764e-009
257	 2.5600000000e+002	 2.54082e-009
258	 2.5700000000e+002	 4.45543e-009
259	 2.5800000000e+002	 4.82239e-009
260	 2.5900000000e+002	 4.57989e-009
261	 2.6000000000e+002	 2.31303e-009
262	 2.6100000000e+002	 1.69233e-009
263	 2.6200000000e+002	 9.50247e-010
264	 2.6300000000e+002	 1.14947e-009
265	 2.6400000000e+002	 2.67386e-009
266	 2.6500000000e+002	 3.62365e-009
267	 2.6600000000e+002	 3.46553e-009
268	 2.6700000000e+002	 1.61121e-009
269	 2.6800000000e+002	 6.06485e-010
270	 2.6900000000e+002	 1.08474e-009
271	 2.7000000000e+002	 6.35336e-010
272	 2.7100000000e+002	 3.77373e-010
273	 2.7200000000e+002	 1.06334e-009
274	 2.7300000000e+002	 9.99267e-010
275	 2.7400000000e+002	 1.54948e-009
276	 2.7500000000e+002	 1.19486e-009
277	 2.7600000000e+002	 1.31265e-010
278	 2.7700000000e+002	 1.41034e-009
279	 2.7800000000e+002	 1.23094e-008
280	 2.7900000000e+002	 1.65255e-008
281	 2.8000000000e+002	 4.27330e-009
282	 2.8100000000e+002	 4.46951e-010
283	 2.8200000000e+002	 3.88042e-010
284	 2.8300000000e+002	 4.71980e-010
285	 2.8400000000e+002	 9.09130e-010
286	 2.8500000000e+002	 2.50977e-009
287	 2.8600000000e+002	 5.99020e-010
288	 2.8700000000e+002	 3.89560e-010
289	 2.8800000000e+002	 3.62949e-010
290	 2.8900000000e+002	 2.55634e-010
291	 2.9000000000e+002	 6.96279e-010
292	 2.9100000000e+002	 1.71830e-009
293	 2.9200000000e+002	 8.11233e-010
294	 2.9300000000e+002	 5.46790e-010
295	 2.9400000000e+002	 4.02611e-010
296	 2.9500000000e+002	 1.39913e-009
297	 2.9600000000e+002	 2.65256e-009
298	 2.9700000000e+002	 6.83705e-010
299	 2.9800000000e+002	 4.46159e-010
300	 2.9900000000e+002	 1.23780e-009
301	 3.0000000000e+002	 7.47257e-009
302	 3.0100000000e+002	 4.06645e-009
303	 3.0200000000e+002	 1.07722e-009
304	 3.0300000000e+002	 3.14821e-010
305	 3.0400000000e+002	 5.66661e-010
306	 3.0500000000e+002	 3.84827e-010
307	 3.0600000000e+002	 6.18569e-010
308	 3.0700000000e+002	 7.65095e-010
309	 3.0800000000e+002	 3.36105e-010
310	 3.0900000000e+002	 9.83708e-010
311	 3.1000000000e+002	 7.71153e-010
312	 3.1100000000e+002	 3.84105e-010
313	 3.1200000000e+002	 3.08319e-010
314	 3.1300000000e+002	 2.73942e-010
315	 3.1400000000e+002	 3.48344e-010
316	 3.1500000000e+002	 1.33304e-009
317	 3.1600000000e+002	 1.84362e-009
318	 3.1700000000e+002	 1.37050e-009
319	 3.1800000000e+002	 1.75856e-009
320	 3.1900000000e+002	 6.87270e-010
321	 3.2000000000e+002	 7.06544e-010
322	 3.2100000000e+002	 4.83547e-010
323	 3.2200000000e+002	 1.54978e-009
324	 3.2300000000e+002	 2.22381e-009
325	 3.2400000000e+002	 3.22080e-009
326	 3.2500000000e+002	 8.99404e-009
327	 3.2600000000e+002	 1.38795e-009
328	 3.2700000000e+002	 1.46114e-009
329	 3.2800000000e+002	 8.97020e-010
330	 3.2900000000e+002	 7.36308e-010
331	 3.3000000000e+002	 4.42567e-010
332	 3.3100000000e+002	 7.94040e-010
333	 3.3200000000e+002	 1.32207e-009
334	 3.3300000000e+002	 5.02236e-010
335	 3.3400000000e+002	 3.70552e-010
336	 3.3500000000e+002	 2.11634e-009
337	 3.3600000000e+002	 2.42508e-009
338	 3.3700000000e+002	 7.88016e-010
339	 3.3800000000e+002	 4.52138e-010
340	 3.3900000000e+002	 4.58170e-010
341	 3.4000000000e+002	 4.11515e-010
342	 3.4100000000e+002	 4.81834e-010
343	 3.4200000000e+002	 3.95304e-010
344	 3.4300000000e+002	 3.99308e-009
345	 3.4400000000e+002	 1.34438e-008
346	 3.4500000000e+002	 3.81882e-009
347	 3.4600000000e+002	 9.29755e-010
348	 3.4700000000e+002	 6.94631e-010
349	 3.4800000000e+002	 2.83540e-010
350	 3.4900000000e+002	 3.81961e-010
351	 3.5000000000e+002	 1.24399e-009
352	 3.5100000000e+002	 4.83227e-010
353	 3.5200000000e+002	 9.34552e-010
354	 3.5300000000e+002	 1.36084e-009
355	 3.5400000000e+002	 2.78795e-010
356	 3.5500000000e+002	 6.36599e-010
357	 3.5600000000e+002	 1.48878e-009
358	 3.5700000000e+002	 9.99451e-010
359	 3.5800000000e+002	 8.29593e-010
360	 3.5900000000e+002	 2.39459e-008
361	 3.6000000000e+002	 1.52921e-007
362	 3.6100000000e+002	 5.82840e-008
363	 3.6200000000e+002	 9.94921e-010
364	 3.6300000000e+002	 8.84920e-010
365	 3.6400000000e+002	 4.69868e-010
366	 3.6500000000e+002	 3.01787e-010
367	 3.6600000000e+002	 5.60864e-010
368	 3.6700000000e+002	 2.76489e-010
369	 3.6800000000e+002	 6.25403e-010
370	 3.6900000000e+002	 2.90627e-010
371	 3.7000000000e+002	 3.65248e-010
372	 3.7100000000e+002	 1.92682e-009
373	 3.7200000000e+002	 2.58179e-009
374	 3.7300000000e+002	 6.86030e-010
375	 3.7400000000e+002	 1.58100e-010
376	 3.7500000000e+002	 3.66143e-010
377	 3.7600000000e+002	 5.35973e-010
378	 3.7700000000e+002	 1.15906e-009
379	 3.7800000000e+002	 1.30937e-009
380	 3.7900000000e+002	 6.32513e-010
381	 3.8000000000e+002	 3.27326e-010
382	 3.8100000000e+002	 8.12202e-010
383	 3.8200000000e+002	 7.44658e-010
384	 3.8300000000e+002	 1.29031e-009
385	 3.8400000000e+002	 1.19541e-009
386	 3.8500000000e+002	 2.67186e-010
387	 3.8600000000e+002	 8.01004e-010
388	 3.8700000000e+002	 4.71039e-010
389	 3.8800000000e+002	 5.28628e-010
390	 3.8900000000e+002	 5.47313e-010
391	 3.9000000000e+002	 5.95355e-010
392	 3.9100000000e+002	 6.25500e-010
393	 3.9200000000e+002	 2.24073e-010
394	 3.9300000000e+002	 4.53792e-010
395	 3.9400000000e+002	 1.16224e-009
396	 3.9500000000e+002	 7.13449e-010
397	 3.9600000000e+002	 4.38961e-010
398	 3.9700000000e+002	 5.97869e-010
399	 3.9800000000e+002	 8.94537e-010
400	 3.9900000000e+002	 5.86973e-009
401	 4.0000000000e+002	 5.62292e-009
402	 4.0100000000e+002	 4.89074e-010
403	 4.0200000000e+002	 1.48907e-009
404	 4.0300000000e+002	 9.39100e-010
405	 4.0400000000e+002	 8.75129e-010
406	 4.0500000000e+002	 4.39790e-010
407	 4.0600000000e+002	 5.42499e-010
408	 4.0700000000e+002	 7.08880e-010
409	 4.0800000000e+002	 3.05042e-009
410	 4.0900000000e+002	 2.63419e-007
411	 4.1000000000e+002	 1.11355e-006
412	 4.1100000000e+002	 2.95442e-007
413	 4.1200000000e+002	 6.70900e-009
414	 4.1300000000e+002	 1.51839e-009
415	 4.1400000000e+002	 9.00512e-010
416	 4.1500000000e+002	 2.30148e-009
417	 4.1600000000e+002	 5.84561e-009
418	 4.1700000000e+002	 6.08045e-009
419	 4.1800000000e+002	 3.31408e-009
420	 4.1900000000e+002	 3.59944e-008
421	 4.2000000000e+002	 2.18060e-007
422	 4.2100000000e+002	 7.87821e-008
423	 4.2200000000e+002	 4.08039e-009
424	 4.2300000000e+002	 2.97919e-008
425	 4.2400000000e+002	 2.92360e-008
426	 4.2500000000e+002	 1.91090e-007
427	 4.2600000000e+002	 5.18023e-007
428	 4.2700000000e+002	 8.73953e-007
429	 4.2800000000e+002	 2.36425e-007
430	 4.2900000000e+002	 3.16868e-007
431	 4.3000000000e+002	 3.98462e-007
432	 4.3100000000e+002	 1.14642e-007
433	 4.3200000000e+002	 4.85156e-008
434	 4.3300000000e+002	 2.49493e-008
435	 4.3400000000e+002	 1.91879e-008
436	 4.3500000000e+002	 1.48711e-008
437	 4.3600000000e+002	 2.19859e-008
438	 4.3700000000e+002	 5.59185e-008
439	 4.3800000000e+002	 4.32977e-008
440	 4.3900000000e+002	 1.36432e-008
441	 4.4000000000e+002	 8.73354e-009
442	 4.4100000000e+002	 8.60608e-009
443	 4.4200000000e+002	 5.29067e-008
444	 4.4300000000e+002	 3.70530e-008
445	 4.4400000000e+002	 2.06915e-009
446	 4.4500000000e+002	 7.68283e-010
447	 4.4600000000e+002	 2.84927e-009
448	 4.4700000000e+002	 1.20723e-007
449	 4.4800000000e+002	 3.30365e-007
450	 4.4900000000e+002	 5.33288e-008
451	 4.5000000000e+002	 4.58779e-009
452	 4.5100000000e+002	 2.34775e-009
453	 4.5200000000e+002	 8.79211e-010
454	 4.5300000000e+002	 7.74742e-010
455	 4.5400000000e+002	 5.47913e-010
456	 4.5500000000e+002	 5.48937e-010
457	 4.5600000000e+002	 8.72766e-010
458	 4.5700000000e+002	 8.01085e-010
459	 4.5800000000e+002	 6.13980e-010
460	 4.5900000000e+002	 2.85134e-010
461	 4.6000000000e+002	 5.62010e-010
462	 4.6100000000e+002	 6.39849e-010
463	 4.6200000000e+002	 9.64226e-010
464	 4.6300000000e+002	 9.67887e-010
465	 4.6400000000e+002	 1.74391e-009
466	 4.6500000000e+002	 5.12965e-010
467	 4.6600000000e+002	 2.17745e-010
468	 4.6700000000e+002	 2.69110e-010
469	 4.6800000000e+002	 1.80661e-010
470	 4.6900000000e+002	 4.91479e-010
471	 4.7000000000e+002	 5.64101e-010
472	 4.7100000000e+002	 8.72311e-010
473	 4.7200000000e+002	 6.79408e-010
474	 4.7300000000e+002	 4.03784e-010
475	 4.7400000000e+002	 6.03348e-010
476	 4.7500000000e+002	 2.99874e-010
477	 4.7600000000e+002	 3.97979e-010
478	 4.7700000000e+002	 2.74784e-010
479	 4.7800000000e+002	 8.01244e-010
480	 4.7900000000e+002	 5.10035e-008
481	 4.8000000000e+002	 3.63956e-007
482	 4.8100000000e+002	 1.55355e-007
483	 4.8200000000e+002	 1.50462e-009
484	 4.8300000000e+002	 9.39569e-010
485	 4.8400000000e+002	 8.45502e-010
486	 4.8500000000e+002	 3.94700e-010
487	 4.8600000000e+002	 6.50622e-010
488	 4.8700000000e+002	 1.67955e-009
489	 4.8800000000e+002	 3.09833e-009
490	 4.8900000000e+002	 2.10223e-009
491	 4.9000000000e+002	 1.09522e-009
492	 4.9100000000e+002	 8.42654e-010
493	 4.9200000000e+002	 7.32153e-009
494	 4.9300000000e+002	 3.65314e-009
495	 4.9400000000e+002	 6.86342e-010
496	 4.9500000000e+002	 7.13448e-010
497	 4.9600000000e+002	 9.14064e-010
498	 4.9700000000e+002	 2.15673e-009
499	 4.9800000000e+002	 6.90651e-009
500	 4.9900000000e+002	 1.88854e-008
501	 5.0000000000e+002	 1.27866e-008
502	 5.0100000000e+002	 5.46331e-009
503	 5.0200000000e+002	 2.29405e-009
504	 5.0300000000e+002	 2.40765e-009
505	 5.0400000000e+002	 1.25708e-009
506	 5.0500000000e+002	 1.83298e-009
507	 5.0600000000e+002	 1.84719e-009
508	 5.0700000000e+002	 1.36757e-009
509	 5.0800000000e+002	 1.52061e-009
510	 5.0900000000e+002	 1.05834e-009
511	 5.1000000000e+002	 9.55400e-010
512	 5.1100000000e+002	 7.54112e-010
513	 5.1200000000e+002	 1.93557e-010
514	 5.1300000000e+002	 2.04875e-010
515	 5.1400000000e+002	 6.07103e-010
516	 5.1500000000e+002	 1.64361e-009
517	 5.1600000000e+002	 2.02634e-009
518	 5.1700000000e+002	 3.01485e-010
519	 5.1800000000e+002	 5.89647e-010
520	 5.1900000000e+002	 5.23118e-010
521	 5.2000000000e+002	 1.42209e-010
522	 5.2100000000e+002	 1.62968e-010
523	 5.2200000000e+002	 3.37950e-010
524	 5.2300000000e+002	 4.56657e-010
525	 5.2400000000e+002	 7.06909e-010
526	 5.2500000000e+002	 2.80682e-010
527	 5.2600000000e+002	 2.62999e-010
528	 5.2700000000e+002	 1.26396e-010
529	 5.2800000000e+002	 8.49134e-011
530	 5.2900000000e+002	 1.68893e-009
531	 5.3000000000e+002	 8.00079e-009
532	 5.3100000000e+002	 3.25176e-009
533	 5.3200000000e+002	 1.88299e-010
534	 5.3300000000e+002	 1.50723e-010
535	 5.3400000000e+002	 5.52789e-010
536	 5.3500000000e+002	 1.41410e-010
537	 5.3600000000e+002	 7.25312e-010
538	 5.3700000000e+002	 1.63768e-009
539	 5.3800000000e+002	 1.34405e-009
540	 5.3900000000e+002	 6.82746e-010
541	 5.4000000000e+002	 4.71873e-010
542	 5.4100000000e+002	 3.06508e-010
543	 5.4200000000e+002	 2.95712e-010
544	 5.4300000000e+002	 5.68257e-010
545	 5.4400000000e+002	 1.20394e-009
546	 5.4500000000e+002	 1.16051e-009
547	 5.4600000000e+002	 6.30474e-010
548	 5.4700000000e+002	 3.61110e-010
549	 5.4800000000e+002	 6.78090e-010
550	 5.4900000000e+002	 4.46964e-010
551	 5.5000000000e+002	 1.00623e-009
552	 5.5100000000e+002	 8.27037e-010
553	 5.5200000000e+002	 5.12893e-010
554	 5.5300000000e+002	 1.01766e-009
555	 5.5400000000e+002	 4.08935e-010
556	 5.5500000000e+002	 1.04198e-010
557	 5.5600000000e+002	 6.15698e-010
558	 5.5700000000e+002	 4.73154e-010
559	 5.5800000000e+002	 4.86501e-010
560	 5.5900000000e+002	 8.14088e-010
561	 5.6000000000e+002	 3.31633e-010
562	 5.6100000000e+002	 3.36910e-010
563	 5.6200000000e+002	 2.59452e-010
564	 5.6300000000e+002	 4.86437e-010
565	 5.6400000000e+002	 3.89358e-010
566	 5.6500000000e+002	 1.41639e-010
567	 5.6600000000e+002	 1.82346e-010
568	 5.6700000000e+002	 3.36185e-010
569	 5.6800000000e+002	 1.80371e-010
570	 5.6900000000e+002	 1.93373e-010
571	 5.7000000000e+002	 2.31160e-010
572	 5.7100000000e+002	 4.93638e-010
573	 5.7200000000e+002	 1.42620e-010
574	 5.7300000000e+002	 3.63788e-010
575	 5.7400000000e+002	 7.52934e-011
576	 5.7500000000e+002	 4.79863e-010
577	 5.7600000000e+002	 7.80098e-010
578	 5.7700000000e+002	 4.57600e-010
579	 5.7800000000e+002	 4.59215e-010
580	 5.7900000000e+002	 6.26022e-010
581	 5.8000000000e+002	 6.21398e-010
582	 5.8100000000e+002	 1.81203e-010
583	 5.8200000000e+002	 2.75142e-010
584	 5.8300000000e+002	 4.52466e-010
585	 5.8400000000e+002	 9.33193e-010
586	 5.8500000000e+002	 8.69307e-010
587	 5.8600000000e+002	 4.28079e-010
588	 5.8700000000e+002	 3.85402e-010
589	 5.8800000000e+002	 1.44772e-010
590	 5.8900000000e+002	 8.74167e-011
591	 5.9000000000e+002	 4.69188e-010
592	 5.9100000000e+002	 3.30137e-010
593	 5.9200000000e+002	 2.52819e-010
594	 5.9300000000e+002	 5.20021e-010
595	 5.9400000000e+002	 7.15053e-010
596	 5.9500000000e+002	 1.18869e-009
597	 5.9600000000e+002	 8.01711e-010
598	 5.9700000000e+002	 4.56115e-010
599	 5.9800000000e+002	 5.03876e-010
600	 5.9900000000e+002	 2.57823e-010
601	 6.0000000000e+002	 1.06381e-009
602	 6.0100000000e+002	 2.07183e-010
603	 6.0200000000e+002	 6.08478e-010
604	 6.0300000000e+002	 3.21235e-010
605	 6.0400000000e+002	 6.76171e-010
606	 6.0500000000e+002	 1.22451e-009
607	 6.0600000000e+002	 9.09002e-010
608	 6.0700000000e+002	 9.14405e-010
609	 6.0800000000e+002	 7.17448e-010
610	 6.0900000000e+002	 2.48639e-010
611	 6.1000000000e+002	 2.51711e-010
612	 6.1100000000e+002	 1.57987e-010
613	 6.1200000000e+002	 2.32955e-010
614	 6.1300000000e+002	 2.76904e-010
615	 6.1400000000e+002	 1.15442e-010
616	 6.1500000000e+002	 2.82827e-010
617	 6.1600000000e+002	 1.74051e-010
618	 6.1700000000e+002	 5.86640e-010
619	 6.1800000000e+002	 5.71895e-010
620	 6.1900000000e+002	 5.93529e-010
621	 6.2000000000e+002	 4.28441e-010
622	 6.2100000000e+002	 4.95577e-010
623	 6.2200000000e+002	 2.93477e-010
624	 6.2300000000e+002	 2.65994e-010
625	 6.2400000000e+002	 2.03760e-010
626	 6.2500000000e+002	 4.24058e-010
627	 6.2600000000e+002	 7.38135e-010
628	 6.2700000000e+002	 1.08431e-009
629	 6.2800000000e+002	 3.92373e-010
630	 6.2900000000e+002	 5.01333e-010
631	 6.3000000000e+002	 1.15664e-009
632	 6.3100000000e+002	 8.58608e-010
633	 6.3200000000e+002	 4.91004e-010
634	 6.3300000000e+002	 2.89968e-010
635	 6.3400000000e+002	 5.98503e-010
636	 6.3500000000e+002	 9.63784e-010
637	 6.3600000000e+002	 6.54985e-010
638	 6.3700000000e+002	 1.65322e-009
639	 6.3800000000e+002	 8.52492e-010
640	 6.3900000000e+002	 4.56921e-010
641	 6.4000000000e+002	 8.15149e-010
642	 6.4100000000e+002	 9.90312e-010
643	 6.4200000000e+002	 2.74667e-009
644	 6.4300000000e+002	 5.14850e-009
645	 6.4400000000e+002	 3.86856e-009
646	 6.4500000000e+002	 3.91727e-009
647	 6.4600000000e+002	 2.14355e-009
648	 6.4700000000e+002	 5.53005e-010
649	 6.4800000000e+002	 1.40928e-009
650	 6.4900000000e+002	 7.54814e-009
651	 6.5000000000e+002	 2.83174e-008
652	 6.5100000000e+002	 1.58336e-008
653	 6.5200000000e+002	 1.68363e-009
654	 6.5300000000e+002	 5.80002e-010
655	 6.5400000000e+002	 3.51830e-010
656	 6.5500000000e+002	 4.96617e-010
657	 6.5600000000e+002	 5.38369e-010
658	 6.5700000000e+002	 4.84569e-010
659	 6.5800000000e+002	 6.47119e-010
660	 6.5900000000e+002	 7.13423e-010
661	 6.6000000000e+002	 2.34186e-009
662	 6.6100000000e+002	 1.96548e-009
663	 6.6200000000e+002	 6.29123e-010
664	 6.6300000000e+002	 1.16894e-010
665	 6.6400000000e+002	 8.49986e-010
666	 6.6500000000e+002	 5.41055e-009
667	 6.6600000000e+002	 2.58609e-009
668	 6.6700000000e+002	 6.46464e-010
669	 6.6800000000e+002	 6.85097e-010
670	 6.6900000000e+002	 4.59370e-010
671	 6.7000000000e+002	 6.03541e-010
672	 6.7100000000e+002	 1.01029e-009
673	 6.7200000000e+002	 2.38167e-010
674	 6.7300000000e+002	 1.79029e-010
675	 6.7400000000e+002	 6.64683e-010
676	 6.7500000000e+002	 3.13231e-010
677	 6.7600000000e+002	 3.91536e-010
678	 6.7700000000e+002	 5.99182e-010
679	 6.7800000000e+002	 5.07971e-010
680	 6.7900000000e+002	 4.01605e-010
681	 6.8000000000e+002	 8.93220e-010
682	 6.8100000000e+002	 3.18550e-010
683	 6.8200000000e+002	 4.17733e-010
684	 6.8300000000e+002	 6.19447e-010
685	 6.8400000000e+002	 6.75695e-010
686	 6.8500000000e+002	 2.82331e-010
687	 6.8600000000e+002	 7.70734e-010
688	 6.8700000000e+002	 1.58510e-009
689	 6.8800000000e+002	 4.05611e-009
690	 6.8900000000e+002	 1.26170e-009
691	 6.9000000000e+002	 3.91144e-010
692	 6.9100000000e+002	 5.59564e-010
693	 6.9200000000e+002	 8.99505e-010
694	 6.9300000000e+002	 4.33106e-010
695	 6.9400000000e+002	 4.64594e-010
696	 6.9500000000e+002	 5.24240e-010
697	 6.9600000000e+002	 1.63399e-010
698	 6.9700000000e+002	 2.77135e-010
699	 6.9800000000e+002	 5.99026e-011
700	 6.9900000000e+002	 2.03179e-010
701	 7.0000000000e+002	 9.69884e-010
702	 7.0100000000e+002	 3.92835e-010
703	 7.0200000000e+002	 1.39069e-010
704	 7.0300000000e+002	 1.19003e-010
705	 7.0400000000e+002	 1.01503e-009
706	 7.0500000000e+002	 7.76595e-010
707	 7.0600000000e+002	 4.74843e-010
708	 7.0700000000e+002	 2.58505e-010
709	 7.0800000000e+002	 5.21182e-010
710	 7.0900000000e+002	 4.22611e-010
711	 7.1000000000e+002	 1.74342e-010
712	 7.1100000000e+002	 3.46997e-010
713	 7.1200000000e+002	 1.99144e-010
714	 7.1300000000e+002	 9.71428e-011
715	 7.1400000000e+002	 2.12852e-010
716	 7.1500000000e+002	 3.34744e-010
717	 7.1600000000e+002	 2.36030e-010
718	 7.1700000000e+002	 1.98944e-010
719	 7.1800000000e+002	 2.08633e-010
720	 7.1900000000e+002	 4.29543e-009
721	 7.2000000000e+002	 4.07272e-008
722	 7.2100000000e+002	 2.09089e-008
723	 7.2200000000e+002	 1.39873e-010
724	 7.2300000000e+002	 1.63455e-010
725	 7.2400000000e+002	 4.53346e-010
726	 7.2500000000e+002	 1.01776e-009
727	 7.2600000000e+002	 4.72808e-010
728	 7.2700000000e+002	 2.68776e-010
729	 7.2800000000e+002	 4.24685e-010
730	 7.2900000000e+002	 5.23444e-010
731	 7.3000000000e+002	 5.89669e-010
732	 7.3100000000e+002	 6.57587e-010
733	 7.3200000000e+002	 9.03185e-010
734	 7.3300000000e+002	 8.44796e-010
735	 7.3400000000e+002	 6.87997e-010
736	 7.3500000000e+002	 8.71684e-010
737	 7.3600000000e+002	 3.02888e-010
738	 7.3700000000e+002	 3.56414e-010
739	 7.3800000000e+002	 5.42868e-010
740	 7.3900000000e+002	 6.81063e-010
741	 7.4000000000e+002	 6.79927e-010
742	 7.4100000000e+002	 3.72109e-010
743	 7.4200000000e+002	 1.20401e-010
744	 7.4300000000e+002	 2.62579e-010
745	 7.4400000000e+002	 6.42622e-010
746	 7.4500000000e+002	 4.94096e-010
747	 7.4600000000e+002	 1.17673e-010
748	 7.4700000000e+002	 4.98919e-010
749	 7.4800000000e+002	 4.85446e-010
750	 7.4900000000e+002	 1.14550e-010
751	 7.5000000000e+002	 1.19618e-010
752	 7.5100000000e+002	 1.30119e-010
753	 7.5200000000e+002	 1.40740e-010
754	 7.5300000000e+002	 2.10227e-010
755	 7.5400000000e+002	 2.51130e-010
756	 7.5500000000e+002	 2.38208e-010
757	 7.5600000000e+002	 2.48810e-010
758	 7.5700000000e+002	 2.05834e-010
759	 7.5800000000e+002	 7.43317e-010
760	 7.5900000000e+002	 1.53665e-009
761	 7.6000000000e+002	 1.47372e-009
762	 7.6100000000e+002	 2.91943e-010
763	 7.6200000000e+002	 1.04401e-010
764	 7.6300000000e+002	 1.17458e-010
765	 7.6400000000e+002	 2.59869e-010
766	 7.6500000000e+002	 7.11264e-010
767	 7.6600000000e+002	 3.24502e-010
768	 7.6700000000e+002	 1.64067e-010
769	 7.6800000000e+002	 8.57045e-011
770	 7.6900000000e+002	 2.07413e-010
771	 7.7000000000e+002	 1.31831e-009
772	 7.7100000000e+002	 5.66928e-010
773	 7.7200000000e+002	 2.42658e-010
774	 7.7300000000e+002	 1.99150e-010
775	 7.7400000000e+002	 6.46844e-011
776	 7.7500000000e+002	 9.94547e-011
777	 7.7600000000e+002	 1.00278e-010
778	 7.7700000000e+002	 9.01295e-011
779	 7.7800000000e+002	 1.85832e-010
780	 7.7900000000e+002	 4.12820e-011
781	 7.8000000000e+002	 1.77750e-010
782	 7.8100000000e+002	 2.49427e-010
783	 7.8200000000e+002	 7.49485e-011
784	 7.8300000000e+002	 1.75651e-010
785	 7.8400000000e+002	 3.96440e-010
786	 7.8500000000e+002	 3.36610e-010
787	 7.8600000000e+002	 2.18830e-010
788	 7.8700000000e+002	 1.51881e-010
789	 7.8800000000e+002	 2.41064e-010
790	 7.8900000000e+002	 1.88758e-010
791	 7.9000000000e+002	 8.98982e-011
792	 7.9100000000e+002	 2.44544e-010
793	 7.9200000000e+002	 1.30950e-010
794	 7.9300000000e+002	 1.59361e-010
795	 7.9400000000e+002	 1.80772e-010
796	 7.9500000000e+002	 8.59357e-010
797	 7.9600000000e+002	 5.64973e-010
798	 7.9700000000e+002	 5.94414e-011
799	 7.9800000000e+002	 6.34409e-010
800	 7.9900000000e+002	 1.02174e-009
801	 8.0000000000e+002	 1.38155e-009
TagsBegin:	 	 
OverLoad:	 	False
AverageNumber: []	 	 2.00000e+000
OverLoadRatio: []	 	 1.19209e-007
TagsEnd:	 	 
TagScalesBegin:	 	 
TagScalesEnd:	 	 



Header Size:	 79	 
Pulse Version:	 80	 
Running Pulse Version:	PULSE LabShop  Version 21.0.0.671 - 2017-10-20	 
Decimal Symbol:	.	 
Date Format:	yyyy-MM-dd	 
Time Format:	HH:mm:ss:mmm	 
Data Type:	Real	 
Slice:	False	 
Z-Axis type:	Linear	 
Z-Axis size:	1	 
Z-Axis unit:	 	 
Z-Axis first value:	 0.0000000000e+000	 
Z-Axis delta:	 1.0000000000e+000	 
X-Axis type:	Linear	 
X-Axis size:	801	 
X-Axis unit:	Hz	 
X-Axis first value:	 0.0000000000e+000	 
X-Axis delta:	 1.0000000000e+000	 
	 	 
AmplitudeUnit:	m/s^2	 
Analyzer:	FFT_Spectrum_Averaging	 
AnalyzerName:	FFT	 
	 	 
	 	 
Bipolar:	False	 
CenterFrequency:	 4.0000000000e+002	 
	 	 
	 	 
	 	 
	 	 
	 	 
	 	 
	 	 
	 	 
Domain:	1	 
Function:	Autospectrum	 
	 	 
InputRange:	 1.0373443983e+002	 
	 	 
	 	 
MultiBufferName:	Input	 
NBW:	 1.5000000000e+000	 
	 	 
OverlapFailed:	False	 
Overrun:	False	 
Power:	True	 
PowerUnit:	(m/s^2)^2	 
	 	 
RecordLength:	 1.0000000000e+000	 
ReducedSize:	True	 
	 	 
	 	 
	 	 
	 	 
	 	 
SamplingRatio:	 2.5600000000e+000	 
Signal:	Acc_ref_y	 
	 	 
SignalUnit:	m/s^2	 
	 	 
	 	 
	 	 
Title:	Autospectrum(Acc_ref_y)	 
Title1:	Working : 1mVpp : Input : FFT	 
	 	 
	 	 
Weight:	0	 
ZoomOn:	False	 
	 	 
TemplateName:	Working	 
MeasurementName:	1mVpp	 
MeasurementSlice:	False	 
	 	 
DeltaFrequency:	 1.0000000000e+000	 
	 	 
EnvelopeOn:	False	 
	 	 
	 	 
	 	 
Z-index:	 	1
Date:	 	2025-03-07
Time:	 	17:02:05:603
Relative time:	 	 0.00000e+000
Z-axis:	 	 0.0000000000e+000
1	 0.0000000000e+000	 1.00745e-007
2	 1.0000000000e+000	 3.26373e-007
3	 2.0000000000e+000	 2.13901e-007
4	 3.0000000000e+000	 8.69961e-008
5	 4.0000000000e+000	 4.77283e-008
6	 5.0000000000e+000	 2.97145e-008
7	 6.0000000000e+000	 9.65869e-009
8	 7.0000000000e+000	 4.29054e-008
9	 8.0000000000e+000	 4.93490e-008
10	 9.0000000000e+000	 1.77745e-008
11	 1.0000000000e+001	 8.48150e-009
12	 1.1000000000e+001	 1.70959e-008
13	 1.2000000000e+001	 2.64062e-008
14	 1.3000000000e+001	 1.95606e-008
15	 1.4000000000e+001	 8.57634e-009
16	 1.5000000000e+001	 5.37637e-009
17	 1.6000000000e+001	 6.33307e-009
18	 1.7000000000e+001	 6.45839e-009
19	 1.8000000000e+001	 8.98527e-009
20	 1.9000000000e+001	 2.54666e-008
21	 2.0000000000e+001	 1.52574e-008
22	 2.1000000000e+001	 5.52353e-009
23	 2.2000000000e+001	 7.00350e-009
24	 2.3000000000e+001	 1.51996e-008
25	 2.4000000000e+001	 1.64586e-008
26	 2.5000000000e+001	 1.21794e-008
27	 2.6000000000e+001	 1.33772e-008
28	 2.7000000000e+001	 1.27725e-008
29	 2.8000000000e+001	 7.77884e-009
30	 2.9000000000e+001	 1.43602e-008
31	 3.0000000000e+001	 9.19073e-009
32	 3.1000000000e+001	 5.01055e-008
33	 3.2000000000e+001	 2.05272e-008
34	 3.3000000000e+001	 3.94019e-009
35	 3.4000000000e+001	 1.81345e-009
36	 3.5000000000e+001	 2.35873e-009
37	 3.6000000000e+001	 1.10287e-009
38	 3.7000000000e+001	 7.50861e-008
39	 3.8000000000e+001	 1.31970e-007
40	 3.9000000000e+001	 2.20053e-007
41	 4.0000000000e+001	 6.97742e-008
42	 4.1000000000e+001	 3.40945e-009
43	 4.2000000000e+001	 5.38756e-008
44	 4.3000000000e+001	 2.30950e-007
45	 4.4000000000e+001	 8.13952e-008
46	 4.5000000000e+001	 1.32446e-008
47	 4.6000000000e+001	 1.12476e-008
48	 4.7000000000e+001	 7.68363e-009
49	 4.8000000000e+001	 5.69197e-009
50	 4.9000000000e+001	 4.03631e-009
51	 5.0000000000e+001	 3.07339e-009
52	 5.1000000000e+001	 1.21693e-009
53	 5.2000000000e+001	 1.89314e-009
54	 5.3000000000e+001	 7.35249e-010
55	 5.4000000000e+001	 1.50283e-009
56	 5.5000000000e+001	 5.44480e-009
57	 5.6000000000e+001	 5.40663e-009
58	 5.7000000000e+001	 6.34129e-009
59	 5.8000000000e+001	 1.27253e-008
60	 5.9000000000e+001	 1.48655e-008
61	 6.0000000000e+001	 5.95413e-009
62	 6.1000000000e+001	 1.87830e-009
63	 6.2000000000e+001	 2.81875e-009
64	 6.3000000000e+001	 4.41525e-009
65	 6.4000000000e+001	 1.27736e-009
66	 6.5000000000e+001	 4.13469e-009
67	 6.6000000000e+001	 1.05523e-009
68	 6.7000000000e+001	 5.06320e-009
69	 6.8000000000e+001	 6.01882e-009
70	 6.9000000000e+001	 9.84631e-009
71	 7.0000000000e+001	 8.53011e-009
72	 7.1000000000e+001	 3.19421e-009
73	 7.2000000000e+001	 1.56565e-009
74	 7.3000000000e+001	 1.78326e-009
75	 7.4000000000e+001	 2.10046e-009
76	 7.5000000000e+001	 4.02956e-009
77	 7.6000000000e+001	 3.43556e-009
78	 7.7000000000e+001	 2.01185e-009
79	 7.8000000000e+001	 7.17074e-010
80	 7.9000000000e+001	 7.09949e-010
81	 8.0000000000e+001	 1.33911e-009
82	 8.1000000000e+001	 2.03252e-009
83	 8.2000000000e+001	 9.58643e-010
84	 8.3000000000e+001	 2.11717e-009
85	 8.4000000000e+001	 2.46838e-009
86	 8.5000000000e+001	 2.10752e-009
87	 8.6000000000e+001	 2.96750e-009
88	 8.7000000000e+001	 3.35195e-009
89	 8.8000000000e+001	 1.04315e-009
90	 8.9000000000e+001	 1.39651e-009
91	 9.0000000000e+001	 9.99230e-010
92	 9.1000000000e+001	 1.02729e-009
93	 9.2000000000e+001	 2.72655e-009
94	 9.3000000000e+001	 5.85639e-009
95	 9.4000000000e+001	 6.26725e-009
96	 9.5000000000e+001	 1.58659e-009
97	 9.6000000000e+001	 9.89123e-010
98	 9.7000000000e+001	 9.85896e-010
99	 9.8000000000e+001	 1.56758e-009
100	 9.9000000000e+001	 5.21772e-009
101	 1.0000000000e+002	 2.15251e-008
102	 1.0100000000e+002	 6.82665e-009
103	 1.0200000000e+002	 3.42023e-009
104	 1.0300000000e+002	 3.23107e-009
105	 1.0400000000e+002	 1.51752e-009
106	 1.0500000000e+002	 1.48618e-009
107	 1.0600000000e+002	 1.37156e-009
108	 1.0700000000e+002	 2.34088e-009
109	 1.0800000000e+002	 7.00719e-009
110	 1.0900000000e+002	 4.33997e-009
111	 1.1000000000e+002	 1.35959e-009
112	 1.1100000000e+002	 2.31337e-009
113	 1.1200000000e+002	 1.02787e-009
114	 1.1300000000e+002	 8.20565e-010
115	 1.1400000000e+002	 1.52743e-009
116	 1.1500000000e+002	 5.23974e-010
117	 1.1600000000e+002	 1.10239e-009
118	 1.1700000000e+002	 6.27298e-009
119	 1.1800000000e+002	 8.05834e-009
120	 1.1900000000e+002	 2.34447e-007
121	 1.2000000000e+002	 1.01590e-006
122	 1.2100000000e+002	 2.70944e-007
123	 1.2200000000e+002	 6.93970e-010
124	 1.2300000000e+002	 1.24984e-009
125	 1.2400000000e+002	 2.43243e-009
126	 1.2500000000e+002	 1.32406e-009
127	 1.2600000000e+002	 1.63806e-009
128	 1.2700000000e+002	 2.52070e-009
129	 1.2800000000e+002	 2.35381e-009
130	 1.2900000000e+002	 1.48716e-009
131	 1.3000000000e+002	 7.70103e-010
132	 1.3100000000e+002	 1.54103e-009
133	 1.3200000000e+002	 4.29007e-009
134	 1.3300000000e+002	 2.79801e-009
135	 1.3400000000e+002	 1.90796e-009
136	 1.3500000000e+002	 3.07788e-010
137	 1.3600000000e+002	 1.64127e-009
138	 1.3700000000e+002	 2.09193e-009
139	 1.3800000000e+002	 2.53986e-009
140	 1.3900000000e+002	 2.98330e-009
141	 1.4000000000e+002	 1.55436e-009
142	 1.4100000000e+002	 3.64355e-010
143	 1.4200000000e+002	 3.20936e-010
144	 1.4300000000e+002	 3.82710e-010
145	 1.4400000000e+002	 1.24343e-009
146	 1.4500000000e+002	 1.32993e-009
147	 1.4600000000e+002	 1.04653e-009
148	 1.4700000000e+002	 1.35554e-009
149	 1.4800000000e+002	 1.04969e-009
150	 1.4900000000e+002	 1.49214e-009
151	 1.5000000000e+002	 2.81044e-009
152	 1.5100000000e+002	 1.94042e-009
153	 1.5200000000e+002	 1.25284e-009
154	 1.5300000000e+002	 3.50325e-009
155	 1.5400000000e+002	 5.13994e-009
156	 1.5500000000e+002	 3.71185e-009
157	 1.5600000000e+002	 1.38703e-009
158	 1.5700000000e+002	 3.72121e-010
159	 1.5800000000e+002	 1.11705e-009
160	 1.5900000000e+002	 1.01528e-009
161	 1.6000000000e+002	 2.81097e-009
162	 1.6100000000e+002	 2.35431e-009
163	 1.6200000000e+002	 1.06797e-009
164	 1.6300000000e+002	 4.44927e-010
165	 1.6400000000e+002	 1.19658e-009
166	 1.6500000000e+002	 2.12615e-009
167	 1.6600000000e+002	 2.07764e-009
168	 1.6700000000e+002	 1.71981e-009
169	 1.6800000000e+002	 3.05712e-009
170	 1.6900000000e+002	 3.14559e-009
171	 1.7000000000e+002	 1.03874e-009
172	 1.7100000000e+002	 2.98147e-009
173	 1.7200000000e+002	 1.02812e-009
174	 1.7300000000e+002	 1.97189e-009
175	 1.7400000000e+002	 4.48342e-009
176	 1.7500000000e+002	 2.57708e-009
177	 1.7600000000e+002	 4.85512e-010
178	 1.7700000000e+002	 1.05781e-010
179	 1.7800000000e+002	 1.06183e-009
180	 1.7900000000e+002	 2.07925e-009
181	 1.8000000000e+002	 1.05052e-008
182	 1.8100000000e+002	 4.53831e-009
183	 1.8200000000e+002	 1.99849e-009
184	 1.8300000000e+002	 1.71869e-009
185	 1.8400000000e+002	 1.56021e-009
186	 1.8500000000e+002	 2.12101e-009
187	 1.8600000000e+002	 1.81218e-009
188	 1.8700000000e+002	 3.99570e-010
189	 1.8800000000e+002	 1.38360e-009
190	 1.8900000000e+002	 2.44456e-009
191	 1.9000000000e+002	 1.36934e-009
192	 1.9100000000e+002	 1.28735e-009
193	 1.9200000000e+002	 9.86054e-010
194	 1.9300000000e+002	 8.16111e-010
195	 1.9400000000e+002	 8.22079e-010
196	 1.9500000000e+002	 1.07552e-009
197	 1.9600000000e+002	 2.45111e-010
198	 1.9700000000e+002	 3.06840e-009
199	 1.9800000000e+002	 4.85087e-009
200	 1.9900000000e+002	 1.03244e-008
201	 2.0000000000e+002	 1.80791e-008
202	 2.0100000000e+002	 4.01585e-009
203	 2.0200000000e+002	 1.31251e-009
204	 2.0300000000e+002	 5.91364e-010
205	 2.0400000000e+002	 1.87752e-009
206	 2.0500000000e+002	 2.84747e-009
207	 2.0600000000e+002	 1.18725e-009
208	 2.0700000000e+002	 6.04745e-010
209	 2.0800000000e+002	 7.16070e-010
210	 2.0900000000e+002	 1.87541e-010
211	 2.1000000000e+002	 8.13162e-010
212	 2.1100000000e+002	 2.63648e-009
213	 2.1200000000e+002	 2.07075e-009
214	 2.1300000000e+002	 7.81330e-010
215	 2.1400000000e+002	 1.11447e-009
216	 2.1500000000e+002	 5.52530e-010
217	 2.1600000000e+002	 6.03174e-010
218	 2.1700000000e+002	 2.57139e-009
219	 2.1800000000e+002	 2.14833e-009
220	 2.1900000000e+002	 5.54540e-010
221	 2.2000000000e+002	 1.20593e-009
222	 2.2100000000e+002	 1.57542e-009
223	 2.2200000000e+002	 8.98586e-010
224	 2.2300000000e+002	 5.26602e-010
225	 2.2400000000e+002	 6.91562e-010
226	 2.2500000000e+002	 1.29900e-009
227	 2.2600000000e+002	 1.76544e-009
228	 2.2700000000e+002	 1.79070e-009
229	 2.2800000000e+002	 8.73186e-010
230	 2.2900000000e+002	 7.41622e-010
231	 2.3000000000e+002	 8.45512e-010
232	 2.3100000000e+002	 4.24639e-010
233	 2.3200000000e+002	 6.51875e-010
234	 2.3300000000e+002	 1.21897e-009
235	 2.3400000000e+002	 2.04625e-009
236	 2.3500000000e+002	 1.01102e-009
237	 2.3600000000e+002	 1.31753e-009
238	 2.3700000000e+002	 1.46902e-009
239	 2.3800000000e+002	 5.43239e-010
240	 2.3900000000e+002	 6.23879e-009
241	 2.4000000000e+002	 3.58180e-008
242	 2.4100000000e+002	 9.99237e-009
243	 2.4200000000e+002	 1.37960e-009
244	 2.4300000000e+002	 1.12366e-009
245	 2.4400000000e+002	 8.20778e-010
246	 2.4500000000e+002	 1.70909e-009
247	 2.4600000000e+002	 3.13624e-009
248	 2.4700000000e+002	 5.07492e-010
249	 2.4800000000e+002	 3.20867e-009
250	 2.4900000000e+002	 3.68377e-009
251	 2.5000000000e+002	 3.53147e-009
252	 2.5100000000e+002	 1.25468e-009
253	 2.5200000000e+002	 9.84782e-010
254	 2.5300000000e+002	 5.61401e-010
255	 2.5400000000e+002	 6.28951e-010
256	 2.5500000000e+002	 8.62746e-010
257	 2.5600000000e+002	 3.35663e-009
258	 2.5700000000e+002	 3.01744e-009
259	 2.5800000000e+002	 2.00992e-009
260	 2.5900000000e+002	 5.86176e-010
261	 2.6000000000e+002	 6.74866e-010
262	 2.6100000000e+002	 1.01068e-009
263	 2.6200000000e+002	 1.34896e-009
264	 2.6300000000e+002	 1.87826e-009
265	 2.6400000000e+002	 8.23687e-010
266	 2.6500000000e+002	 5.39872e-010
267	 2.6600000000e+002	 3.45320e-010
268	 2.6700000000e+002	 5.54316e-010
269	 2.6800000000e+002	 9.46527e-010
270	 2.6900000000e+002	 3.73760e-010
271	 2.7000000000e+002	 9.00165e-010
272	 2.7100000000e+002	 2.15528e-009
273	 2.7200000000e+002	 1.56885e-009
274	 2.7300000000e+002	 7.47318e-010
275	 2.7400000000e+002	 3.50499e-010
276	 2.7500000000e+002	 7.65309e-010
277	 2.7600000000e+002	 1.29474e-009
278	 2.7700000000e+002	 8.37606e-010
279	 2.7800000000e+002	 2.82551e-009
280	 2.7900000000e+002	 4.26297e-009
281	 2.8000000000e+002	 1.21649e-009
282	 2.8100000000e+002	 6.29766e-010
283	 2.8200000000e+002	 3.65113e-010
284	 2.8300000000e+002	 1.07961e-009
285	 2.8400000000e+002	 1.48757e-009
286	 2.8500000000e+002	 2.85396e-009
287	 2.8600000000e+002	 1.60319e-009
288	 2.8700000000e+002	 1.82426e-010
289	 2.8800000000e+002	 1.52742e-010
290	 2.8900000000e+002	 5.54683e-010
291	 2.9000000000e+002	 3.76979e-010
292	 2.9100000000e+002	 7.86398e-010
293	 2.9200000000e+002	 1.74239e-009
294	 2.9300000000e+002	 1.62675e-009
295	 2.9400000000e+002	 8.83645e-010
296	 2.9500000000e+002	 4.27449e-010
297	 2.9600000000e+002	 2.16421e-010
298	 2.9700000000e+002	 1.14188e-009
299	 2.9800000000e+002	 1.24126e-009
300	 2.9900000000e+002	 2.68040e-009
301	 3.0000000000e+002	 7.23752e-009
302	 3.0100000000e+002	 1.85185e-009
303	 3.0200000000e+002	 4.77309e-010
304	 3.0300000000e+002	 4.15157e-010
305	 3.0400000000e+002	 5.97501e-010
306	 3.0500000000e+002	 6.34051e-010
307	 3.0600000000e+002	 4.58715e-010
308	 3.0700000000e+002	 5.73898e-010
309	 3.0800000000e+002	 6.50355e-010
310	 3.0900000000e+002	 1.31287e-009
311	 3.1000000000e+002	 1.00786e-009
312	 3.1100000000e+002	 7.98870e-010
313	 3.1200000000e+002	 1.81194e-009
314	 3.1300000000e+002	 3.50621e-010
315	 3.1400000000e+002	 4.44385e-009
316	 3.1500000000e+002	 7.22874e-009
317	 3.1600000000e+002	 1.30984e-009
318	 3.1700000000e+002	 2.67589e-010
319	 3.1800000000e+002	 6.53356e-010
320	 3.1900000000e+002	 7.39345e-010
321	 3.2000000000e+002	 5.18417e-009
322	 3.2100000000e+002	 1.72487e-008
323	 3.2200000000e+002	 1.09259e-008
324	 3.2300000000e+002	 2.43130e-009
325	 3.2400000000e+002	 1.29110e-009
326	 3.2500000000e+002	 1.40261e-009
327	 3.2600000000e+002	 7.38326e-010
328	 3.2700000000e+002	 1.15783e-009
329	 3.2800000000e+002	 4.81123e-010
330	 3.2900000000e+002	 3.33553e-010
331	 3.3000000000e+002	 4.22958e-010
332	 3.3100000000e+002	 7.08354e-010
333	 3.3200000000e+002	 6.07612e-010
334	 3.3300000000e+002	 8.17225e-010
335	 3.3400000000e+002	 1.18836e-009
336	 3.3500000000e+002	 2.44461e-009
337	 3.3600000000e+002	 2.42865e-009
338	 3.3700000000e+002	 1.33201e-009
339	 3.3800000000e+002	 6.63857e-010
340	 3.3900000000e+002	 2.11003e-009
341	 3.4000000000e+002	 9.74816e-010
342	 3.4100000000e+002	 4.59137e-010
343	 3.4200000000e+002	 1.18074e-010
344	 3.4300000000e+002	 5.53884e-010
345	 3.4400000000e+002	 3.09880e-009
346	 3.4500000000e+002	 1.84221e-009
347	 3.4600000000e+002	 2.99717e-010
348	 3.4700000000e+002	 1.02382e-009
349	 3.4800000000e+002	 5.03447e-010
350	 3.4900000000e+002	 1.83364e-009
351	 3.5000000000e+002	 5.35846e-009
352	 3.5100000000e+002	 3.32766e-009
353	 3.5200000000e+002	 1.07922e-009
354	 3.5300000000e+002	 4.15741e-010
355	 3.5400000000e+002	 9.37710e-010
356	 3.5500000000e+002	 4.01303e-010
357	 3.5600000000e+002	 2.89124e-009
358	 3.5700000000e+002	 1.35966e-008
359	 3.5800000000e+002	 1.19702e-009
360	 3.5900000000e+002	 2.79273e-006
361	 3.6000000000e+002	 1.66162e-005
362	 3.6100000000e+002	 6.07382e-006
363	 3.6200000000e+002	 8.32504e-009
364	 3.6300000000e+002	 5.08325e-009
365	 3.6400000000e+002	 1.99397e-009
366	 3.6500000000e+002	 1.98557e-009
367	 3.6600000000e+002	 2.09054e-009
368	 3.6700000000e+002	 2.80312e-009
369	 3.6800000000e+002	 2.23624e-009
370	 3.6900000000e+002	 1.75763e-009
371	 3.7000000000e+002	 2.32637e-009
372	 3.7100000000e+002	 1.56694e-009
373	 3.7200000000e+002	 1.74000e-009
374	 3.7300000000e+002	 4.36977e-010
375	 3.7400000000e+002	 2.16724e-010
376	 3.7500000000e+002	 3.91463e-010
377	 3.7600000000e+002	 5.44875e-010
378	 3.7700000000e+002	 3.71786e-010
379	 3.7800000000e+002	 3.03176e-010
380	 3.7900000000e+002	 4.17063e-010
381	 3.8000000000e+002	 6.49670e-010
382	 3.8100000000e+002	 7.12464e-010
383	 3.8200000000e+002	 5.53803e-010
384	 3.8300000000e+002	 1.46250e-010
385	 3.8400000000e+002	 3.54623e-010
386	 3.8500000000e+002	 5.83466e-010
387	 3.8600000000e+002	 3.52276e-009
388	 3.8700000000e+002	 6.94274e-009
389	 3.8800000000e+002	 2.03567e-009
390	 3.8900000000e+002	 4.68064e-010
391	 3.9000000000e+002	 1.52674e-009
392	 3.9100000000e+002	 1.00947e-009
393	 3.9200000000e+002	 2.73765e-009
394	 3.9300000000e+002	 8.48157e-009
395	 3.9400000000e+002	 2.05202e-009
396	 3.9500000000e+002	 3.26108e-010
397	 3.9600000000e+002	 4.83237e-010
398	 3.9700000000e+002	 1.74646e-009
399	 3.9800000000e+002	 1.87269e-009
400	 3.9900000000e+002	 9.24597e-009
401	 4.0000000000e+002	 9.22359e-009
402	 4.0100000000e+002	 5.00337e-010
403	 4.0200000000e+002	 1.23989e-010
404	 4.0300000000e+002	 1.20431e-009
405	 4.0400000000e+002	 1.18062e-009
406	 4.0500000000e+002	 3.34802e-010
407	 4.0600000000e+002	 2.15687e-010
408	 4.0700000000e+002	 4.12818e-010
409	 4.0800000000e+002	 1.24231e-009
410	 4.0900000000e+002	 4.13143e-008
411	 4.1000000000e+002	 1.83211e-007
412	 4.1100000000e+002	 5.01370e-008
413	 4.1200000000e+002	 8.92029e-010
414	 4.1300000000e+002	 3.00926e-010
415	 4.1400000000e+002	 3.17546e-010
416	 4.1500000000e+002	 2.14235e-010
417	 4.1600000000e+002	 3.00586e-010
418	 4.1700000000e+002	 1.83412e-010
419	 4.1800000000e+002	 4.75756e-010
420	 4.1900000000e+002	 1.32138e-009
421	 4.2000000000e+002	 1.90532e-009
422	 4.2100000000e+002	 3.58615e-010
423	 4.2200000000e+002	 1.63597e-009
424	 4.2300000000e+002	 2.16777e-009
425	 4.2400000000e+002	 1.09217e-009
426	 4.2500000000e+002	 1.63486e-008
427	 4.2600000000e+002	 6.76024e-009
428	 4.2700000000e+002	 2.35816e-009
429	 4.2800000000e+002	 1.20833e-009
430	 4.2900000000e+002	 2.41983e-009
431	 4.3000000000e+002	 1.72116e-009
432	 4.3100000000e+002	 5.72467e-010
433	 4.3200000000e+002	 6.28006e-010
434	 4.3300000000e+002	 1.28319e-009
435	 4.3400000000e+002	 1.40538e-009
436	 4.3500000000e+002	 1.97295e-009
437	 4.3600000000e+002	 5.75900e-010
438	 4.3700000000e+002	 7.91474e-010
439	 4.3800000000e+002	 1.45384e-009
440	 4.3900000000e+002	 5.07676e-010
441	 4.4000000000e+002	 1.52982e-009
442	 4.4100000000e+002	 4.97307e-009
443	 4.4200000000e+002	 2.49289e-009
444	 4.4300000000e+002	 8.70401e-010
445	 4.4400000000e+002	 5.38307e-010
446	 4.4500000000e+002	 6.87932e-010
447	 4.4600000000e+002	 1.36091e-009
448	 4.4700000000e+002	 1.27772e-009
449	 4.4800000000e+002	 3.20252e-009
450	 4.4900000000e+002	 4.88448e-009
451	 4.5000000000e+002	 6.35766e-009
452	 4.5100000000e+002	 1.94924e-009
453	 4.5200000000e+002	 3.54442e-010
454	 4.5300000000e+002	 5.19965e-010
455	 4.5400000000e+002	 1.70686e-009
456	 4.5500000000e+002	 2.73986e-009
457	 4.5600000000e+002	 3.17915e-009
458	 4.5700000000e+002	 2.23032e-009
459	 4.5800000000e+002	 2.44823e-009
460	 4.5900000000e+002	 2.88044e-009
461	 4.6000000000e+002	 2.22920e-009
462	 4.6100000000e+002	 2.71926e-009
463	 4.6200000000e+002	 1.54995e-009
464	 4.6300000000e+002	 4.05363e-009
465	 4.6400000000e+002	 4.60118e-008
466	 4.6500000000e+002	 2.57807e-008
467	 4.6600000000e+002	 1.31547e-009
468	 4.6700000000e+002	 2.03153e-009
469	 4.6800000000e+002	 2.74519e-009
470	 4.6900000000e+002	 1.85979e-009
471	 4.7000000000e+002	 1.12733e-008
472	 4.7100000000e+002	 1.20555e-008
473	 4.7200000000e+002	 1.54113e-009
474	 4.7300000000e+002	 1.80895e-009
475	 4.7400000000e+002	 1.45007e-009
476	 4.7500000000e+002	 5.95010e-010
477	 4.7600000000e+002	 9.97798e-010
478	 4.7700000000e+002	 2.44463e-009
479	 4.7800000000e+002	 1.30126e-009
480	 4.7900000000e+002	 3.49166e-007
481	 4.8000000000e+002	 2.39458e-006
482	 4.8100000000e+002	 9.77422e-007
483	 4.8200000000e+002	 2.14447e-009
484	 4.8300000000e+002	 3.11917e-009
485	 4.8400000000e+002	 7.91865e-010
486	 4.8500000000e+002	 3.14923e-010
487	 4.8600000000e+002	 7.93710e-010
488	 4.8700000000e+002	 6.85282e-010
489	 4.8800000000e+002	 4.31938e-010
490	 4.8900000000e+002	 1.10989e-009
491	 4.9000000000e+002	 1.05469e-009
492	 4.9100000000e+002	 4.35742e-009
493	 4.9200000000e+002	 3.70732e-008
494	 4.9300000000e+002	 2.02430e-008
495	 4.9400000000e+002	 5.96087e-010
496	 4.9500000000e+002	 3.56928e-010
497	 4.9600000000e+002	 7.40610e-011
498	 4.9700000000e+002	 6.28993e-010
499	 4.9800000000e+002	 1.93494e-009
500	 4.9900000000e+002	 2.19150e-009
501	 5.0000000000e+002	 5.07018e-009
502	 5.0100000000e+002	 3.47486e-009
503	 5.0200000000e+002	 2.43959e-009
504	 5.0300000000e+002	 1.87200e-009
505	 5.0400000000e+002	 1.21639e-009
506	 5.0500000000e+002	 2.50943e-009
507	 5.0600000000e+002	 1.87314e-008
508	 5.0700000000e+002	 1.12039e-008
509	 5.0800000000e+002	 1.14415e-009
510	 5.0900000000e+002	 9.29961e-010
511	 5.1000000000e+002	 1.80077e-009
512	 5.1100000000e+002	 2.41293e-009
513	 5.1200000000e+002	 4.52995e-010
514	 5.1300000000e+002	 1.06836e-009
515	 5.1400000000e+002	 8.98120e-010
516	 5.1500000000e+002	 3.70451e-008
517	 5.1600000000e+002	 1.03870e-007
518	 5.1700000000e+002	 1.40343e-008
519	 5.1800000000e+002	 5.01558e-009
520	 5.1900000000e+002	 7.09544e-009
521	 5.2000000000e+002	 1.76063e-009
522	 5.2100000000e+002	 8.24169e-010
523	 5.2200000000e+002	 7.93677e-010
524	 5.2300000000e+002	 5.93323e-010
525	 5.2400000000e+002	 2.20122e-009
526	 5.2500000000e+002	 1.14480e-009
527	 5.2600000000e+002	 3.08082e-010
528	 5.2700000000e+002	 3.96428e-010
529	 5.2800000000e+002	 3.41955e-010
530	 5.2900000000e+002	 5.55129e-008
531	 5.3000000000e+002	 2.43993e-007
532	 5.3100000000e+002	 8.20573e-008
533	 5.3200000000e+002	 1.04739e-009
534	 5.3300000000e+002	 2.33129e-010
535	 5.3400000000e+002	 5.44147e-010
536	 5.3500000000e+002	 2.51507e-010
537	 5.3600000000e+002	 2.05937e-010
538	 5.3700000000e+002	 3.28105e-010
539	 5.3800000000e+002	 6.40014e-010
540	 5.3900000000e+002	 1.79644e-010
541	 5.4000000000e+002	 7.52590e-010
542	 5.4100000000e+002	 9.76466e-010
543	 5.4200000000e+002	 3.96463e-010
544	 5.4300000000e+002	 3.11157e-010
545	 5.4400000000e+002	 1.02435e-009
546	 5.4500000000e+002	 1.72805e-008
547	 5.4600000000e+002	 1.31230e-008
548	 5.4700000000e+002	 1.27848e-009
549	 5.4800000000e+002	 8.25888e-010
550	 5.4900000000e+002	 5.69593e-010
551	 5.5000000000e+002	 3.03836e-010
552	 5.5100000000e+002	 3.13686e-010
553	 5.5200000000e+002	 4.43314e-010
554	 5.5300000000e+002	 2.51258e-010
555	 5.5400000000e+002	 2.01242e-010
556	 5.5500000000e+002	 1.85788e-010
557	 5.5600000000e+002	 3.10015e-010
558	 5.5700000000e+002	 2.48279e-010
559	 5.5800000000e+002	 4.64023e-010
560	 5.5900000000e+002	 2.85434e-010
561	 5.6000000000e+002	 2.30341e-010
562	 5.6100000000e+002	 7.82722e-011
563	 5.6200000000e+002	 2.86466e-010
564	 5.6300000000e+002	 2.04728e-010
565	 5.6400000000e+002	 8.30711e-011
566	 5.6500000000e+002	 1.62892e-010
567	 5.6600000000e+002	 4.20115e-010
568	 5.6700000000e+002	 2.83173e-009
569	 5.6800000000e+002	 5.70421e-009
570	 5.6900000000e+002	 3.59110e-010
571	 5.7000000000e+002	 1.58325e-009
572	 5.7100000000e+002	 4.79746e-010
573	 5.7200000000e+002	 2.52642e-010
574	 5.7300000000e+002	 2.26716e-010
575	 5.7400000000e+002	 4.42476e-010
576	 5.7500000000e+002	 3.44850e-010
577	 5.7600000000e+002	 3.38053e-010
578	 5.7700000000e+002	 6.36495e-010
579	 5.7800000000e+002	 3.22985e-010
580	 5.7900000000e+002	 7.31899e-010
581	 5.8000000000e+002	 6.37051e-010
582	 5.8100000000e+002	 2.81303e-010
583	 5.8200000000e+002	 5.18619e-010
584	 5.8300000000e+002	 1.82756e-009
585	 5.8400000000e+002	 2.37909e-008
586	 5.8500000000e+002	 1.52029e-008
587	 5.8600000000e+002	 1.03223e-010
588	 5.8700000000e+002	 6.30191e-010
589	 5.8800000000e+002	 8.23214e-010
590	 5.8900000000e+002	 7.95312e-010
591	 5.9000000000e+002	 8.69349e-010
592	 5.9100000000e+002	 5.62775e-010
593	 5.9200000000e+002	 8.91710e-010
594	 5.9300000000e+002	 9.18253e-010
595	 5.9400000000e+002	 2.77859e-010
596	 5.9500000000e+002	 5.36043e-010
597	 5.9600000000e+002	 3.60341e-010
598	 5.9700000000e+002	 6.81892e-010
599	 5.9800000000e+002	 5.75703e-010
600	 5.9900000000e+002	 2.56714e-008
601	 6.0000000000e+002	 1.85846e-007
602	 6.0100000000e+002	 8.75988e-008
603	 6.0200000000e+002	 1.11345e-009
604	 6.0300000000e+002	 3.22092e-010
605	 6.0400000000e+002	 4.72935e-010
606	 6.0500000000e+002	 4.47713e-010
607	 6.0600000000e+002	 2.23162e-010
608	 6.0700000000e+002	 2.52596e-010
609	 6.0800000000e+002	 5.63992e-010
610	 6.0900000000e+002	 2.62142e-010
611	 6.1000000000e+002	 1.48906e-010
612	 6.1100000000e+002	 3.70756e-010
613	 6.1200000000e+002	 3.49640e-009
614	 6.1300000000e+002	 2.83609e-009
615	 6.1400000000e+002	 1.02523e-009
616	 6.1500000000e+002	 9.81347e-010
617	 6.1600000000e+002	 8.79511e-010
618	 6.1700000000e+002	 8.56064e-010
619	 6.1800000000e+002	 4.07279e-010
620	 6.1900000000e+002	 1.84392e-010
621	 6.2000000000e+002	 5.71036e-010
622	 6.2100000000e+002	 1.23710e-010
623	 6.2200000000e+002	 7.12903e-010
624	 6.2300000000e+002	 1.14943e-009
625	 6.2400000000e+002	 6.55031e-010
626	 6.2500000000e+002	 1.86699e-009
627	 6.2600000000e+002	 1.09100e-008
628	 6.2700000000e+002	 1.08240e-008
629	 6.2800000000e+002	 2.43154e-009
630	 6.2900000000e+002	 2.16210e-009
631	 6.3000000000e+002	 1.97885e-009
632	 6.3100000000e+002	 1.16363e-009
633	 6.3200000000e+002	 9.06028e-010
634	 6.3300000000e+002	 1.09551e-009
635	 6.3400000000e+002	 1.25734e-009
636	 6.3500000000e+002	 5.49313e-010
637	 6.3600000000e+002	 1.36457e-009
638	 6.3700000000e+002	 6.12139e-009
639	 6.3800000000e+002	 4.11473e-009
640	 6.3900000000e+002	 1.24080e-009
641	 6.4000000000e+002	 1.26942e-009
642	 6.4100000000e+002	 1.22779e-009
643	 6.4200000000e+002	 4.63268e-010
644	 6.4300000000e+002	 1.14786e-009
645	 6.4400000000e+002	 3.19658e-009
646	 6.4500000000e+002	 6.12452e-009
647	 6.4600000000e+002	 2.81887e-009
648	 6.4700000000e+002	 2.60203e-010
649	 6.4800000000e+002	 3.56240e-010
650	 6.4900000000e+002	 2.85174e-008
651	 6.5000000000e+002	 1.47368e-007
652	 6.5100000000e+002	 3.85919e-008
653	 6.5200000000e+002	 1.98072e-009
654	 6.5300000000e+002	 1.04731e-009
655	 6.5400000000e+002	 7.57046e-010
656	 6.5500000000e+002	 8.44239e-010
657	 6.5600000000e+002	 1.33596e-009
658	 6.5700000000e+002	 2.23958e-009
659	 6.5800000000e+002	 2.77280e-009
660	 6.5900000000e+002	 5.93359e-010
661	 6.6000000000e+002	 8.49748e-009
662	 6.6100000000e+002	 2.51398e-009
663	 6.6200000000e+002	 5.61441e-010
664	 6.6300000000e+002	 2.18542e-010
665	 6.6400000000e+002	 2.61861e-009
666	 6.6500000000e+002	 4.29634e-008
667	 6.6600000000e+002	 3.02031e-008
668	 6.6700000000e+002	 1.55993e-009
669	 6.6800000000e+002	 1.71277e-009
670	 6.6900000000e+002	 1.03354e-009
671	 6.7000000000e+002	 1.57544e-009
672	 6.7100000000e+002	 1.67370e-009
673	 6.7200000000e+002	 6.90662e-010
674	 6.7300000000e+002	 2.48493e-010
675	 6.7400000000e+002	 1.45628e-010
676	 6.7500000000e+002	 3.88757e-010
677	 6.7600000000e+002	 7.64851e-010
678	 6.7700000000e+002	 1.14566e-009
679	 6.7800000000e+002	 6.82036e-010
680	 6.7900000000e+002	 1.40513e-009
681	 6.8000000000e+002	 1.42025e-009
682	 6.8100000000e+002	 9.45676e-010
683	 6.8200000000e+002	 3.59294e-010
684	 6.8300000000e+002	 4.39367e-010
685	 6.8400000000e+002	 6.22989e-010
686	 6.8500000000e+002	 1.48958e-010
687	 6.8600000000e+002	 1.95014e-010
688	 6.8700000000e+002	 2.61626e-009
689	 6.8800000000e+002	 5.57457e-009
690	 6.8900000000e+002	 1.30207e-009
691	 6.9000000000e+002	 5.00353e-010
692	 6.9100000000e+002	 4.47388e-010
693	 6.9200000000e+002	 2.49239e-010
694	 6.9300000000e+002	 1.52528e-009
695	 6.9400000000e+002	 7.21114e-009
696	 6.9500000000e+002	 6.85258e-009
697	 6.9600000000e+002	 3.67335e-009
698	 6.9700000000e+002	 5.84718e-009
699	 6.9800000000e+002	 3.40616e-009
700	 6.9900000000e+002	 7.19244e-009
701	 7.0000000000e+002	 7.56079e-009
702	 7.0100000000e+002	 4.48250e-009
703	 7.0200000000e+002	 5.50176e-009
704	 7.0300000000e+002	 1.47812e-008
705	 7.0400000000e+002	 1.69073e-007
706	 7.0500000000e+002	 1.14981e-007
707	 7.0600000000e+002	 4.59303e-009
708	 7.0700000000e+002	 2.47951e-009
709	 7.0800000000e+002	 3.49639e-009
710	 7.0900000000e+002	 9.79445e-010
711	 7.1000000000e+002	 8.24959e-010
712	 7.1100000000e+002	 2.68701e-009
713	 7.1200000000e+002	 2.38916e-009
714	 7.1300000000e+002	 1.34537e-009
715	 7.1400000000e+002	 2.44739e-009
716	 7.1500000000e+002	 4.05505e-010
717	 7.1600000000e+002	 4.62357e-010
718	 7.1700000000e+002	 4.93266e-010
719	 7.1800000000e+002	 1.16674e-009
720	 7.1900000000e+002	 3.36500e-008
721	 7.2000000000e+002	 3.47089e-007
722	 7.2100000000e+002	 1.96029e-007
723	 7.2200000000e+002	 2.39813e-009
724	 7.2300000000e+002	 6.45593e-010
725	 7.2400000000e+002	 6.46069e-010
726	 7.2500000000e+002	 3.70387e-010
727	 7.2600000000e+002	 1.99513e-009
728	 7.2700000000e+002	 2.56053e-009
729	 7.2800000000e+002	 2.07665e-009
730	 7.2900000000e+002	 1.29327e-009
731	 7.3000000000e+002	 6.26207e-010
732	 7.3100000000e+002	 9.14728e-010
733	 7.3200000000e+002	 1.00723e-009
734	 7.3300000000e+002	 1.15261e-009
735	 7.3400000000e+002	 5.40686e-010
736	 7.3500000000e+002	 3.75079e-010
737	 7.3600000000e+002	 8.87328e-010
738	 7.3700000000e+002	 3.34368e-009
739	 7.3800000000e+002	 1.90298e-009
740	 7.3900000000e+002	 6.32459e-010
741	 7.4000000000e+002	 4.35384e-010
742	 7.4100000000e+002	 9.09241e-010
743	 7.4200000000e+002	 4.62889e-010
744	 7.4300000000e+002	 7.20539e-010
745	 7.4400000000e+002	 2.51671e-009
746	 7.4500000000e+002	 1.25322e-009
747	 7.4600000000e+002	 1.08907e-009
748	 7.4700000000e+002	 9.99346e-010
749	 7.4800000000e+002	 8.72048e-010
750	 7.4900000000e+002	 7.07161e-010
751	 7.5000000000e+002	 7.22537e-010
752	 7.5100000000e+002	 3.91351e-009
753	 7.5200000000e+002	 5.31352e-009
754	 7.5300000000e+002	 2.82914e-009
755	 7.5400000000e+002	 5.43360e-009
756	 7.5500000000e+002	 3.60200e-009
757	 7.5600000000e+002	 1.66034e-009
758	 7.5700000000e+002	 3.15834e-009
759	 7.5800000000e+002	 2.54455e-009
760	 7.5900000000e+002	 9.84325e-010
761	 7.6000000000e+002	 1.05697e-009
762	 7.6100000000e+002	 8.54330e-010
763	 7.6200000000e+002	 9.97906e-010
764	 7.6300000000e+002	 1.11921e-009
765	 7.6400000000e+002	 1.47467e-009
766	 7.6500000000e+002	 9.15549e-010
767	 7.6600000000e+002	 7.13606e-010
768	 7.6700000000e+002	 7.50116e-010
769	 7.6800000000e+002	 5.53992e-009
770	 7.6900000000e+002	 1.22777e-007
771	 7.7000000000e+002	 8.31173e-007
772	 7.7100000000e+002	 3.48405e-007
773	 7.7200000000e+002	 1.14349e-008
774	 7.7300000000e+002	 4.98941e-009
775	 7.7400000000e+002	 5.12050e-009
776	 7.7500000000e+002	 7.24678e-009
777	 7.7600000000e+002	 1.20230e-008
778	 7.7700000000e+002	 1.48944e-008
779	 7.7800000000e+002	 1.18633e-008
780	 7.7900000000e+002	 1.52081e-008
781	 7.8000000000e+002	 1.44690e-007
782	 7.8100000000e+002	 1.10794e-007
783	 7.8200000000e+002	 5.73632e-009
784	 7.8300000000e+002	 5.31037e-009
785	 7.8400000000e+002	 2.22592e-008
786	 7.8500000000e+002	 1.17550e-007
787	 7.8600000000e+002	 8.93661e-008
788	 7.8700000000e+002	 1.83927e-008
789	 7.8800000000e+002	 3.84023e-009
790	 7.8900000000e+002	 1.34284e-009
791	 7.9000000000e+002	 5.26755e-010
792	 7.9100000000e+002	 1.00433e-009
793	 7.9200000000e+002	 8.24417e-010
794	 7.9300000000e+002	 1.08072e-009
795	 7.9400000000e+002	 5.90054e-010
796	 7.9500000000e+002	 4.03442e-010
797	 7.9600000000e+002	 1.27968e-009
798	 7.9700000000e+002	 2.31746e-010
799	 7.9800000000e+002	 3.94077e-010
800	 7.9900000000e+002	 4.95679e-010
801	 8.0000000000e+002	 7.22738e-010
TagsBegin:	 	 
OverLoad:	 	False
AverageNumber: []	 	 2.00000e+000
OverLoadRatio: []	 	 1.19209e-007
TagsEnd:	 	 
TagScalesBegin:	 	 
TagScalesEnd:	 	 



Header Size:	 79	 
Pulse Version:	 80	 
Running Pulse Version:	PULSE LabShop  Version 21.0.0.671 - 2017-10-20	 
Decimal Symbol:	.	 
Date Format:	yyyy-MM-dd	 
Time Format:	HH:mm:ss:mmm	 
Data Type:	Real	 
Slice:	False	 
Z-Axis type:	Linear	 
Z-Axis size:	1	 
Z-Axis unit:	 	 
Z-Axis first value:	 0.0000000000e+000	 
Z-Axis delta:	 1.0000000000e+000	 
X-Axis type:	Linear	 
X-Axis size:	801	 
X-Axis unit:	Hz	 
X-Axis first value:	 0.0000000000e+000	 
X-Axis delta:	 1.0000000000e+000	 
	 	 
AmplitudeUnit:	m/s^2	 
Analyzer:	FFT_Spectrum_Averaging	 
AnalyzerName:	FFT	 
	 	 
	 	 
Bipolar:	False	 
CenterFrequency:	 4.0000000000e+002	 
	 	 
	 	 
	 	 
	 	 
	 	 
	 	 
	 	 
	 	 
Domain:	1	 
Function:	Autospectrum	 
	 	 
InputRange:	 9.7370983447e+001	 
	 	 
	 	 
MultiBufferName:	Input	 
NBW:	 1.5000000000e+000	 
	 	 
OverlapFailed:	False	 
Overrun:	False	 
Power:	True	 
PowerUnit:	(m/s^2)^2	 
	 	 
RecordLength:	 1.0000000000e+000	 
ReducedSize:	True	 
	 	 
	 	 
	 	 
	 	 
	 	 
SamplingRatio:	 2.5600000000e+000	 
Signal:	Acc_ref_z	 
	 	 
SignalUnit:	m/s^2	 
	 	 
	 	 
	 	 
Title:	Autospectrum(Acc_ref_z)	 
Title1:	Working : 1mVpp : Input : FFT	 
	 	 
	 	 
Weight:	0	 
ZoomOn:	False	 
	 	 
TemplateName:	Working	 
MeasurementName:	1mVpp	 
MeasurementSlice:	False	 
	 	 
DeltaFrequency:	 1.0000000000e+000	 
	 	 
EnvelopeOn:	False	 
	 	 
	 	 
	 	 
Z-index:	 	1
Date:	 	2025-03-07
Time:	 	17:02:05:603
Relative time:	 	 0.00000e+000
Z-axis:	 	 0.0000000000e+000
1	 0.0000000000e+000	 4.92857e-007
2	 1.0000000000e+000	 5.58205e-007
3	 2.0000000000e+000	 2.90064e-007
4	 3.0000000000e+000	 6.89237e-008
5	 4.0000000000e+000	 8.18372e-008
6	 5.0000000000e+000	 2.13542e-007
7	 6.0000000000e+000	 3.74876e-008
8	 7.0000000000e+000	 2.50470e-008
9	 8.0000000000e+000	 5.88040e-008
10	 9.0000000000e+000	 5.75042e-008
11	 1.0000000000e+001	 1.41486e-008
12	 1.1000000000e+001	 9.01503e-009
13	 1.2000000000e+001	 7.42478e-009
14	 1.3000000000e+001	 6.33669e-009
15	 1.4000000000e+001	 1.72728e-008
16	 1.5000000000e+001	 1.28363e-008
17	 1.6000000000e+001	 1.16302e-008
18	 1.7000000000e+001	 3.01155e-008
19	 1.8000000000e+001	 3.25753e-008
20	 1.9000000000e+001	 2.51354e-007
21	 2.0000000000e+001	 1.59304e-007
22	 2.1000000000e+001	 7.00444e-008
23	 2.2000000000e+001	 1.69489e-008
24	 2.3000000000e+001	 1.69566e-008
25	 2.4000000000e+001	 5.65361e-008
26	 2.5000000000e+001	 3.68122e-008
27	 2.6000000000e+001	 3.34302e-007
28	 2.7000000000e+001	 1.01840e-006
29	 2.8000000000e+001	 5.16645e-007
30	 2.9000000000e+001	 6.31108e-007
31	 3.0000000000e+001	 1.21050e-007
32	 3.1000000000e+001	 4.44854e-007
33	 3.2000000000e+001	 1.18797e-007
34	 3.3000000000e+001	 1.79869e-008
35	 3.4000000000e+001	 1.43872e-008
36	 3.5000000000e+001	 2.43932e-008
37	 3.6000000000e+001	 2.29187e-008
38	 3.7000000000e+001	 5.50979e-007
39	 3.8000000000e+001	 1.47882e-006
40	 3.9000000000e+001	 6.07262e-007
41	 4.0000000000e+001	 1.71018e-007
42	 4.1000000000e+001	 4.15734e-009
43	 4.2000000000e+001	 1.79347e-008
44	 4.3000000000e+001	 5.56289e-008
45	 4.4000000000e+001	 2.38047e-008
46	 4.5000000000e+001	 2.75440e-008
47	 4.6000000000e+001	 3.80902e-008
48	 4.7000000000e+001	 1.65494e-008
49	 4.8000000000e+001	 8.41098e-009
50	 4.9000000000e+001	 1.49212e-009
51	 5.0000000000e+001	 3.24487e-009
52	 5.1000000000e+001	 3.26432e-009
53	 5.2000000000e+001	 1.71222e-009
54	 5.3000000000e+001	 3.67829e-009
55	 5.4000000000e+001	 6.00259e-009
56	 5.5000000000e+001	 4.13894e-009
57	 5.6000000000e+001	 7.59927e-009
58	 5.7000000000e+001	 1.34178e-008
59	 5.8000000000e+001	 1.53333e-008
60	 5.9000000000e+001	 5.45760e-004
61	 6.0000000000e+001	 2.20791e-003
62	 6.1000000000e+001	 5.51753e-004
63	 6.2000000000e+001	 2.29455e-008
64	 6.3000000000e+001	 1.33453e-008
65	 6.4000000000e+001	 5.45044e-009
66	 6.5000000000e+001	 3.56540e-009
67	 6.6000000000e+001	 2.64323e-009
68	 6.7000000000e+001	 2.53327e-009
69	 6.8000000000e+001	 2.85665e-009
70	 6.9000000000e+001	 6.01108e-009
71	 7.0000000000e+001	 8.51751e-009
72	 7.1000000000e+001	 5.43740e-009
73	 7.2000000000e+001	 3.20546e-009
74	 7.3000000000e+001	 8.65230e-009
75	 7.4000000000e+001	 1.47681e-008
76	 7.5000000000e+001	 8.21883e-009
77	 7.6000000000e+001	 2.80004e-009
78	 7.7000000000e+001	 6.64805e-009
79	 7.8000000000e+001	 5.49314e-009
80	 7.9000000000e+001	 4.39657e-009
81	 8.0000000000e+001	 6.06441e-009
82	 8.1000000000e+001	 5.99262e-009
83	 8.2000000000e+001	 2.21363e-009
84	 8.3000000000e+001	 1.82471e-009
85	 8.4000000000e+001	 3.85214e-009
86	 8.5000000000e+001	 1.36879e-009
87	 8.6000000000e+001	 1.99638e-009
88	 8.7000000000e+001	 1.01944e-009
89	 8.8000000000e+001	 1.29129e-009
90	 8.9000000000e+001	 3.11420e-009
91	 9.0000000000e+001	 4.39527e-009
92	 9.1000000000e+001	 1.39571e-009
93	 9.2000000000e+001	 1.24000e-009
94	 9.3000000000e+001	 3.58202e-009
95	 9.4000000000e+001	 9.93459e-010
96	 9.5000000000e+001	 4.72256e-009
97	 9.6000000000e+001	 6.35672e-009
98	 9.7000000000e+001	 3.56694e-009
99	 9.8000000000e+001	 1.06733e-009
100	 9.9000000000e+001	 4.00311e-004
101	 1.0000000000e+002	 1.60003e-003
102	 1.0100000000e+002	 3.99811e-004
103	 1.0200000000e+002	 1.92734e-009
104	 1.0300000000e+002	 3.88308e-009
105	 1.0400000000e+002	 8.46774e-010
106	 1.0500000000e+002	 1.55421e-009
107	 1.0600000000e+002	 1.09967e-009
108	 1.0700000000e+002	 2.69717e-010
109	 1.0800000000e+002	 1.17617e-009
110	 1.0900000000e+002	 2.41140e-009
111	 1.1000000000e+002	 4.49616e-009
112	 1.1100000000e+002	 6.70583e-009
113	 1.1200000000e+002	 4.22811e-009
114	 1.1300000000e+002	 1.26378e-009
115	 1.1400000000e+002	 8.92536e-010
116	 1.1500000000e+002	 4.53068e-009
117	 1.1600000000e+002	 5.28371e-009
118	 1.1700000000e+002	 2.48508e-009
119	 1.1800000000e+002	 2.74921e-009
120	 1.1900000000e+002	 3.59394e-006
121	 1.2000000000e+002	 1.62975e-005
122	 1.2100000000e+002	 4.57820e-006
123	 1.2200000000e+002	 1.13984e-008
124	 1.2300000000e+002	 7.47868e-009
125	 1.2400000000e+002	 3.50747e-009
126	 1.2500000000e+002	 1.48758e-009
127	 1.2600000000e+002	 3.08812e-009
128	 1.2700000000e+002	 6.88493e-009
129	 1.2800000000e+002	 3.11626e-009
130	 1.2900000000e+002	 1.59428e-009
131	 1.3000000000e+002	 1.72659e-009
132	 1.3100000000e+002	 2.39003e-009
133	 1.3200000000e+002	 2.01070e-009
134	 1.3300000000e+002	 1.42262e-009
135	 1.3400000000e+002	 3.78473e-009
136	 1.3500000000e+002	 5.42701e-009
137	 1.3600000000e+002	 2.07491e-009
138	 1.3700000000e+002	 3.73047e-009
139	 1.3800000000e+002	 3.41584e-009
140	 1.3900000000e+002	 1.08634e-008
141	 1.4000000000e+002	 1.79395e-008
142	 1.4100000000e+002	 4.98683e-009
143	 1.4200000000e+002	 2.21775e-009
144	 1.4300000000e+002	 1.78590e-008
145	 1.4400000000e+002	 3.23117e-008
146	 1.4500000000e+002	 2.02623e-008
147	 1.4600000000e+002	 1.90953e-008
148	 1.4700000000e+002	 2.75045e-008
149	 1.4800000000e+002	 1.17327e-008
150	 1.4900000000e+002	 1.37312e-008
151	 1.5000000000e+002	 1.25422e-008
152	 1.5100000000e+002	 2.64483e-008
153	 1.5200000000e+002	 4.74053e-008
154	 1.5300000000e+002	 3.21137e-008
155	 1.5400000000e+002	 1.47784e-008
156	 1.5500000000e+002	 1.39321e-008
157	 1.5600000000e+002	 5.88497e-008
158	 1.5700000000e+002	 2.95986e-007
159	 1.5800000000e+002	 3.54005e-007
160	 1.5900000000e+002	 8.36831e-008
161	 1.6000000000e+002	 2.11543e-008
162	 1.6100000000e+002	 8.24391e-008
163	 1.6200000000e+002	 2.27833e-007
164	 1.6300000000e+002	 3.40085e-007
165	 1.6400000000e+002	 2.96487e-008
166	 1.6500000000e+002	 2.70730e-007
167	 1.6600000000e+002	 8.68549e-007
168	 1.6700000000e+002	 4.55850e-007
169	 1.6800000000e+002	 9.15213e-007
170	 1.6900000000e+002	 3.55664e-006
171	 1.7000000000e+002	 3.01122e-006
172	 1.7100000000e+002	 1.65525e-006
173	 1.7200000000e+002	 7.81065e-007
174	 1.7300000000e+002	 1.19031e-006
175	 1.7400000000e+002	 1.26677e-006
176	 1.7500000000e+002	 6.58222e-007
177	 1.7600000000e+002	 8.86209e-007
178	 1.7700000000e+002	 1.32202e-006
179	 1.7800000000e+002	 1.51895e-006
180	 1.7900000000e+002	 1.26240e-004
181	 1.8000000000e+002	 5.65998e-004
182	 1.8100000000e+002	 1.61009e-004
183	 1.8200000000e+002	 2.58628e-007
184	 1.8300000000e+002	 5.23590e-008
185	 1.8400000000e+002	 5.65499e-008
186	 1.8500000000e+002	 9.00721e-008
187	 1.8600000000e+002	 1.23779e-008
188	 1.8700000000e+002	 2.26399e-008
189	 1.8800000000e+002	 1.17564e-008
190	 1.8900000000e+002	 5.73813e-008
191	 1.9000000000e+002	 5.21876e-008
192	 1.9100000000e+002	 5.09871e-008
193	 1.9200000000e+002	 5.22975e-008
194	 1.9300000000e+002	 2.55534e-008
195	 1.9400000000e+002	 2.18292e-008
196	 1.9500000000e+002	 1.51339e-007
197	 1.9600000000e+002	 1.42642e-007
198	 1.9700000000e+002	 2.22068e-008
199	 1.9800000000e+002	 2.63512e-008
200	 1.9900000000e+002	 5.17249e-008
201	 2.0000000000e+002	 1.18300e-008
202	 2.0100000000e+002	 1.24546e-008
203	 2.0200000000e+002	 3.56982e-008
204	 2.0300000000e+002	 5.08783e-008
205	 2.0400000000e+002	 9.20140e-009
206	 2.0500000000e+002	 4.38239e-009
207	 2.0600000000e+002	 1.04339e-008
208	 2.0700000000e+002	 3.28814e-008
209	 2.0800000000e+002	 4.91396e-008
210	 2.0900000000e+002	 1.30493e-008
211	 2.1000000000e+002	 1.78549e-008
212	 2.1100000000e+002	 2.63229e-008
213	 2.1200000000e+002	 1.25167e-008
214	 2.1300000000e+002	 2.37348e-008
215	 2.1400000000e+002	 4.54701e-008
216	 2.1500000000e+002	 4.42965e-008
217	 2.1600000000e+002	 7.36811e-009
218	 2.1700000000e+002	 2.60975e-009
219	 2.1800000000e+002	 1.38229e-008
220	 2.1900000000e+002	 2.00866e-008
221	 2.2000000000e+002	 8.18629e-009
222	 2.2100000000e+002	 2.57133e-009
223	 2.2200000000e+002	 5.63149e-009
224	 2.2300000000e+002	 5.30192e-009
225	 2.2400000000e+002	 5.82658e-009
226	 2.2500000000e+002	 3.93141e-009
227	 2.2600000000e+002	 4.04247e-009
228	 2.2700000000e+002	 4.78677e-009
229	 2.2800000000e+002	 2.99590e-009
230	 2.2900000000e+002	 5.80383e-009
231	 2.3000000000e+002	 1.63065e-009
232	 2.3100000000e+002	 3.48252e-009
233	 2.3200000000e+002	 7.24414e-009
234	 2.3300000000e+002	 1.61613e-008
235	 2.3400000000e+002	 1.66570e-008
236	 2.3500000000e+002	 4.95733e-009
237	 2.3600000000e+002	 3.68248e-009
238	 2.3700000000e+002	 7.21482e-009
239	 2.3800000000e+002	 6.01370e-009
240	 2.3900000000e+002	 5.82252e-007
241	 2.4000000000e+002	 3.07611e-006
242	 2.4100000000e+002	 9.78861e-007
243	 2.4200000000e+002	 8.28316e-010
244	 2.4300000000e+002	 6.76159e-010
245	 2.4400000000e+002	 1.50963e-009
246	 2.4500000000e+002	 2.04419e-009
247	 2.4600000000e+002	 5.17475e-009
248	 2.4700000000e+002	 4.79190e-009
249	 2.4800000000e+002	 4.23975e-009
250	 2.4900000000e+002	 1.19014e-009
251	 2.5000000000e+002	 7.26233e-009
252	 2.5100000000e+002	 6.61157e-009
253	 2.5200000000e+002	 4.85866e-009
254	 2.5300000000e+002	 1.40967e-008
255	 2.5400000000e+002	 1.49994e-008
256	 2.5500000000e+002	 2.06504e-008
257	 2.5600000000e+002	 1.76780e-008
258	 2.5700000000e+002	 2.02473e-008
259	 2.5800000000e+002	 3.49431e-008
260	 2.5900000000e+002	 2.64673e-008
261	 2.6000000000e+002	 1.02434e-008
262	 2.6100000000e+002	 2.63058e-009
263	 2.6200000000e+002	 3.78898e-009
264	 2.6300000000e+002	 3.06000e-009
265	 2.6400000000e+002	 5.88883e-009
266	 2.6500000000e+002	 9.02343e-009
267	 2.6600000000e+002	 8.51465e-009
268	 2.6700000000e+002	 3.25885e-009
269	 2.6800000000e+002	 1.38773e-009
270	 2.6900000000e+002	 2.53972e-009
271	 2.7000000000e+002	 8.71419e-010
272	 2.7100000000e+002	 1.89110e-009
273	 2.7200000000e+002	 8.45700e-009
274	 2.7300000000e+002	 8.54678e-009
275	 2.7400000000e+002	 1.12255e-009
276	 2.7500000000e+002	 3.01752e-009
277	 2.7600000000e+002	 1.55611e-009
278	 2.7700000000e+002	 5.16949e-008
279	 2.7800000000e+002	 3.05725e-007
280	 2.7900000000e+002	 2.77284e-007
281	 2.8000000000e+002	 3.74662e-008
282	 2.8100000000e+002	 1.03975e-009
283	 2.8200000000e+002	 3.12242e-009
284	 2.8300000000e+002	 9.20405e-009
285	 2.8400000000e+002	 3.94183e-008
286	 2.8500000000e+002	 1.42945e-007
287	 2.8600000000e+002	 4.09332e-008
288	 2.8700000000e+002	 2.68400e-009
289	 2.8800000000e+002	 9.15744e-009
290	 2.8900000000e+002	 7.70024e-009
291	 2.9000000000e+002	 3.81606e-009
292	 2.9100000000e+002	 3.50720e-009
293	 2.9200000000e+002	 4.44906e-009
294	 2.9300000000e+002	 2.96971e-009
295	 2.9400000000e+002	 1.29453e-009
296	 2.9500000000e+002	 3.99338e-009
297	 2.9600000000e+002	 4.04315e-009
298	 2.9700000000e+002	 6.82902e-009
299	 2.9800000000e+002	 4.92587e-009
300	 2.9900000000e+002	 4.22633e-007
301	 3.0000000000e+002	 1.70324e-006
302	 3.0100000000e+002	 3.52193e-007
303	 3.0200000000e+002	 8.50970e-008
304	 3.0300000000e+002	 1.07358e-008
305	 3.0400000000e+002	 2.93044e-008
306	 3.0500000000e+002	 5.88173e-008
307	 3.0600000000e+002	 1.16115e-007
308	 3.0700000000e+002	 5.14736e-008
309	 3.0800000000e+002	 2.55126e-008
310	 3.0900000000e+002	 2.04959e-008
311	 3.1000000000e+002	 5.11061e-008
312	 3.1100000000e+002	 1.12784e-008
313	 3.1200000000e+002	 4.75803e-009
314	 3.1300000000e+002	 6.37970e-009
315	 3.1400000000e+002	 3.16291e-008
316	 3.1500000000e+002	 6.38782e-008
317	 3.1600000000e+002	 1.52163e-008
318	 3.1700000000e+002	 4.38037e-008
319	 3.1800000000e+002	 6.81706e-008
320	 3.1900000000e+002	 3.56846e-008
321	 3.2000000000e+002	 4.24252e-008
322	 3.2100000000e+002	 1.61623e-007
323	 3.2200000000e+002	 5.11701e-007
324	 3.2300000000e+002	 2.25840e-007
325	 3.2400000000e+002	 1.10579e-006
326	 3.2500000000e+002	 1.84238e-006
327	 3.2600000000e+002	 1.92365e-007
328	 3.2700000000e+002	 1.49701e-007
329	 3.2800000000e+002	 3.73584e-008
330	 3.2900000000e+002	 4.59114e-008
331	 3.3000000000e+002	 2.07862e-008
332	 3.3100000000e+002	 5.91327e-009
333	 3.3200000000e+002	 1.28221e-008
334	 3.3300000000e+002	 1.54752e-008
335	 3.3400000000e+002	 5.00309e-009
336	 3.3500000000e+002	 2.01752e-009
337	 3.3600000000e+002	 1.43562e-008
338	 3.3700000000e+002	 1.99246e-008
339	 3.3800000000e+002	 1.22561e-008
340	 3.3900000000e+002	 2.21491e-009
341	 3.4000000000e+002	 2.80053e-009
342	 3.4100000000e+002	 1.55442e-009
343	 3.4200000000e+002	 2.34321e-009
344	 3.4300000000e+002	 1.59493e-008
345	 3.4400000000e+002	 3.18726e-008
346	 3.4500000000e+002	 9.25177e-009
347	 3.4600000000e+002	 1.18237e-009
348	 3.4700000000e+002	 2.55408e-009
349	 3.4800000000e+002	 7.90542e-009
350	 3.4900000000e+002	 2.82583e-008
351	 3.5000000000e+002	 5.67579e-008
352	 3.5100000000e+002	 3.34027e-008
353	 3.5200000000e+002	 1.57109e-009
354	 3.5300000000e+002	 3.23447e-009
355	 3.5400000000e+002	 3.31375e-009
356	 3.5500000000e+002	 3.83795e-009
357	 3.5600000000e+002	 1.58435e-008
358	 3.5700000000e+002	 3.01057e-008
359	 3.5800000000e+002	 2.48786e-009
360	 3.5900000000e+002	 2.30993e-006
361	 3.6000000000e+002	 1.38665e-005
362	 3.6100000000e+002	 5.02756e-006
363	 3.6200000000e+002	 6.96384e-009
364	 3.6300000000e+002	 4.30026e-009
365	 3.6400000000e+002	 2.17840e-009
366	 3.6500000000e+002	 1.18412e-009
367	 3.6600000000e+002	 3.66284e-010
368	 3.6700000000e+002	 4.46010e-010
369	 3.6800000000e+002	 6.48820e-010
370	 3.6900000000e+002	 1.43279e-009
371	 3.7000000000e+002	 1.14554e-009
372	 3.7100000000e+002	 8.04855e-010
373	 3.7200000000e+002	 2.47004e-009
374	 3.7300000000e+002	 1.65172e-009
375	 3.7400000000e+002	 5.97728e-010
376	 3.7500000000e+002	 1.20500e-009
377	 3.7600000000e+002	 7.00405e-010
378	 3.7700000000e+002	 1.15278e-009
379	 3.7800000000e+002	 1.35015e-009
380	 3.7900000000e+002	 2.83359e-009
381	 3.8000000000e+002	 2.90659e-009
382	 3.8100000000e+002	 1.03177e-009
383	 3.8200000000e+002	 5.21609e-010
384	 3.8300000000e+002	 4.14891e-010
385	 3.8400000000e+002	 8.84364e-010
386	 3.8500000000e+002	 2.63202e-009
387	 3.8600000000e+002	 1.16082e-008
388	 3.8700000000e+002	 8.36647e-009
389	 3.8800000000e+002	 2.25519e-009
390	 3.8900000000e+002	 1.32836e-009
391	 3.9000000000e+002	 2.71918e-009
392	 3.9100000000e+002	 1.26106e-009
393	 3.9200000000e+002	 1.25016e-008
394	 3.9300000000e+002	 2.01680e-008
395	 3.9400000000e+002	 3.68762e-009
396	 3.9500000000e+002	 5.89610e-010
397	 3.9600000000e+002	 3.79073e-010
398	 3.9700000000e+002	 7.13338e-009
399	 3.9800000000e+002	 2.65840e-008
400	 3.9900000000e+002	 1.18699e-008
401	 4.0000000000e+002	 1.64933e-009
402	 4.0100000000e+002	 3.54956e-010
403	 4.0200000000e+002	 1.03628e-009
404	 4.0300000000e+002	 1.91972e-009
405	 4.0400000000e+002	 1.43414e-009
406	 4.0500000000e+002	 7.62848e-010
407	 4.0600000000e+002	 1.63963e-009
408	 4.0700000000e+002	 6.16373e-010
409	 4.0800000000e+002	 3.26461e-009
410	 4.0900000000e+002	 3.31751e-007
411	 4.1000000000e+002	 1.33738e-006
412	 4.1100000000e+002	 3.56005e-007
413	 4.1200000000e+002	 2.87516e-009
414	 4.1300000000e+002	 1.06067e-009
415	 4.1400000000e+002	 1.54408e-009
416	 4.1500000000e+002	 1.08411e-009
417	 4.1600000000e+002	 2.43125e-009
418	 4.1700000000e+002	 3.31333e-009
419	 4.1800000000e+002	 2.65487e-009
420	 4.1900000000e+002	 3.13305e-009
421	 4.2000000000e+002	 2.00576e-008
422	 4.2100000000e+002	 8.22566e-009
423	 4.2200000000e+002	 8.23166e-010
424	 4.2300000000e+002	 2.19250e-009
425	 4.2400000000e+002	 1.78934e-009
426	 4.2500000000e+002	 4.66781e-008
427	 4.2600000000e+002	 3.44603e-008
428	 4.2700000000e+002	 7.24242e-009
429	 4.2800000000e+002	 9.84486e-009
430	 4.2900000000e+002	 1.73715e-009
431	 4.3000000000e+002	 2.75635e-009
432	 4.3100000000e+002	 1.51086e-009
433	 4.3200000000e+002	 1.87041e-009
434	 4.3300000000e+002	 3.02646e-009
435	 4.3400000000e+002	 6.54161e-009
436	 4.3500000000e+002	 5.78581e-009
437	 4.3600000000e+002	 4.33549e-009
438	 4.3700000000e+002	 1.97833e-009
439	 4.3800000000e+002	 1.42238e-009
440	 4.3900000000e+002	 5.01005e-010
441	 4.4000000000e+002	 4.07415e-009
442	 4.4100000000e+002	 7.15911e-009
443	 4.4200000000e+002	 1.19173e-008
444	 4.4300000000e+002	 5.60502e-009
445	 4.4400000000e+002	 7.05801e-010
446	 4.4500000000e+002	 1.42689e-009
447	 4.4600000000e+002	 3.15028e-009
448	 4.4700000000e+002	 4.49423e-008
449	 4.4800000000e+002	 1.29402e-007
450	 4.4900000000e+002	 4.02280e-008
451	 4.5000000000e+002	 6.97603e-009
452	 4.5100000000e+002	 3.42695e-009
453	 4.5200000000e+002	 2.15203e-009
454	 4.5300000000e+002	 1.19862e-009
455	 4.5400000000e+002	 2.26166e-009
456	 4.5500000000e+002	 3.48707e-009
457	 4.5600000000e+002	 3.91709e-009
458	 4.5700000000e+002	 2.99633e-009
459	 4.5800000000e+002	 3.39901e-009
460	 4.5900000000e+002	 1.46198e-009
461	 4.6000000000e+002	 1.74793e-009
462	 4.6100000000e+002	 4.01102e-009
463	 4.6200000000e+002	 1.97445e-009
464	 4.6300000000e+002	 5.81328e-009
465	 4.6400000000e+002	 2.41791e-008
466	 4.6500000000e+002	 1.32410e-008
467	 4.6600000000e+002	 1.91317e-009
468	 4.6700000000e+002	 2.14753e-009
469	 4.6800000000e+002	 1.72258e-009
470	 4.6900000000e+002	 1.34237e-009
471	 4.7000000000e+002	 9.72681e-009
472	 4.7100000000e+002	 1.93209e-008
473	 4.7200000000e+002	 9.81175e-009
474	 4.7300000000e+002	 7.63877e-009
475	 4.7400000000e+002	 2.30058e-009
476	 4.7500000000e+002	 1.78112e-009
477	 4.7600000000e+002	 1.41996e-009
478	 4.7700000000e+002	 1.23871e-008
479	 4.7800000000e+002	 2.07143e-009
480	 4.7900000000e+002	 3.85608e-006
481	 4.8000000000e+002	 2.59180e-005
482	 4.8100000000e+002	 1.08545e-005
483	 4.8200000000e+002	 4.42223e-008
484	 4.8300000000e+002	 1.29316e-008
485	 4.8400000000e+002	 7.76220e-009
486	 4.8500000000e+002	 5.02040e-009
487	 4.8600000000e+002	 9.74782e-009
488	 4.8700000000e+002	 1.53305e-008
489	 4.8800000000e+002	 4.22751e-008
490	 4.8900000000e+002	 5.22304e-008
491	 4.9000000000e+002	 4.26323e-008
492	 4.9100000000e+002	 6.44336e-007
493	 4.9200000000e+002	 5.25025e-006
494	 4.9300000000e+002	 2.56974e-006
495	 4.9400000000e+002	 4.63947e-008
496	 4.9500000000e+002	 4.41185e-008
497	 4.9600000000e+002	 1.48442e-007
498	 4.9700000000e+002	 3.07638e-007
499	 4.9800000000e+002	 1.41740e-006
500	 4.9900000000e+002	 3.10671e-006
501	 5.0000000000e+002	 8.68205e-007
502	 5.0100000000e+002	 2.24355e-007
503	 5.0200000000e+002	 1.07836e-007
504	 5.0300000000e+002	 5.17583e-008
505	 5.0400000000e+002	 1.82216e-008
506	 5.0500000000e+002	 5.62540e-008
507	 5.0600000000e+002	 5.75761e-007
508	 5.0700000000e+002	 3.75222e-007
509	 5.0800000000e+002	 8.68042e-009
510	 5.0900000000e+002	 6.61965e-009
511	 5.1000000000e+002	 5.72215e-009
512	 5.1100000000e+002	 4.31996e-009
513	 5.1200000000e+002	 2.41162e-009
514	 5.1300000000e+002	 3.39856e-009
515	 5.1400000000e+002	 3.51710e-009
516	 5.1500000000e+002	 1.04589e-007
517	 5.1600000000e+002	 2.88239e-007
518	 5.1700000000e+002	 5.78163e-008
519	 5.1800000000e+002	 1.48993e-008
520	 5.1900000000e+002	 2.30267e-008
521	 5.2000000000e+002	 7.20850e-009
522	 5.2100000000e+002	 4.21292e-009
523	 5.2200000000e+002	 1.12546e-009
524	 5.2300000000e+002	 2.43808e-009
525	 5.2400000000e+002	 3.53240e-009
526	 5.2500000000e+002	 9.21334e-010
527	 5.2600000000e+002	 9.30424e-010
528	 5.2700000000e+002	 1.83260e-009
529	 5.2800000000e+002	 1.16332e-009
530	 5.2900000000e+002	 2.29194e-008
531	 5.3000000000e+002	 9.56776e-008
532	 5.3100000000e+002	 3.17022e-008
533	 5.3200000000e+002	 4.65150e-010
534	 5.3300000000e+002	 9.77371e-011
535	 5.3400000000e+002	 1.50674e-010
536	 5.3500000000e+002	 2.27187e-010
537	 5.3600000000e+002	 1.80225e-010
538	 5.3700000000e+002	 4.59024e-010
539	 5.3800000000e+002	 7.48406e-010
540	 5.3900000000e+002	 5.39761e-010
541	 5.4000000000e+002	 1.57571e-009
542	 5.4100000000e+002	 5.90473e-010
543	 5.4200000000e+002	 4.84878e-010
544	 5.4300000000e+002	 1.20259e-010
545	 5.4400000000e+002	 1.07601e-009
546	 5.4500000000e+002	 8.70039e-009
547	 5.4600000000e+002	 5.30068e-009
548	 5.4700000000e+002	 5.78971e-010
549	 5.4800000000e+002	 1.55817e-010
550	 5.4900000000e+002	 2.56575e-010
551	 5.5000000000e+002	 4.60083e-010
552	 5.5100000000e+002	 2.88590e-010
553	 5.5200000000e+002	 7.95133e-010
554	 5.5300000000e+002	 7.62326e-010
555	 5.5400000000e+002	 1.09700e-009
556	 5.5500000000e+002	 8.56460e-010
557	 5.5600000000e+002	 7.29677e-010
558	 5.5700000000e+002	 3.11937e-010
559	 5.5800000000e+002	 2.05042e-010
560	 5.5900000000e+002	 2.42913e-010
561	 5.6000000000e+002	 4.12960e-010
562	 5.6100000000e+002	 2.58592e-010
563	 5.6200000000e+002	 2.81398e-010
564	 5.6300000000e+002	 2.71769e-010
565	 5.6400000000e+002	 2.18337e-010
566	 5.6500000000e+002	 3.83873e-010
567	 5.6600000000e+002	 2.84461e-010
568	 5.6700000000e+002	 9.01547e-010
569	 5.6800000000e+002	 2.15813e-009
570	 5.6900000000e+002	 4.06043e-010
571	 5.7000000000e+002	 1.34401e-009
572	 5.7100000000e+002	 6.52650e-010
573	 5.7200000000e+002	 4.39101e-010
574	 5.7300000000e+002	 2.51541e-010
575	 5.7400000000e+002	 2.26332e-010
576	 5.7500000000e+002	 2.66696e-010
577	 5.7600000000e+002	 1.54496e-010
578	 5.7700000000e+002	 1.01300e-010
579	 5.7800000000e+002	 2.52505e-010
580	 5.7900000000e+002	 2.00466e-010
581	 5.8000000000e+002	 2.63083e-010
582	 5.8100000000e+002	 3.87595e-010
583	 5.8200000000e+002	 8.73089e-011
584	 5.8300000000e+002	 3.43032e-010
585	 5.8400000000e+002	 1.48738e-009
586	 5.8500000000e+002	 2.39561e-009
587	 5.8600000000e+002	 7.31975e-010
588	 5.8700000000e+002	 7.68158e-010
589	 5.8800000000e+002	 6.41619e-010
590	 5.8900000000e+002	 6.52393e-010
591	 5.9000000000e+002	 7.76002e-010
592	 5.9100000000e+002	 2.36433e-010
593	 5.9200000000e+002	 8.23960e-011
594	 5.9300000000e+002	 9.22097e-011
595	 5.9400000000e+002	 4.31645e-010
596	 5.9500000000e+002	 6.76646e-010
597	 5.9600000000e+002	 4.97489e-010
598	 5.9700000000e+002	 5.38680e-010
599	 5.9800000000e+002	 3.54975e-010
600	 5.9900000000e+002	 9.81262e-009
601	 6.0000000000e+002	 1.09124e-007
602	 6.0100000000e+002	 5.67463e-008
603	 6.0200000000e+002	 1.83521e-009
604	 6.0300000000e+002	 1.66363e-010
605	 6.0400000000e+002	 3.87529e-010
606	 6.0500000000e+002	 1.64477e-010
607	 6.0600000000e+002	 3.47546e-010
608	 6.0700000000e+002	 6.61290e-010
609	 6.0800000000e+002	 1.31941e-010
610	 6.0900000000e+002	 4.97728e-010
611	 6.1000000000e+002	 6.45440e-010
612	 6.1100000000e+002	 7.95881e-010
613	 6.1200000000e+002	 3.11756e-009
614	 6.1300000000e+002	 1.22466e-009
615	 6.1400000000e+002	 1.44570e-010
616	 6.1500000000e+002	 9.07442e-011
617	 6.1600000000e+002	 6.83500e-010
618	 6.1700000000e+002	 4.93790e-010
619	 6.1800000000e+002	 4.24271e-010
620	 6.1900000000e+002	 4.40338e-010
621	 6.2000000000e+002	 7.78559e-010
622	 6.2100000000e+002	 1.17790e-009
623	 6.2200000000e+002	 6.26281e-010
624	 6.2300000000e+002	 5.59072e-010
625	 6.2400000000e+002	 7.33083e-010
626	 6.2500000000e+002	 3.22853e-009
627	 6.2600000000e+002	 1.20105e-008
628	 6.2700000000e+002	 1.05592e-008
629	 6.2800000000e+002	 4.12160e-010
630	 6.2900000000e+002	 1.56483e-009
631	 6.3000000000e+002	 3.39023e-009
632	 6.3100000000e+002	 2.98169e-009
633	 6.3200000000e+002	 6.65607e-010
634	 6.3300000000e+002	 1.45940e-009
635	 6.3400000000e+002	 7.89535e-009
636	 6.3500000000e+002	 5.40871e-009
637	 6.3600000000e+002	 8.49078e-009
638	 6.3700000000e+002	 2.61746e-008
639	 6.3800000000e+002	 9.87948e-009
640	 6.3900000000e+002	 5.57378e-008
641	 6.4000000000e+002	 5.98201e-008
642	 6.4100000000e+002	 6.50391e-008
643	 6.4200000000e+002	 1.54319e-007
644	 6.4300000000e+002	 2.44412e-007
645	 6.4400000000e+002	 1.62023e-007
646	 6.4500000000e+002	 9.62843e-008
647	 6.4600000000e+002	 6.07262e-008
648	 6.4700000000e+002	 1.31036e-008
649	 6.4800000000e+002	 6.14118e-009
650	 6.4900000000e+002	 7.79559e-008
651	 6.5000000000e+002	 4.44866e-007
652	 6.5100000000e+002	 1.32702e-007
653	 6.5200000000e+002	 1.90713e-009
654	 6.5300000000e+002	 1.13417e-009
655	 6.5400000000e+002	 1.27589e-009
656	 6.5500000000e+002	 1.37584e-009
657	 6.5600000000e+002	 1.79605e-009
658	 6.5700000000e+002	 1.78886e-009
659	 6.5800000000e+002	 1.58809e-009
660	 6.5900000000e+002	 4.57553e-009
661	 6.6000000000e+002	 2.40314e-008
662	 6.6100000000e+002	 1.25577e-008
663	 6.6200000000e+002	 7.39499e-010
664	 6.6300000000e+002	 8.49662e-010
665	 6.6400000000e+002	 1.76344e-009
666	 6.6500000000e+002	 1.19238e-008
667	 6.6600000000e+002	 9.71199e-009
668	 6.6700000000e+002	 6.53274e-010
669	 6.6800000000e+002	 3.93093e-010
670	 6.6900000000e+002	 4.50237e-010
671	 6.7000000000e+002	 3.57852e-010
672	 6.7100000000e+002	 8.42931e-010
673	 6.7200000000e+002	 7.63901e-010
674	 6.7300000000e+002	 3.06713e-010
675	 6.7400000000e+002	 2.37139e-010
676	 6.7500000000e+002	 3.41308e-010
677	 6.7600000000e+002	 6.63261e-010
678	 6.7700000000e+002	 2.15503e-010
679	 6.7800000000e+002	 4.01965e-010
680	 6.7900000000e+002	 1.34500e-010
681	 6.8000000000e+002	 1.07446e-009
682	 6.8100000000e+002	 6.40554e-010
683	 6.8200000000e+002	 2.06461e-010
684	 6.8300000000e+002	 4.75111e-010
685	 6.8400000000e+002	 4.79836e-010
686	 6.8500000000e+002	 8.49101e-011
687	 6.8600000000e+002	 2.21404e-010
688	 6.8700000000e+002	 1.67690e-009
689	 6.8800000000e+002	 1.88356e-009
690	 6.8900000000e+002	 2.27427e-010
691	 6.9000000000e+002	 1.72981e-010
692	 6.9100000000e+002	 8.23106e-010
693	 6.9200000000e+002	 9.12882e-010
694	 6.9300000000e+002	 4.03650e-010
695	 6.9400000000e+002	 2.09813e-010
696	 6.9500000000e+002	 4.50537e-010
697	 6.9600000000e+002	 4.12616e-010
698	 6.9700000000e+002	 2.35387e-010
699	 6.9800000000e+002	 3.49690e-010
700	 6.9900000000e+002	 6.78570e-010
701	 7.0000000000e+002	 1.28241e-009
702	 7.0100000000e+002	 9.43994e-010
703	 7.0200000000e+002	 1.04291e-010
704	 7.0300000000e+002	 7.66366e-010
705	 7.0400000000e+002	 4.07151e-009
706	 7.0500000000e+002	 2.64594e-009
707	 7.0600000000e+002	 6.07173e-010
708	 7.0700000000e+002	 3.49213e-010
709	 7.0800000000e+002	 4.50838e-010
710	 7.0900000000e+002	 3.14245e-010
711	 7.1000000000e+002	 9.05422e-011
712	 7.1100000000e+002	 1.74969e-010
713	 7.1200000000e+002	 3.45403e-010
714	 7.1300000000e+002	 2.77893e-010
715	 7.1400000000e+002	 4.75692e-010
716	 7.1500000000e+002	 4.66637e-010
717	 7.1600000000e+002	 4.68245e-010
718	 7.1700000000e+002	 1.66892e-010
719	 7.1800000000e+002	 6.22161e-010
720	 7.1900000000e+002	 3.48970e-010
721	 7.2000000000e+002	 1.21142e-009
722	 7.2100000000e+002	 1.46266e-009
723	 7.2200000000e+002	 5.64253e-010
724	 7.2300000000e+002	 2.42709e-010
725	 7.2400000000e+002	 1.45103e-010
726	 7.2500000000e+002	 2.99710e-010
727	 7.2600000000e+002	 3.50208e-010
728	 7.2700000000e+002	 1.48064e-010
729	 7.2800000000e+002	 1.82072e-010
730	 7.2900000000e+002	 3.08468e-010
731	 7.3000000000e+002	 2.89193e-010
732	 7.3100000000e+002	 3.94940e-010
733	 7.3200000000e+002	 1.86273e-010
734	 7.3300000000e+002	 4.67454e-010
735	 7.3400000000e+002	 3.04714e-010
736	 7.3500000000e+002	 3.33774e-010
737	 7.3600000000e+002	 3.04284e-010
738	 7.3700000000e+002	 4.01471e-010
739	 7.3800000000e+002	 7.02057e-010
740	 7.3900000000e+002	 1.63820e-010
741	 7.4000000000e+002	 6.95074e-011
742	 7.4100000000e+002	 6.86979e-010
743	 7.4200000000e+002	 3.76986e-010
744	 7.4300000000e+002	 5.55532e-011
745	 7.4400000000e+002	 3.77258e-010
746	 7.4500000000e+002	 2.57412e-010
747	 7.4600000000e+002	 3.30166e-010
748	 7.4700000000e+002	 3.70637e-010
749	 7.4800000000e+002	 2.22217e-010
750	 7.4900000000e+002	 1.25094e-010
751	 7.5000000000e+002	 1.78250e-010
752	 7.5100000000e+002	 3.67968e-010
753	 7.5200000000e+002	 4.48167e-010
754	 7.5300000000e+002	 3.28717e-010
755	 7.5400000000e+002	 4.20790e-010
756	 7.5500000000e+002	 3.13588e-010
757	 7.5600000000e+002	 1.25855e-010
758	 7.5700000000e+002	 3.34805e-010
759	 7.5800000000e+002	 2.75923e-010
760	 7.5900000000e+002	 6.89945e-010
761	 7.6000000000e+002	 5.80148e-010
762	 7.6100000000e+002	 3.03032e-010
763	 7.6200000000e+002	 1.57979e-010
764	 7.6300000000e+002	 1.47077e-010
765	 7.6400000000e+002	 4.48624e-010
766	 7.6500000000e+002	 3.29776e-010
767	 7.6600000000e+002	 7.56018e-011
768	 7.6700000000e+002	 3.61772e-010
769	 7.6800000000e+002	 2.06822e-010
770	 7.6900000000e+002	 2.35167e-009
771	 7.7000000000e+002	 1.63913e-008
772	 7.7100000000e+002	 6.35898e-009
773	 7.7200000000e+002	 4.40715e-010
774	 7.7300000000e+002	 5.07481e-010
775	 7.7400000000e+002	 4.68051e-010
776	 7.7500000000e+002	 1.35356e-010
777	 7.7600000000e+002	 6.27270e-010
778	 7.7700000000e+002	 1.43548e-009
779	 7.7800000000e+002	 6.08111e-010
780	 7.7900000000e+002	 5.52381e-010
781	 7.8000000000e+002	 7.52092e-009
782	 7.8100000000e+002	 5.89942e-009
783	 7.8200000000e+002	 3.59126e-010
784	 7.8300000000e+002	 3.68210e-010
785	 7.8400000000e+002	 6.49473e-010
786	 7.8500000000e+002	 3.81426e-009
787	 7.8600000000e+002	 3.12797e-009
788	 7.8700000000e+002	 8.48419e-010
789	 7.8800000000e+002	 1.80218e-010
790	 7.8900000000e+002	 1.75368e-010
791	 7.9000000000e+002	 2.07234e-010
792	 7.9100000000e+002	 4.26382e-010
793	 7.9200000000e+002	 4.38014e-010
794	 7.9300000000e+002	 1.09445e-010
795	 7.9400000000e+002	 1.71162e-010
796	 7.9500000000e+002	 3.67317e-010
797	 7.9600000000e+002	 1.71566e-010
798	 7.9700000000e+002	 4.59679e-010
799	 7.9800000000e+002	 5.94829e-010
800	 7.9900000000e+002	 8.52327e-011
801	 8.0000000000e+002	 8.57401e-010
TagsBegin:	 	 
OverLoad:	 	False
AverageNumber: []	 	 2.00000e+000
OverLoadRatio: []	 	 1.19209e-007
TagsEnd:	 	 
TagScalesBegin:	 	 
TagScalesEnd:	 	 



Header Size:	 79	 
Pulse Version:	 80	 
Running Pulse Version:	PULSE LabShop  Version 21.0.0.671 - 2017-10-20	 
Decimal Symbol:	.	 
Date Format:	yyyy-MM-dd	 
Time Format:	HH:mm:ss:mmm	 
Data Type:	Real	 
Slice:	False	 
Z-Axis type:	Linear	 
Z-Axis size:	1	 
Z-Axis unit:	 	 
Z-Axis first value:	 0.0000000000e+000	 
Z-Axis delta:	 1.0000000000e+000	 
X-Axis type:	Linear	 
X-Axis size:	801	 
X-Axis unit:	Hz	 
X-Axis first value:	 0.0000000000e+000	 
X-Axis delta:	 1.0000000000e+000	 
	 	 
AmplitudeUnit:	N	 
Analyzer:	FFT_Spectrum_Averaging	 
AnalyzerName:	FFT	 
	 	 
	 	 
Bipolar:	False	 
CenterFrequency:	 4.0000000000e+002	 
	 	 
	 	 
	 	 
	 	 
	 	 
	 	 
	 	 
	 	 
Domain:	1	 
Function:	Autospectrum	 
	 	 
InputRange:	 4.4984255511e+001	 
	 	 
	 	 
MultiBufferName:	Input	 
NBW:	 1.5000000000e+000	 
	 	 
OverlapFailed:	False	 
Overrun:	False	 
Power:	True	 
PowerUnit:	N^2	 
	 	 
RecordLength:	 1.0000000000e+000	 
ReducedSize:	True	 
	 	 
	 	 
	 	 
	 	 
	 	 
SamplingRatio:	 2.5600000000e+000	 
Signal:	Force_1	 
	 	 
SignalUnit:	N	 
	 	 
	 	 
	 	 
Title:	Autospectrum(Force_1)	 
Title1:	Working : 1mVpp : Input : FFT	 
	 	 
	 	 
Weight:	0	 
ZoomOn:	False	 
	 	 
TemplateName:	Working	 
MeasurementName:	1mVpp	 
MeasurementSlice:	False	 
	 	 
DeltaFrequency:	 1.0000000000e+000	 
	 	 
EnvelopeOn:	False	 
	 	 
	 	 
	 	 
Z-index:	 	1
Date:	 	2025-03-07
Time:	 	17:02:05:603
Relative time:	 	 0.00000e+000
Z-axis:	 	 0.0000000000e+000
1	 0.0000000000e+000	 3.44322e-008
2	 1.0000000000e+000	 2.91106e-008
3	 2.0000000000e+000	 2.19324e-008
4	 3.0000000000e+000	 2.94466e-008
5	 4.0000000000e+000	 3.86341e-008
6	 5.0000000000e+000	 1.25872e-008
7	 6.0000000000e+000	 4.39993e-009
8	 7.0000000000e+000	 6.12270e-009
9	 8.0000000000e+000	 1.89080e-009
10	 9.0000000000e+000	 2.00671e-009
11	 1.0000000000e+001	 6.63197e-009
12	 1.1000000000e+001	 3.61049e-009
13	 1.2000000000e+001	 5.08750e-009
14	 1.3000000000e+001	 4.04445e-009
15	 1.4000000000e+001	 2.05699e-009
16	 1.5000000000e+001	 1.60045e-009
17	 1.6000000000e+001	 2.20153e-009
18	 1.7000000000e+001	 2.22636e-009
19	 1.8000000000e+001	 3.12096e-009
20	 1.9000000000e+001	 2.44521e-008
21	 2.0000000000e+001	 1.59688e-008
22	 2.1000000000e+001	 4.47955e-009
23	 2.2000000000e+001	 1.84883e-009
24	 2.3000000000e+001	 2.82503e-009
25	 2.4000000000e+001	 8.47785e-009
26	 2.5000000000e+001	 5.31081e-009
27	 2.6000000000e+001	 5.87422e-008
28	 2.7000000000e+001	 2.42419e-007
29	 2.8000000000e+001	 1.61851e-007
30	 2.9000000000e+001	 1.14549e-007
31	 3.0000000000e+001	 4.17490e-008
32	 3.1000000000e+001	 1.01742e-007
33	 3.2000000000e+001	 5.88873e-008
34	 3.3000000000e+001	 1.76006e-008
35	 3.4000000000e+001	 4.48307e-009
36	 3.5000000000e+001	 3.53055e-009
37	 3.6000000000e+001	 1.93670e-009
38	 3.7000000000e+001	 1.06437e-007
39	 3.8000000000e+001	 2.68410e-007
40	 3.9000000000e+001	 1.58149e-007
41	 4.0000000000e+001	 4.83784e-008
42	 4.1000000000e+001	 9.06530e-010
43	 4.2000000000e+001	 5.70432e-009
44	 4.3000000000e+001	 3.89796e-008
45	 4.4000000000e+001	 2.15822e-008
46	 4.5000000000e+001	 5.14165e-009
47	 4.6000000000e+001	 2.68845e-009
48	 4.7000000000e+001	 1.29958e-009
49	 4.8000000000e+001	 1.61329e-009
50	 4.9000000000e+001	 1.31719e-009
51	 5.0000000000e+001	 1.29282e-009
52	 5.1000000000e+001	 5.08120e-010
53	 5.2000000000e+001	 1.10940e-009
54	 5.3000000000e+001	 1.49257e-009
55	 5.4000000000e+001	 1.52299e-009
56	 5.5000000000e+001	 6.99548e-010
57	 5.6000000000e+001	 2.78847e-010
58	 5.7000000000e+001	 5.25735e-010
59	 5.8000000000e+001	 1.65510e-009
60	 5.9000000000e+001	 1.29714e-006
61	 6.0000000000e+001	 5.15320e-006
62	 6.1000000000e+001	 1.30928e-006
63	 6.2000000000e+001	 1.04867e-009
64	 6.3000000000e+001	 4.46748e-010
65	 6.4000000000e+001	 2.99024e-010
66	 6.5000000000e+001	 4.37208e-010
67	 6.6000000000e+001	 2.30088e-010
68	 6.7000000000e+001	 3.66698e-010
69	 6.8000000000e+001	 1.77110e-010
70	 6.9000000000e+001	 1.91487e-010
71	 7.0000000000e+001	 2.47172e-010
72	 7.1000000000e+001	 1.55742e-010
73	 7.2000000000e+001	 4.06100e-010
74	 7.3000000000e+001	 7.95350e-010
75	 7.4000000000e+001	 9.22074e-010
76	 7.5000000000e+001	 8.10342e-010
77	 7.6000000000e+001	 7.35786e-010
78	 7.7000000000e+001	 1.13522e-009
79	 7.8000000000e+001	 5.98697e-010
80	 7.9000000000e+001	 4.15024e-010
81	 8.0000000000e+001	 1.57437e-010
82	 8.1000000000e+001	 1.53424e-010
83	 8.2000000000e+001	 4.86530e-010
84	 8.3000000000e+001	 1.83335e-010
85	 8.4000000000e+001	 9.10398e-011
86	 8.5000000000e+001	 2.00065e-010
87	 8.6000000000e+001	 1.22757e-010
88	 8.7000000000e+001	 1.74502e-010
89	 8.8000000000e+001	 3.15377e-010
90	 8.9000000000e+001	 1.60783e-010
91	 9.0000000000e+001	 1.13201e-010
92	 9.1000000000e+001	 2.50125e-010
93	 9.2000000000e+001	 3.39160e-010
94	 9.3000000000e+001	 2.68267e-010
95	 9.4000000000e+001	 1.01259e-010
96	 9.5000000000e+001	 3.52855e-010
97	 9.6000000000e+001	 3.49303e-010
98	 9.7000000000e+001	 5.46508e-010
99	 9.8000000000e+001	 7.40743e-010
100	 9.9000000000e+001	 1.63070e-005
101	 1.0000000000e+002	 6.51349e-005
102	 1.0100000000e+002	 1.63148e-005
103	 1.0200000000e+002	 3.80197e-010
104	 1.0300000000e+002	 3.41150e-010
105	 1.0400000000e+002	 4.21962e-010
106	 1.0500000000e+002	 3.98788e-010
107	 1.0600000000e+002	 1.09326e-010
108	 1.0700000000e+002	 1.41157e-010
109	 1.0800000000e+002	 3.66025e-010
110	 1.0900000000e+002	 5.73043e-010
111	 1.1000000000e+002	 3.84804e-010
112	 1.1100000000e+002	 3.37013e-010
113	 1.1200000000e+002	 1.70596e-010
114	 1.1300000000e+002	 8.02949e-011
115	 1.1400000000e+002	 1.70058e-010
116	 1.1500000000e+002	 1.58428e-010
117	 1.1600000000e+002	 8.51482e-010
118	 1.1700000000e+002	 1.08526e-009
119	 1.1800000000e+002	 7.87857e-010
120	 1.1900000000e+002	 1.08519e-008
121	 1.2000000000e+002	 4.52571e-008
122	 1.2100000000e+002	 1.26248e-008
123	 1.2200000000e+002	 1.84554e-010
124	 1.2300000000e+002	 5.13651e-010
125	 1.2400000000e+002	 2.99252e-010
126	 1.2500000000e+002	 1.76093e-010
127	 1.2600000000e+002	 3.11292e-010
128	 1.2700000000e+002	 3.13928e-010
129	 1.2800000000e+002	 2.44854e-010
130	 1.2900000000e+002	 2.15776e-010
131	 1.3000000000e+002	 4.32962e-010
132	 1.3100000000e+002	 4.10331e-010
133	 1.3200000000e+002	 1.77228e-010
134	 1.3300000000e+002	 1.45475e-010
135	 1.3400000000e+002	 1.45266e-010
136	 1.3500000000e+002	 1.31070e-010
137	 1.3600000000e+002	 1.86395e-010
138	 1.3700000000e+002	 1.60772e-010
139	 1.3800000000e+002	 2.87941e-011
140	 1.3900000000e+002	 3.11952e-010
141	 1.4000000000e+002	 7.39231e-010
142	 1.4100000000e+002	 2.94188e-010
143	 1.4200000000e+002	 4.01451e-011
144	 1.4300000000e+002	 3.48163e-011
145	 1.4400000000e+002	 3.52165e-010
146	 1.4500000000e+002	 3.85067e-010
147	 1.4600000000e+002	 4.05991e-010
148	 1.4700000000e+002	 3.70201e-010
149	 1.4800000000e+002	 1.62594e-010
150	 1.4900000000e+002	 2.02297e-010
151	 1.5000000000e+002	 1.26160e-010
152	 1.5100000000e+002	 9.18487e-011
153	 1.5200000000e+002	 2.53721e-010
154	 1.5300000000e+002	 2.29012e-010
155	 1.5400000000e+002	 1.40497e-010
156	 1.5500000000e+002	 2.28957e-010
157	 1.5600000000e+002	 1.89809e-010
158	 1.5700000000e+002	 2.22041e-010
159	 1.5800000000e+002	 1.86430e-010
160	 1.5900000000e+002	 1.32186e-010
161	 1.6000000000e+002	 2.07940e-010
162	 1.6100000000e+002	 9.02739e-011
163	 1.6200000000e+002	 1.38530e-010
164	 1.6300000000e+002	 2.02469e-010
165	 1.6400000000e+002	 1.13012e-010
166	 1.6500000000e+002	 2.29214e-010
167	 1.6600000000e+002	 4.29365e-010
168	 1.6700000000e+002	 1.28679e-010
169	 1.6800000000e+002	 6.41582e-010
170	 1.6900000000e+002	 2.40021e-009
171	 1.7000000000e+002	 2.15568e-009
172	 1.7100000000e+002	 2.27409e-009
173	 1.7200000000e+002	 1.26556e-009
174	 1.7300000000e+002	 2.29836e-009
175	 1.7400000000e+002	 2.79154e-009
176	 1.7500000000e+002	 2.09876e-009
177	 1.7600000000e+002	 3.58797e-009
178	 1.7700000000e+002	 1.09272e-008
179	 1.7800000000e+002	 9.74884e-009
180	 1.7900000000e+002	 1.20393e-006
181	 1.8000000000e+002	 5.28742e-006
182	 1.8100000000e+002	 1.46862e-006
183	 1.8200000000e+002	 2.32366e-009
184	 1.8300000000e+002	 1.19508e-009
185	 1.8400000000e+002	 1.80877e-009
186	 1.8500000000e+002	 4.30909e-009
187	 1.8600000000e+002	 1.61193e-009
188	 1.8700000000e+002	 1.16977e-009
189	 1.8800000000e+002	 2.34864e-009
190	 1.8900000000e+002	 9.36410e-009
191	 1.9000000000e+002	 6.24110e-009
192	 1.9100000000e+002	 3.71498e-009
193	 1.9200000000e+002	 3.10639e-009
194	 1.9300000000e+002	 6.55609e-010
195	 1.9400000000e+002	 1.50762e-010
196	 1.9500000000e+002	 1.39193e-009
197	 1.9600000000e+002	 1.06277e-009
198	 1.9700000000e+002	 3.29903e-010
199	 1.9800000000e+002	 1.49006e-010
200	 1.9900000000e+002	 3.15249e-010
201	 2.0000000000e+002	 4.98717e-010
202	 2.0100000000e+002	 2.76885e-010
203	 2.0200000000e+002	 1.00493e-010
204	 2.0300000000e+002	 1.54172e-010
205	 2.0400000000e+002	 2.03686e-010
206	 2.0500000000e+002	 2.44137e-010
207	 2.0600000000e+002	 1.59545e-010
208	 2.0700000000e+002	 1.19113e-010
209	 2.0800000000e+002	 3.40055e-010
210	 2.0900000000e+002	 2.70211e-010
211	 2.1000000000e+002	 1.05400e-010
212	 2.1100000000e+002	 8.44453e-011
213	 2.1200000000e+002	 7.21019e-011
214	 2.1300000000e+002	 6.34866e-011
215	 2.1400000000e+002	 4.42526e-011
216	 2.1500000000e+002	 3.94199e-011
217	 2.1600000000e+002	 3.84693e-011
218	 2.1700000000e+002	 7.43492e-011
219	 2.1800000000e+002	 1.93487e-010
220	 2.1900000000e+002	 2.68598e-010
221	 2.2000000000e+002	 7.01589e-011
222	 2.2100000000e+002	 8.91317e-011
223	 2.2200000000e+002	 9.37558e-011
224	 2.2300000000e+002	 6.75565e-011
225	 2.2400000000e+002	 4.33087e-011
226	 2.2500000000e+002	 3.07173e-011
227	 2.2600000000e+002	 4.06612e-011
228	 2.2700000000e+002	 1.49830e-010
229	 2.2800000000e+002	 2.42100e-010
230	 2.2900000000e+002	 1.31558e-010
231	 2.3000000000e+002	 4.52264e-011
232	 2.3100000000e+002	 1.27815e-011
233	 2.3200000000e+002	 9.59946e-011
234	 2.3300000000e+002	 1.30512e-010
235	 2.3400000000e+002	 8.57963e-011
236	 2.3500000000e+002	 9.67900e-011
237	 2.3600000000e+002	 6.65561e-011
238	 2.3700000000e+002	 3.97438e-011
239	 2.3800000000e+002	 1.22452e-010
240	 2.3900000000e+002	 6.44089e-009
241	 2.4000000000e+002	 3.79735e-008
242	 2.4100000000e+002	 1.25302e-008
243	 2.4200000000e+002	 1.72467e-010
244	 2.4300000000e+002	 1.65183e-010
245	 2.4400000000e+002	 9.51560e-011
246	 2.4500000000e+002	 1.45020e-010
247	 2.4600000000e+002	 2.15405e-010
248	 2.4700000000e+002	 1.55856e-010
249	 2.4800000000e+002	 2.65439e-010
250	 2.4900000000e+002	 2.01532e-010
251	 2.5000000000e+002	 4.38889e-011
252	 2.5100000000e+002	 7.29822e-011
253	 2.5200000000e+002	 1.17607e-010
254	 2.5300000000e+002	 1.11266e-010
255	 2.5400000000e+002	 1.36420e-010
256	 2.5500000000e+002	 1.95359e-010
257	 2.5600000000e+002	 1.25138e-010
258	 2.5700000000e+002	 5.49131e-011
259	 2.5800000000e+002	 5.98004e-011
260	 2.5900000000e+002	 1.03910e-010
261	 2.6000000000e+002	 1.20952e-010
262	 2.6100000000e+002	 6.32193e-011
263	 2.6200000000e+002	 2.69208e-011
264	 2.6300000000e+002	 2.86363e-011
265	 2.6400000000e+002	 1.24472e-010
266	 2.6500000000e+002	 7.48962e-011
267	 2.6600000000e+002	 1.21588e-010
268	 2.6700000000e+002	 5.48634e-011
269	 2.6800000000e+002	 2.41072e-011
270	 2.6900000000e+002	 1.06333e-010
271	 2.7000000000e+002	 2.38092e-010
272	 2.7100000000e+002	 4.35679e-011
273	 2.7200000000e+002	 7.00542e-011
274	 2.7300000000e+002	 3.45697e-011
275	 2.7400000000e+002	 4.11231e-011
276	 2.7500000000e+002	 8.50102e-011
277	 2.7600000000e+002	 9.19290e-011
278	 2.7700000000e+002	 1.34324e-010
279	 2.7800000000e+002	 5.94817e-011
280	 2.7900000000e+002	 1.24629e-010
281	 2.8000000000e+002	 3.62780e-011
282	 2.8100000000e+002	 8.36807e-011
283	 2.8200000000e+002	 5.20326e-011
284	 2.8300000000e+002	 2.78859e-011
285	 2.8400000000e+002	 3.03164e-011
286	 2.8500000000e+002	 4.26504e-011
287	 2.8600000000e+002	 3.41422e-011
288	 2.8700000000e+002	 8.90118e-011
289	 2.8800000000e+002	 1.15426e-010
290	 2.8900000000e+002	 4.16853e-011
291	 2.9000000000e+002	 4.80553e-011
292	 2.9100000000e+002	 1.10020e-010
293	 2.9200000000e+002	 2.06873e-010
294	 2.9300000000e+002	 7.42401e-011
295	 2.9400000000e+002	 9.61047e-011
296	 2.9500000000e+002	 8.42823e-011
297	 2.9600000000e+002	 4.95610e-011
298	 2.9700000000e+002	 6.69952e-011
299	 2.9800000000e+002	 2.46110e-011
300	 2.9900000000e+002	 6.57801e-010
301	 3.0000000000e+002	 3.08316e-009
302	 3.0100000000e+002	 1.34433e-009
303	 3.0200000000e+002	 2.70386e-010
304	 3.0300000000e+002	 3.17946e-010
305	 3.0400000000e+002	 6.55390e-011
306	 3.0500000000e+002	 7.38141e-011
307	 3.0600000000e+002	 1.25416e-010
308	 3.0700000000e+002	 1.36416e-010
309	 3.0800000000e+002	 1.53915e-010
310	 3.0900000000e+002	 9.80840e-011
311	 3.1000000000e+002	 7.71218e-011
312	 3.1100000000e+002	 3.75695e-011
313	 3.1200000000e+002	 1.94000e-011
314	 3.1300000000e+002	 7.82091e-011
315	 3.1400000000e+002	 5.50761e-011
316	 3.1500000000e+002	 2.99831e-011
317	 3.1600000000e+002	 8.40932e-011
318	 3.1700000000e+002	 1.69587e-010
319	 3.1800000000e+002	 1.94147e-010
320	 3.1900000000e+002	 9.09129e-011
321	 3.2000000000e+002	 3.51753e-011
322	 3.2100000000e+002	 1.32406e-010
323	 3.2200000000e+002	 2.62141e-010
324	 3.2300000000e+002	 1.88778e-010
325	 3.2400000000e+002	 8.74738e-010
326	 3.2500000000e+002	 1.07872e-009
327	 3.2600000000e+002	 1.74416e-010
328	 3.2700000000e+002	 1.34933e-010
329	 3.2800000000e+002	 5.48591e-011
330	 3.2900000000e+002	 1.74745e-010
331	 3.3000000000e+002	 6.50801e-011
332	 3.3100000000e+002	 9.22411e-011
333	 3.3200000000e+002	 8.78319e-011
334	 3.3300000000e+002	 5.69988e-011
335	 3.3400000000e+002	 3.40450e-011
336	 3.3500000000e+002	 7.60964e-011
337	 3.3600000000e+002	 2.03368e-010
338	 3.3700000000e+002	 1.62580e-010
339	 3.3800000000e+002	 9.20143e-011
340	 3.3900000000e+002	 6.09774e-011
341	 3.4000000000e+002	 2.94020e-011
342	 3.4100000000e+002	 3.38640e-011
343	 3.4200000000e+002	 2.64621e-011
344	 3.4300000000e+002	 8.07896e-011
345	 3.4400000000e+002	 7.72181e-011
346	 3.4500000000e+002	 6.51656e-011
347	 3.4600000000e+002	 3.42740e-011
348	 3.4700000000e+002	 4.35973e-012
349	 3.4800000000e+002	 1.44698e-011
350	 3.4900000000e+002	 2.82410e-011
351	 3.5000000000e+002	 3.25686e-011
352	 3.5100000000e+002	 9.86801e-012
353	 3.5200000000e+002	 3.48548e-011
354	 3.5300000000e+002	 7.78714e-011
355	 3.5400000000e+002	 6.90236e-011
356	 3.5500000000e+002	 8.15696e-011
357	 3.5600000000e+002	 6.91135e-011
358	 3.5700000000e+002	 3.66291e-011
359	 3.5800000000e+002	 1.77116e-011
360	 3.5900000000e+002	 9.35196e-010
361	 3.6000000000e+002	 5.29728e-009
362	 3.6100000000e+002	 1.76492e-009
363	 3.6200000000e+002	 1.38858e-011
364	 3.6300000000e+002	 1.09776e-011
365	 3.6400000000e+002	 4.12942e-011
366	 3.6500000000e+002	 4.52128e-011
367	 3.6600000000e+002	 5.34213e-011
368	 3.6700000000e+002	 2.93450e-011
369	 3.6800000000e+002	 1.03453e-010
370	 3.6900000000e+002	 1.31461e-010
371	 3.7000000000e+002	 3.11517e-011
372	 3.7100000000e+002	 3.32063e-011
373	 3.7200000000e+002	 6.62258e-011
374	 3.7300000000e+002	 3.34718e-011
375	 3.7400000000e+002	 7.10793e-011
376	 3.7500000000e+002	 7.76596e-011
377	 3.7600000000e+002	 4.10628e-011
378	 3.7700000000e+002	 3.24819e-011
379	 3.7800000000e+002	 5.13294e-011
380	 3.7900000000e+002	 7.21501e-011
381	 3.8000000000e+002	 1.05463e-010
382	 3.8100000000e+002	 3.19752e-011
383	 3.8200000000e+002	 5.84819e-011
384	 3.8300000000e+002	 9.61514e-011
385	 3.8400000000e+002	 8.94216e-011
386	 3.8500000000e+002	 3.31538e-011
387	 3.8600000000e+002	 4.22045e-011
388	 3.8700000000e+002	 7.37566e-011
389	 3.8800000000e+002	 1.05379e-010
390	 3.8900000000e+002	 8.84420e-011
391	 3.9000000000e+002	 8.67106e-011
392	 3.9100000000e+002	 2.73710e-011
393	 3.9200000000e+002	 1.15513e-011
394	 3.9300000000e+002	 2.19431e-011
395	 3.9400000000e+002	 5.77547e-011
396	 3.9500000000e+002	 4.41154e-011
397	 3.9600000000e+002	 6.68259e-011
398	 3.9700000000e+002	 7.76538e-011
399	 3.9800000000e+002	 4.13142e-011
400	 3.9900000000e+002	 4.25301e-011
401	 4.0000000000e+002	 3.54842e-011
402	 4.0100000000e+002	 2.64867e-011
403	 4.0200000000e+002	 4.07809e-011
404	 4.0300000000e+002	 8.49820e-011
405	 4.0400000000e+002	 4.37810e-011
406	 4.0500000000e+002	 5.36653e-011
407	 4.0600000000e+002	 7.49467e-011
408	 4.0700000000e+002	 3.48998e-011
409	 4.0800000000e+002	 2.04739e-011
410	 4.0900000000e+002	 3.12700e-011
411	 4.1000000000e+002	 1.38291e-010
412	 4.1100000000e+002	 1.69361e-010
413	 4.1200000000e+002	 3.30330e-011
414	 4.1300000000e+002	 1.68062e-011
415	 4.1400000000e+002	 1.54123e-011
416	 4.1500000000e+002	 1.25634e-010
417	 4.1600000000e+002	 6.23010e-011
418	 4.1700000000e+002	 5.31434e-011
419	 4.1800000000e+002	 1.24252e-011
420	 4.1900000000e+002	 4.96179e-011
421	 4.2000000000e+002	 4.91089e-010
422	 4.2100000000e+002	 5.08812e-010
423	 4.2200000000e+002	 1.17343e-010
424	 4.2300000000e+002	 5.36732e-011
425	 4.2400000000e+002	 5.37714e-011
426	 4.2500000000e+002	 2.95912e-011
427	 4.2600000000e+002	 3.35972e-011
428	 4.2700000000e+002	 2.44722e-011
429	 4.2800000000e+002	 4.83946e-011
430	 4.2900000000e+002	 2.43406e-011
431	 4.3000000000e+002	 2.85150e-011
432	 4.3100000000e+002	 6.43645e-011
433	 4.3200000000e+002	 6.46826e-011
434	 4.3300000000e+002	 5.96208e-011
435	 4.3400000000e+002	 6.10537e-011
436	 4.3500000000e+002	 4.61105e-011
437	 4.3600000000e+002	 2.69559e-011
438	 4.3700000000e+002	 6.86016e-011
439	 4.3800000000e+002	 6.50133e-011
440	 4.3900000000e+002	 2.99789e-011
441	 4.4000000000e+002	 4.04090e-011
442	 4.4100000000e+002	 6.31965e-011
443	 4.4200000000e+002	 3.94575e-011
444	 4.4300000000e+002	 1.75993e-011
445	 4.4400000000e+002	 2.24804e-011
446	 4.4500000000e+002	 3.95387e-011
447	 4.4600000000e+002	 8.53903e-011
448	 4.4700000000e+002	 1.15605e-010
449	 4.4800000000e+002	 7.26901e-011
450	 4.4900000000e+002	 4.39332e-011
451	 4.5000000000e+002	 1.22324e-011
452	 4.5100000000e+002	 1.86031e-011
453	 4.5200000000e+002	 4.00346e-011
454	 4.5300000000e+002	 4.24197e-011
455	 4.5400000000e+002	 4.49162e-011
456	 4.5500000000e+002	 7.27039e-011
457	 4.5600000000e+002	 4.31179e-011
458	 4.5700000000e+002	 3.46264e-011
459	 4.5800000000e+002	 5.54484e-011
460	 4.5900000000e+002	 4.02668e-011
461	 4.6000000000e+002	 4.61998e-011
462	 4.6100000000e+002	 5.76518e-011
463	 4.6200000000e+002	 4.44109e-011
464	 4.6300000000e+002	 3.04902e-011
465	 4.6400000000e+002	 7.75009e-011
466	 4.6500000000e+002	 1.02094e-010
467	 4.6600000000e+002	 1.27462e-010
468	 4.6700000000e+002	 5.92700e-011
469	 4.6800000000e+002	 8.49886e-012
470	 4.6900000000e+002	 5.75406e-011
471	 4.7000000000e+002	 9.21844e-011
472	 4.7100000000e+002	 7.61940e-011
473	 4.7200000000e+002	 7.01909e-011
474	 4.7300000000e+002	 3.61002e-011
475	 4.7400000000e+002	 1.06677e-011
476	 4.7500000000e+002	 3.05684e-011
477	 4.7600000000e+002	 2.35916e-011
478	 4.7700000000e+002	 9.50877e-012
479	 4.7800000000e+002	 5.60406e-011
480	 4.7900000000e+002	 6.58098e-010
481	 4.8000000000e+002	 2.75198e-009
482	 4.8100000000e+002	 8.55478e-010
483	 4.8200000000e+002	 3.98402e-011
484	 4.8300000000e+002	 6.61020e-011
485	 4.8400000000e+002	 4.02586e-011
486	 4.8500000000e+002	 2.23283e-011
487	 4.8600000000e+002	 3.36172e-011
488	 4.8700000000e+002	 1.75806e-011
489	 4.8800000000e+002	 1.55680e-011
490	 4.8900000000e+002	 1.42917e-011
491	 4.9000000000e+002	 3.51599e-011
492	 4.9100000000e+002	 8.35408e-011
493	 4.9200000000e+002	 4.01875e-010
494	 4.9300000000e+002	 2.03288e-010
495	 4.9400000000e+002	 7.07798e-011
496	 4.9500000000e+002	 4.98744e-011
497	 4.9600000000e+002	 5.20894e-011
498	 4.9700000000e+002	 2.44225e-011
499	 4.9800000000e+002	 9.81771e-011
500	 4.9900000000e+002	 1.93231e-010
501	 5.0000000000e+002	 6.83316e-011
502	 5.0100000000e+002	 2.49789e-011
503	 5.0200000000e+002	 9.18672e-011
504	 5.0300000000e+002	 2.82613e-011
505	 5.0400000000e+002	 2.44664e-011
506	 5.0500000000e+002	 2.02673e-011
507	 5.0600000000e+002	 8.92224e-011
508	 5.0700000000e+002	 5.44227e-011
509	 5.0800000000e+002	 2.45839e-011
510	 5.0900000000e+002	 2.43535e-011
511	 5.1000000000e+002	 5.03556e-011
512	 5.1100000000e+002	 8.09311e-011
513	 5.1200000000e+002	 4.48875e-011
514	 5.1300000000e+002	 1.77938e-011
515	 5.1400000000e+002	 3.22668e-011
516	 5.1500000000e+002	 1.76706e-011
517	 5.1600000000e+002	 6.79303e-011
518	 5.1700000000e+002	 3.53662e-011
519	 5.1800000000e+002	 4.79992e-011
520	 5.1900000000e+002	 5.40668e-011
521	 5.2000000000e+002	 4.72102e-011
522	 5.2100000000e+002	 2.26193e-011
523	 5.2200000000e+002	 2.89173e-011
524	 5.2300000000e+002	 2.49106e-011
525	 5.2400000000e+002	 7.14893e-011
526	 5.2500000000e+002	 1.42369e-010
527	 5.2600000000e+002	 7.07405e-011
528	 5.2700000000e+002	 2.31090e-011
529	 5.2800000000e+002	 3.91018e-011
530	 5.2900000000e+002	 5.87966e-011
531	 5.3000000000e+002	 6.82605e-011
532	 5.3100000000e+002	 2.63448e-011
533	 5.3200000000e+002	 1.23655e-011
534	 5.3300000000e+002	 4.08730e-011
535	 5.3400000000e+002	 3.21911e-011
536	 5.3500000000e+002	 8.98875e-012
537	 5.3600000000e+002	 1.42704e-011
538	 5.3700000000e+002	 2.25008e-011
539	 5.3800000000e+002	 1.96269e-011
540	 5.3900000000e+002	 1.14982e-010
541	 5.4000000000e+002	 2.62310e-010
542	 5.4100000000e+002	 8.84162e-011
543	 5.4200000000e+002	 2.14539e-011
544	 5.4300000000e+002	 3.28940e-011
545	 5.4400000000e+002	 4.05944e-011
546	 5.4500000000e+002	 1.55318e-010
547	 5.4600000000e+002	 7.34015e-011
548	 5.4700000000e+002	 3.23396e-011
549	 5.4800000000e+002	 2.92613e-011
550	 5.4900000000e+002	 4.06935e-011
551	 5.5000000000e+002	 3.63990e-011
552	 5.5100000000e+002	 1.97441e-011
553	 5.5200000000e+002	 1.44632e-011
554	 5.5300000000e+002	 4.90159e-011
555	 5.5400000000e+002	 1.91468e-011
556	 5.5500000000e+002	 3.69224e-011
557	 5.5600000000e+002	 1.15952e-010
558	 5.5700000000e+002	 1.54427e-010
559	 5.5800000000e+002	 5.25409e-011
560	 5.5900000000e+002	 8.95489e-011
561	 5.6000000000e+002	 6.11280e-011
562	 5.6100000000e+002	 1.62379e-011
563	 5.6200000000e+002	 6.17297e-012
564	 5.6300000000e+002	 9.31313e-011
565	 5.6400000000e+002	 9.22500e-011
566	 5.6500000000e+002	 1.45202e-011
567	 5.6600000000e+002	 1.61202e-011
568	 5.6700000000e+002	 2.51793e-011
569	 5.6800000000e+002	 4.16509e-011
570	 5.6900000000e+002	 1.95441e-011
571	 5.7000000000e+002	 5.77859e-011
572	 5.7100000000e+002	 6.80202e-011
573	 5.7200000000e+002	 2.97711e-011
574	 5.7300000000e+002	 4.47409e-011
575	 5.7400000000e+002	 3.53711e-011
576	 5.7500000000e+002	 3.51651e-011
577	 5.7600000000e+002	 7.22877e-011
578	 5.7700000000e+002	 2.72667e-011
579	 5.7800000000e+002	 3.26457e-011
580	 5.7900000000e+002	 5.07360e-011
581	 5.8000000000e+002	 2.12110e-011
582	 5.8100000000e+002	 3.69015e-011
583	 5.8200000000e+002	 2.24634e-011
584	 5.8300000000e+002	 2.34878e-011
585	 5.8400000000e+002	 3.21238e-011
586	 5.8500000000e+002	 3.95092e-011
587	 5.8600000000e+002	 1.01379e-011
588	 5.8700000000e+002	 1.11613e-011
589	 5.8800000000e+002	 2.75839e-011
590	 5.8900000000e+002	 3.30219e-011
591	 5.9000000000e+002	 2.17853e-011
592	 5.9100000000e+002	 1.00687e-011
593	 5.9200000000e+002	 4.62617e-011
594	 5.9300000000e+002	 7.88228e-011
595	 5.9400000000e+002	 4.67993e-011
596	 5.9500000000e+002	 4.19446e-011
597	 5.9600000000e+002	 1.37653e-011
598	 5.9700000000e+002	 1.49585e-011
599	 5.9800000000e+002	 1.79411e-011
600	 5.9900000000e+002	 6.25595e-011
601	 6.0000000000e+002	 4.89310e-010
602	 6.0100000000e+002	 2.32870e-010
603	 6.0200000000e+002	 1.07205e-011
604	 6.0300000000e+002	 1.29230e-011
605	 6.0400000000e+002	 1.77614e-011
606	 6.0500000000e+002	 7.52019e-011
607	 6.0600000000e+002	 6.59961e-011
608	 6.0700000000e+002	 3.61998e-011
609	 6.0800000000e+002	 2.02416e-011
610	 6.0900000000e+002	 5.76567e-011
611	 6.1000000000e+002	 7.43827e-011
612	 6.1100000000e+002	 3.63966e-011
613	 6.1200000000e+002	 1.72000e-011
614	 6.1300000000e+002	 3.13756e-011
615	 6.1400000000e+002	 3.03907e-011
616	 6.1500000000e+002	 1.94065e-011
617	 6.1600000000e+002	 5.83169e-011
618	 6.1700000000e+002	 4.56244e-011
619	 6.1800000000e+002	 8.45908e-011
620	 6.1900000000e+002	 4.57912e-011
621	 6.2000000000e+002	 5.49657e-011
622	 6.2100000000e+002	 1.85393e-011
623	 6.2200000000e+002	 6.62344e-011
624	 6.2300000000e+002	 6.91407e-011
625	 6.2400000000e+002	 1.12350e-011
626	 6.2500000000e+002	 1.20468e-011
627	 6.2600000000e+002	 4.04105e-011
628	 6.2700000000e+002	 9.31910e-011
629	 6.2800000000e+002	 5.71584e-011
630	 6.2900000000e+002	 5.46719e-011
631	 6.3000000000e+002	 4.12331e-011
632	 6.3100000000e+002	 2.38202e-011
633	 6.3200000000e+002	 1.21824e-011
634	 6.3300000000e+002	 2.08124e-011
635	 6.3400000000e+002	 1.22089e-010
636	 6.3500000000e+002	 1.18912e-010
637	 6.3600000000e+002	 5.45085e-011
638	 6.3700000000e+002	 1.65767e-011
639	 6.3800000000e+002	 7.34402e-011
640	 6.3900000000e+002	 8.63047e-011
641	 6.4000000000e+002	 8.02420e-011
642	 6.4100000000e+002	 1.40262e-010
643	 6.4200000000e+002	 3.26348e-010
644	 6.4300000000e+002	 4.27588e-010
645	 6.4400000000e+002	 1.64851e-010
646	 6.4500000000e+002	 7.85062e-011
647	 6.4600000000e+002	 6.84649e-011
648	 6.4700000000e+002	 2.01575e-011
649	 6.4800000000e+002	 3.80686e-011
650	 6.4900000000e+002	 3.01488e-011
651	 6.5000000000e+002	 2.94437e-010
652	 6.5100000000e+002	 2.45024e-010
653	 6.5200000000e+002	 3.55539e-011
654	 6.5300000000e+002	 4.98452e-011
655	 6.5400000000e+002	 3.51380e-011
656	 6.5500000000e+002	 3.38144e-011
657	 6.5600000000e+002	 5.85237e-011
658	 6.5700000000e+002	 4.81254e-011
659	 6.5800000000e+002	 6.72649e-011
660	 6.5900000000e+002	 6.40465e-011
661	 6.6000000000e+002	 4.48812e-011
662	 6.6100000000e+002	 1.97992e-011
663	 6.6200000000e+002	 9.93150e-012
664	 6.6300000000e+002	 8.02884e-011
665	 6.6400000000e+002	 9.16255e-011
666	 6.6500000000e+002	 7.56368e-011
667	 6.6600000000e+002	 3.74854e-011
668	 6.6700000000e+002	 3.07219e-011
669	 6.6800000000e+002	 6.71601e-011
670	 6.6900000000e+002	 5.68774e-011
671	 6.7000000000e+002	 6.47113e-011
672	 6.7100000000e+002	 3.85156e-011
673	 6.7200000000e+002	 4.21681e-011
674	 6.7300000000e+002	 3.72208e-011
675	 6.7400000000e+002	 2.03419e-011
676	 6.7500000000e+002	 3.37977e-011
677	 6.7600000000e+002	 1.60332e-011
678	 6.7700000000e+002	 1.32699e-011
679	 6.7800000000e+002	 2.12935e-011
680	 6.7900000000e+002	 3.11902e-011
681	 6.8000000000e+002	 3.35861e-011
682	 6.8100000000e+002	 2.75625e-011
683	 6.8200000000e+002	 4.13289e-011
684	 6.8300000000e+002	 7.20226e-012
685	 6.8400000000e+002	 3.05452e-011
686	 6.8500000000e+002	 2.60650e-011
687	 6.8600000000e+002	 1.86336e-011
688	 6.8700000000e+002	 6.00022e-011
689	 6.8800000000e+002	 7.16345e-011
690	 6.8900000000e+002	 9.97959e-012
691	 6.9000000000e+002	 2.77006e-011
692	 6.9100000000e+002	 5.35162e-011
693	 6.9200000000e+002	 8.17523e-011
694	 6.9300000000e+002	 8.02384e-011
695	 6.9400000000e+002	 7.31073e-011
696	 6.9500000000e+002	 2.47972e-011
697	 6.9600000000e+002	 1.70991e-011
698	 6.9700000000e+002	 4.24352e-011
699	 6.9800000000e+002	 7.66549e-011
700	 6.9900000000e+002	 9.66573e-011
701	 7.0000000000e+002	 5.21521e-011
702	 7.0100000000e+002	 3.76412e-011
703	 7.0200000000e+002	 3.44648e-011
704	 7.0300000000e+002	 2.47142e-011
705	 7.0400000000e+002	 2.13390e-011
706	 7.0500000000e+002	 1.03224e-011
707	 7.0600000000e+002	 4.16293e-011
708	 7.0700000000e+002	 2.80644e-011
709	 7.0800000000e+002	 1.80143e-011
710	 7.0900000000e+002	 2.50316e-011
711	 7.1000000000e+002	 3.90784e-011
712	 7.1100000000e+002	 2.34610e-011
713	 7.1200000000e+002	 8.55581e-012
714	 7.1300000000e+002	 2.13695e-011
715	 7.1400000000e+002	 2.58256e-011
716	 7.1500000000e+002	 1.09299e-011
717	 7.1600000000e+002	 2.32161e-011
718	 7.1700000000e+002	 7.79803e-011
719	 7.1800000000e+002	 3.74521e-011
720	 7.1900000000e+002	 2.52847e-011
721	 7.2000000000e+002	 3.82827e-011
722	 7.2100000000e+002	 2.54866e-011
723	 7.2200000000e+002	 1.40959e-011
724	 7.2300000000e+002	 2.04342e-011
725	 7.2400000000e+002	 3.24277e-011
726	 7.2500000000e+002	 6.24482e-012
727	 7.2600000000e+002	 2.93667e-011
728	 7.2700000000e+002	 6.48235e-011
729	 7.2800000000e+002	 4.38705e-011
730	 7.2900000000e+002	 4.98929e-011
731	 7.3000000000e+002	 2.82151e-011
732	 7.3100000000e+002	 2.46308e-011
733	 7.3200000000e+002	 1.09819e-011
734	 7.3300000000e+002	 1.18666e-011
735	 7.3400000000e+002	 7.99987e-012
736	 7.3500000000e+002	 7.40494e-012
737	 7.3600000000e+002	 1.30121e-011
738	 7.3700000000e+002	 2.76800e-011
739	 7.3800000000e+002	 4.23937e-011
740	 7.3900000000e+002	 3.10596e-011
741	 7.4000000000e+002	 1.69845e-011
742	 7.4100000000e+002	 1.17487e-011
743	 7.4200000000e+002	 2.74933e-011
744	 7.4300000000e+002	 2.51093e-011
745	 7.4400000000e+002	 1.78894e-011
746	 7.4500000000e+002	 3.24937e-011
747	 7.4600000000e+002	 1.99766e-011
748	 7.4700000000e+002	 5.15563e-012
749	 7.4800000000e+002	 2.07463e-011
750	 7.4900000000e+002	 2.01732e-011
751	 7.5000000000e+002	 2.01998e-011
752	 7.5100000000e+002	 8.08474e-012
753	 7.5200000000e+002	 1.30766e-011
754	 7.5300000000e+002	 8.92973e-012
755	 7.5400000000e+002	 1.10276e-011
756	 7.5500000000e+002	 1.50213e-011
757	 7.5600000000e+002	 4.04064e-011
758	 7.5700000000e+002	 6.48481e-011
759	 7.5800000000e+002	 5.67844e-011
760	 7.5900000000e+002	 2.62663e-011
761	 7.6000000000e+002	 1.70795e-011
762	 7.6100000000e+002	 3.52228e-011
763	 7.6200000000e+002	 4.40732e-011
764	 7.6300000000e+002	 2.19641e-011
765	 7.6400000000e+002	 8.82791e-012
766	 7.6500000000e+002	 3.13447e-011
767	 7.6600000000e+002	 2.63098e-011
768	 7.6700000000e+002	 2.05181e-011
769	 7.6800000000e+002	 3.19294e-011
770	 7.6900000000e+002	 4.77534e-011
771	 7.7000000000e+002	 1.59679e-011
772	 7.7100000000e+002	 2.06021e-011
773	 7.7200000000e+002	 3.08006e-011
774	 7.7300000000e+002	 1.45778e-011
775	 7.7400000000e+002	 4.09464e-011
776	 7.7500000000e+002	 3.53637e-011
777	 7.7600000000e+002	 4.21880e-011
778	 7.7700000000e+002	 6.32650e-011
779	 7.7800000000e+002	 6.94038e-011
780	 7.7900000000e+002	 7.76059e-011
781	 7.8000000000e+002	 2.41262e-010
782	 7.8100000000e+002	 9.42717e-011
783	 7.8200000000e+002	 2.37652e-011
784	 7.8300000000e+002	 1.40558e-011
785	 7.8400000000e+002	 7.25282e-012
786	 7.8500000000e+002	 1.86378e-011
787	 7.8600000000e+002	 5.95932e-011
788	 7.8700000000e+002	 5.48739e-011
789	 7.8800000000e+002	 4.50387e-011
790	 7.8900000000e+002	 9.67116e-011
791	 7.9000000000e+002	 7.28837e-011
792	 7.9100000000e+002	 3.92286e-011
793	 7.9200000000e+002	 9.62444e-012
794	 7.9300000000e+002	 4.40519e-012
795	 7.9400000000e+002	 3.17794e-011
796	 7.9500000000e+002	 3.82818e-011
797	 7.9600000000e+002	 1.78869e-011
798	 7.9700000000e+002	 1.22344e-011
799	 7.9800000000e+002	 3.97210e-011
800	 7.9900000000e+002	 4.17770e-011
801	 8.0000000000e+002	 2.48510e-011
TagsBegin:	 	 
OverLoad:	 	False
AverageNumber: []	 	 2.00000e+000
OverLoadRatio: []	 	 1.19209e-007
TagsEnd:	 	 
TagScalesBegin:	 	 
TagScalesEnd:	 	 



